{
  "merge_prob": 0.9605118504736214,
  "adhesion": 0.9103747246260201,
  "fragment_rate": 0.005531532472407928,
  "heading_sigma": 0.5091492173241192,
  "dist_s": 0.5040679909738464,
  "dist_scale": 3.6915221066863384,
  "init_n_clusters": 1019.0
}
