S0,S1,S2,NND_med,g_r40,g_r80
353.5,4.852899576,59.69306931,41.61939886,0.818548248,0.8742074
