{
    "best_model": "Weibull",
    "params": [
        1.0223150901742626,
        0,
        15.16154532749946
    ],
    "ks": 0.04906419480495955
}