{
    "Log-normal": {
        "params": [
            1.10489517814701,
            0,
            8.902414288302912
        ],
        "ks": 0.06345775654507846
    },
    "Gamma": {
        "params": [
            1.0931611026188348,
            0,
            13.734671567756212
        ],
        "ks": 0.05714113968620693
    },
    "Weibull": {
        "params": [
            1.0223150901742626,
            0,
            15.16154532749946
        ],
        "ks": 0.04906419480495955
    },
    "Normal": {
        "params": [
            15.014208715115942,
            15.872556775883044
        ],
        "ks": 0.18113075243588977
    },
    "Exponential": {
        "params": [
            0.553289177,
            14.460919538115942
        ],
        "ks": 0.051552321767063425
    },
    "Logistic": {
        "params": [
            12.388107708610095,
            7.538658175138335
        ],
        "ks": 0.17223293511276505
    },
    "Cauchy": {
        "params": [
            8.363740250453883,
            5.942142872807573
        ],
        "ks": 0.2070202944550533
    }
}