{
  "merge_prob": 0.8386509165789625,
  "adhesion": 0.7551528459057028,
  "fragment_rate": 0.0006453048236079131,
  "heading_sigma": 0.3711330789559916,
  "init_n_clusters": 964.0,
  "dist_s": 0.6604240988135287,
  "dist_scale": 3.4692116499529684
}
