p,a,y_win_grid
0.1,0.5,2.3336281860922905e-05
0.10756302521008404,0.5,2.424419296829328e-05
0.11512605042016807,0.5,2.5152104075663658e-05
0.12268907563025211,0.5,2.606001518303403e-05
0.13025210084033614,0.5,2.6967926290404407e-05
0.13781512605042018,0.5,2.7875837397774783e-05
0.1453781512605042,0.5,2.878374850514516e-05
0.15294117647058825,0.5,2.969165961251553e-05
0.16050420168067228,0.5,3.059957071988591e-05
0.16806722689075632,0.5,3.1507481827256284e-05
0.17563025210084032,0.5,3.241539293462665e-05
0.18319327731092439,0.5,3.3323304041997036e-05
0.1907563025210084,0.5,3.42312151493674e-05
0.19831932773109245,0.5,3.513912625673778e-05
0.20588235294117646,0.5,3.573809448879356e-05
0.21344537815126052,0.5,3.624879332790232e-05
0.22100840336134453,0.5,3.675949216701108e-05
0.22857142857142856,0.5,3.7270191006119837e-05
0.2361344537815126,0.5,3.77808898452286e-05
0.24369747899159663,0.5,3.829158868433736e-05
0.25126050420168067,0.5,3.880228752344611e-05
0.2588235294117647,0.5,3.9312986362554865e-05
0.26638655462184874,0.5,3.9823685201663625e-05
0.2739495798319328,0.5,4.0334384040772386e-05
0.2815126050420168,0.5,4.0845082879881146e-05
0.2890756302521008,0.5,4.13557817189899e-05
0.2966386554621849,0.5,4.186648055809866e-05
0.30420168067226894,0.5,4.22538453033992e-05
0.31176470588235294,0.5,4.254254277365318e-05
0.31932773109243695,0.5,4.2831240243907156e-05
0.326890756302521,0.5,4.3119937714161127e-05
0.3344537815126051,0.5,4.3408635184415104e-05
0.3420168067226891,0.5,4.3697332654669075e-05
0.3495798319327731,0.5,4.398603012492305e-05
0.3571428571428571,0.5,4.427472759517703e-05
0.3647058823529412,0.5,4.4563425065431014e-05
0.3722689075630252,0.5,4.4852122535684985e-05
0.3798319327731092,0.5,4.514082000593896e-05
0.38739495798319323,0.5,4.542951747619293e-05
0.39495798319327735,0.5,4.571821494644691e-05
0.40252100840336136,0.5,4.5971729355379244e-05
0.41008403361344536,0.5,4.6154877641668296e-05
0.41764705882352937,0.5,4.6338025927957354e-05
0.4252100840336135,0.5,4.6521174214246406e-05
0.4327731092436975,0.5,4.670432250053546e-05
0.4403361344537815,0.5,4.688747078682451e-05
0.4478991596638655,0.5,4.7070619073113555e-05
0.4554621848739496,0.5,4.725376735940261e-05
0.46302521008403363,0.5,4.7436915645691665e-05
0.47058823529411764,0.5,4.762006393198071e-05
0.47815126050420165,0.5,4.780321221826977e-05
0.48571428571428577,0.5,4.798636050455882e-05
0.49327731092436977,0.5,4.816950879084787e-05
0.5008403361344538,0.5,4.833621729914491e-05
0.5084033613445378,0.5,4.837140758350584e-05
0.5159663865546219,0.5,4.840659786786677e-05
0.5235294117647059,0.5,4.84417881522277e-05
0.5310924369747899,0.5,4.847697843658863e-05
0.5386554621848739,0.5,4.851216872094956e-05
0.546218487394958,0.5,4.8547359005310487e-05
0.553781512605042,0.5,4.858254928967142e-05
0.561344537815126,0.5,4.8617739574032345e-05
0.5689075630252101,0.5,4.8652929858393274e-05
0.5764705882352942,0.5,4.868812014275421e-05
0.5840336134453782,0.5,4.872331042711513e-05
0.5915966386554622,0.5,4.875850071147606e-05
0.5991596638655462,0.5,4.879369099583699e-05
0.6067226890756302,0.5,4.891986142615405e-05
0.6142857142857142,0.5,4.9057404374715626e-05
0.6218487394957983,0.5,4.91949473232772e-05
0.6294117647058823,0.5,4.933249027183877e-05
0.6369747899159663,0.5,4.947003322040035e-05
0.6445378151260504,0.5,4.960757616896192e-05
0.6521008403361345,0.5,4.9745119117523495e-05
0.6596638655462185,0.5,4.988266206608507e-05
0.6672268907563025,0.5,5.002020501464664e-05
0.6747899159663865,0.5,5.0157747963208216e-05
0.6823529411764706,0.5,5.029529091176979e-05
0.6899159663865546,0.5,5.0432833860331364e-05
0.6974789915966386,0.5,5.057037680889294e-05
0.7050420168067226,0.5,5.0618623340284034e-05
0.7126050420168067,0.5,5.06222216630899e-05
0.7201680672268908,0.5,5.0625819985895763e-05
0.7277310924369748,0.5,5.062941830870162e-05
0.7352941176470588,0.5,5.0633016631507486e-05
0.7428571428571429,0.5,5.063661495431335e-05
0.7504201680672269,0.5,5.0640213277119215e-05
0.7579831932773109,0.5,5.064381159992508e-05
0.7655462184873949,0.5,5.064740992273094e-05
0.773109243697479,0.5,5.0651008245536795e-05
0.780672268907563,0.5,5.0654606568342666e-05
0.788235294117647,0.5,5.0658204891148524e-05
0.795798319327731,0.5,5.066180321395438e-05
0.8033613445378152,0.5,5.066097744041858e-05
0.8109243697478992,0.5,5.065462154645568e-05
0.8184873949579832,0.5,5.064826565249279e-05
0.8260504201680672,0.5,5.0641909758529895e-05
0.8336134453781512,0.5,5.0635553864567e-05
0.8411764705882353,0.5,5.06291979706041e-05
0.8487394957983193,0.5,5.06228420766412e-05
0.8563025210084033,0.5,5.061648618267831e-05
0.8638655462184873,0.5,5.0610130288715416e-05
0.8714285714285714,0.5,5.060377439475252e-05
0.8789915966386554,0.5,5.059741850078962e-05
0.8865546218487395,0.5,5.059106260682673e-05
0.8941176470588235,0.5,5.0584706712863837e-05
0.9016806722689076,0.5,5.057432207621879e-05
0.9092436974789916,0.5,5.054983684018624e-05
0.9168067226890756,0.5,5.052535160415369e-05
0.9243697478991596,0.5,5.050086636812114e-05
0.9319327731092437,0.5,5.0476381132088586e-05
0.9394957983193277,0.5,5.045189589605603e-05
0.9470588235294117,0.5,5.042741066002348e-05
0.9546218487394957,0.5,5.040292542399093e-05
0.9621848739495799,0.5,5.0378440187958374e-05
0.9697478991596639,0.5,5.035395495192582e-05
0.9773109243697479,0.5,5.032946971589327e-05
0.9848739495798319,0.5,5.0304984479860716e-05
0.992436974789916,0.5,5.028049924382816e-05
1.0,0.5,5.025601400779561e-05
0.1,0.5168067226890757,2.3706120354577612e-05
0.10756302521008404,0.5168067226890757,2.4898625220851712e-05
0.11512605042016807,0.5168067226890757,2.583815785698917e-05
0.12268907563025211,0.5168067226890757,2.6746068964359547e-05
0.13025210084033614,0.5168067226890757,2.7653980071729923e-05
0.13781512605042018,0.5168067226890757,2.8561891179100296e-05
0.1453781512605042,0.5168067226890757,2.9469802286470672e-05
0.15294117647058825,0.5168067226890757,3.0377713393841048e-05
0.16050420168067228,0.5168067226890757,3.128562450121142e-05
0.16806722689075632,0.5168067226890757,3.21935356085818e-05
0.17563025210084032,0.5168067226890757,3.3101446715952166e-05
0.18319327731092439,0.5168067226890757,3.4009357823322546e-05
0.1907563025210084,0.5168067226890757,3.491726893069292e-05
0.19831932773109245,0.5168067226890757,3.58251800380633e-05
0.20588235294117646,0.5168067226890757,3.642414827011908e-05
0.21344537815126052,0.5168067226890757,3.693484710922784e-05
0.22100840336134453,0.5168067226890757,3.744554594833659e-05
0.22857142857142856,0.5168067226890757,3.795624478744535e-05
0.2361344537815126,0.5168067226890757,3.8466943626554113e-05
0.24369747899159663,0.5168067226890757,3.8977642465662874e-05
0.25126050420168067,0.5168067226890757,3.948834130477163e-05
0.2588235294117647,0.5168067226890757,3.999904014388038e-05
0.26638655462184874,0.5168067226890757,4.050973898298914e-05
0.2739495798319328,0.5168067226890757,4.10204378220979e-05
0.2815126050420168,0.5168067226890757,4.1531136661206656e-05
0.2890756302521008,0.5168067226890757,4.204183550031541e-05
0.2966386554621849,0.5168067226890757,4.266669040017875e-05
0.30420168067226894,0.5168067226890757,4.321674592602129e-05
0.31176470588235294,0.5168067226890757,4.35920301363142e-05
0.31932773109243695,0.5168067226890757,4.3880727606568176e-05
0.326890756302521,0.5168067226890757,4.416942507682215e-05
0.3344537815126051,0.5168067226890757,4.445812254707613e-05
0.3420168067226891,0.5168067226890757,4.474682001733011e-05
0.3495798319327731,0.5168067226890757,4.503551748758408e-05
0.3571428571428571,0.5168067226890757,4.532421495783805e-05
0.3647058823529412,0.5168067226890757,4.561291242809203e-05
0.3722689075630252,0.5168067226890757,4.5901609898346006e-05
0.3798319327731092,0.5168067226890757,4.6190307368599976e-05
0.38739495798319323,0.5168067226890757,4.6479004838853954e-05
0.39495798319327735,0.5168067226890757,4.676770230910793e-05
0.40252100840336136,0.5168067226890757,4.702121671804027e-05
0.41008403361344536,0.5168067226890757,4.7204365004329323e-05
0.41764705882352937,0.5168067226890757,4.7387513290618375e-05
0.4252100840336135,0.5168067226890757,4.757066157690743e-05
0.4327731092436975,0.5168067226890757,4.775380986319648e-05
0.4403361344537815,0.5168067226890757,4.793695814948553e-05
0.4478991596638655,0.5168067226890757,4.812010643577458e-05
0.4554621848739496,0.5168067226890757,4.8303254722063634e-05
0.46302521008403363,0.5168067226890757,4.8486403008352685e-05
0.47058823529411764,0.5168067226890757,4.866955129464173e-05
0.47815126050420165,0.5168067226890757,4.885269958093079e-05
0.48571428571428577,0.5168067226890757,4.903584786721984e-05
0.49327731092436977,0.5168067226890757,4.9233558341378734e-05
0.5008403361344538,0.5168067226890757,4.947768231337407e-05
0.5084033613445378,0.5168067226890757,4.968537300770528e-05
0.5159663865546219,0.5168067226890757,4.972056329206621e-05
0.5235294117647059,0.5168067226890757,4.975575357642714e-05
0.5310924369747899,0.5168067226890757,4.979094386078807e-05
0.5386554621848739,0.5168067226890757,4.9826134145148996e-05
0.546218487394958,0.5168067226890757,4.9861324429509925e-05
0.553781512605042,0.5168067226890757,4.9896514713870854e-05
0.561344537815126,0.5168067226890757,4.993170499823178e-05
0.5689075630252101,0.5168067226890757,4.996689528259271e-05
0.5764705882352942,0.5168067226890757,5.000208556695364e-05
0.5840336134453782,0.5168067226890757,5.003727585131457e-05
0.5915966386554622,0.5168067226890757,5.00724661356755e-05
0.5991596638655462,0.5168067226890757,5.010765642003643e-05
0.6067226890756302,0.5168067226890757,5.023382685035349e-05
0.6142857142857142,0.5168067226890757,5.0371369798915064e-05
0.6218487394957983,0.5168067226890757,5.050891274747664e-05
0.6294117647058823,0.5168067226890757,5.064645569603821e-05
0.6369747899159663,0.5168067226890757,5.0783998644599786e-05
0.6445378151260504,0.5168067226890757,5.092154159316136e-05
0.6521008403361345,0.5168067226890757,5.1059084541722933e-05
0.6596638655462185,0.5168067226890757,5.119662749028451e-05
0.6672268907563025,0.5168067226890757,5.133417043884608e-05
0.6747899159663865,0.5168067226890757,5.147171338740765e-05
0.6823529411764706,0.5168067226890757,5.160925633596923e-05
0.6899159663865546,0.5168067226890757,5.1746799284530796e-05
0.6974789915966386,0.5168067226890757,5.190146517788439e-05
0.7050420168067226,0.5168067226890757,5.198237684815598e-05
0.7126050420168067,0.5168067226890757,5.200285966027492e-05
0.7201680672268908,0.5168067226890757,5.2006457983080784e-05
0.7277310924369748,0.5168067226890757,5.201005630588665e-05
0.7352941176470588,0.5168067226890757,5.2013654628692506e-05
0.7428571428571429,0.5168067226890757,5.201725295149837e-05
0.7504201680672269,0.5168067226890757,5.2020851274304235e-05
0.7579831932773109,0.5168067226890757,5.202444959711009e-05
0.7655462184873949,0.5168067226890757,5.202804791991596e-05
0.773109243697479,0.5168067226890757,5.203164624272182e-05
0.780672268907563,0.5168067226890757,5.203524456552768e-05
0.788235294117647,0.5168067226890757,5.2038842888333544e-05
0.795798319327731,0.5168067226890757,5.204244121113941e-05
0.8033613445378152,0.5168067226890757,5.20416154376036e-05
0.8109243697478992,0.5168067226890757,5.203525954364071e-05
0.8184873949579832,0.5168067226890757,5.202890364967781e-05
0.8260504201680672,0.5168067226890757,5.2022547755714915e-05
0.8336134453781512,0.5168067226890757,5.201619186175202e-05
0.8411764705882353,0.5168067226890757,5.200983596778912e-05
0.8487394957983193,0.5168067226890757,5.200348007382623e-05
0.8563025210084033,0.5168067226890757,5.1997124179863336e-05
0.8638655462184873,0.5168067226890757,5.199076828590044e-05
0.8714285714285714,0.5168067226890757,5.198441239193755e-05
0.8789915966386554,0.5168067226890757,5.197805649797464e-05
0.8865546218487395,0.5168067226890757,5.197170060401175e-05
0.8941176470588235,0.5168067226890757,5.196504252239133e-05
0.9016806722689076,0.5168067226890757,5.196418952105873e-05
0.9092436974789916,0.5168067226890757,5.198065124441291e-05
0.9168067226890756,0.5168067226890757,5.195616600838036e-05
0.9243697478991596,0.5168067226890757,5.1931680772347804e-05
0.9319327731092437,0.5168067226890757,5.190719553631525e-05
0.9394957983193277,0.5168067226890757,5.18827103002827e-05
0.9470588235294117,0.5168067226890757,5.1858225064250145e-05
0.9546218487394957,0.5168067226890757,5.18337398282176e-05
0.9621848739495799,0.5168067226890757,5.1809254592185046e-05
0.9697478991596639,0.5168067226890757,5.178476935615249e-05
0.9773109243697479,0.5168067226890757,5.176028412011994e-05
0.9848739495798319,0.5168067226890757,5.173579888408739e-05
0.992436974789916,0.5168067226890757,5.1711313648054835e-05
1.0,0.5168067226890757,5.168682841202228e-05
0.1,0.5336134453781513,2.4075958848232315e-05
0.10756302521008404,0.5336134453781513,2.526846371450642e-05
0.11512605042016807,0.5336134453781513,2.646096858078052e-05
0.12268907563025211,0.5336134453781513,2.7432122745685057e-05
0.13025210084033614,0.5336134453781513,2.8340033853055433e-05
0.13781512605042018,0.5336134453781513,2.924794496042581e-05
0.1453781512605042,0.5336134453781513,3.0155856067796182e-05
0.15294117647058825,0.5336134453781513,3.106376717516656e-05
0.16050420168067228,0.5336134453781513,3.197167828253694e-05
0.16806722689075632,0.5336134453781513,3.287958938990731e-05
0.17563025210084032,0.5336134453781513,3.3787500497277676e-05
0.18319327731092439,0.5336134453781513,3.469541160464806e-05
0.1907563025210084,0.5336134453781513,3.560332271201843e-05
0.19831932773109245,0.5336134453781513,3.651123381938881e-05
0.20588235294117646,0.5336134453781513,3.711020205144459e-05
0.21344537815126052,0.5336134453781513,3.762090089055335e-05
0.22100840336134453,0.5336134453781513,3.813159972966211e-05
0.22857142857142856,0.5336134453781513,3.864229856877086e-05
0.2361344537815126,0.5336134453781513,3.915299740787962e-05
0.24369747899159663,0.5336134453781513,3.966369624698838e-05
0.25126050420168067,0.5336134453781513,4.017439508609714e-05
0.2588235294117647,0.5336134453781513,4.068509392520589e-05
0.26638655462184874,0.5336134453781513,4.119579276431465e-05
0.2739495798319328,0.5336134453781513,4.170649160342341e-05
0.2815126050420168,0.5336134453781513,4.2217190442532166e-05
0.2890756302521008,0.5336134453781513,4.2861071352521265e-05
0.2966386554621849,0.5336134453781513,4.354300428276189e-05
0.30420168067226894,0.5336134453781513,4.409305980860442e-05
0.31176470588235294,0.5336134453781513,4.453761341092848e-05
0.31932773109243695,0.5336134453781513,4.493021496922919e-05
0.326890756302521,0.5336134453781513,4.521891243948317e-05
0.3344537815126051,0.5336134453781513,4.550760990973714e-05
0.3420168067226891,0.5336134453781513,4.5796307379991116e-05
0.3495798319327731,0.5336134453781513,4.6085004850245094e-05
0.3571428571428571,0.5336134453781513,4.6373702320499065e-05
0.3647058823529412,0.5336134453781513,4.666239979075304e-05
0.3722689075630252,0.5336134453781513,4.695109726100702e-05
0.3798319327731092,0.5336134453781513,4.7239794731261e-05
0.38739495798319323,0.5336134453781513,4.7528492201514975e-05
0.39495798319327735,0.5336134453781513,4.781718967176895e-05
0.40252100840336136,0.5336134453781513,4.8070704080701286e-05
0.41008403361344536,0.5336134453781513,4.825385236699034e-05
0.41764705882352937,0.5336134453781513,4.843700065327939e-05
0.4252100840336135,0.5336134453781513,4.862014893956844e-05
0.4327731092436975,0.5336134453781513,4.880329722585749e-05
0.4403361344537815,0.5336134453781513,4.8986445512146544e-05
0.4478991596638655,0.5336134453781513,4.9169593798435596e-05
0.4554621848739496,0.5336134453781513,4.935274208472465e-05
0.46302521008403363,0.5336134453781513,4.95358903710137e-05
0.47058823529411764,0.5336134453781513,4.971903865730275e-05
0.47815126050420165,0.5336134453781513,4.99021869435918e-05
0.48571428571428577,0.5336134453781513,5.0107178511685624e-05
0.49327731092436977,0.5336134453781513,5.0355856643388964e-05
0.5008403361344538,0.5336134453781513,5.059998061538429e-05
0.5084033613445378,0.5336134453781513,5.08076713097155e-05
0.5159663865546219,0.5336134453781513,5.101536200404672e-05
0.5235294117647059,0.5336134453781513,5.106971900062656e-05
0.5310924369747899,0.5336134453781513,5.11049092849875e-05
0.5386554621848739,0.5336134453781513,5.114009956934842e-05
0.546218487394958,0.5336134453781513,5.117528985370936e-05
0.553781512605042,0.5336134453781513,5.1210480138070286e-05
0.561344537815126,0.5336134453781513,5.1245670422431215e-05
0.5689075630252101,0.5336134453781513,5.1280860706792145e-05
0.5764705882352942,0.5336134453781513,5.1316050991153074e-05
0.5840336134453782,0.5336134453781513,5.1351241275514e-05
0.5915966386554622,0.5336134453781513,5.138643155987493e-05
0.5991596638655462,0.5336134453781513,5.142162184423586e-05
0.6067226890756302,0.5336134453781513,5.1547792274552915e-05
0.6142857142857142,0.5336134453781513,5.168533522311449e-05
0.6218487394957983,0.5336134453781513,5.182287817167606e-05
0.6294117647058823,0.5336134453781513,5.1960421120237644e-05
0.6369747899159663,0.5336134453781513,5.209796406879922e-05
0.6445378151260504,0.5336134453781513,5.223550701736079e-05
0.6521008403361345,0.5336134453781513,5.237304996592236e-05
0.6596638655462185,0.5336134453781513,5.251059291448394e-05
0.6672268907563025,0.5336134453781513,5.2648135863045506e-05
0.6747899159663865,0.5336134453781513,5.278567881160708e-05
0.6823529411764706,0.5336134453781513,5.2923221760168654e-05
0.6899159663865546,0.5336134453781513,5.308033378849254e-05
0.6974789915966386,0.5336134453781513,5.3239891951786705e-05
0.7050420168067226,0.5336134453781513,5.332080362205829e-05
0.7126050420168067,0.5336134453781513,5.336239204581858e-05
0.7201680672268908,0.5336134453781513,5.33870959802658e-05
0.7277310924369748,0.5336134453781513,5.3390694303071655e-05
0.7352941176470588,0.5336134453781513,5.3394292625877526e-05
0.7428571428571429,0.5336134453781513,5.3397890948683384e-05
0.7504201680672269,0.5336134453781513,5.340148927148924e-05
0.7579831932773109,0.5336134453781513,5.3405087594295106e-05
0.7655462184873949,0.5336134453781513,5.340868591710097e-05
0.773109243697479,0.5336134453781513,5.3412284239906835e-05
0.780672268907563,0.5336134453781513,5.341588256271269e-05
0.788235294117647,0.5336134453781513,5.341948088551856e-05
0.795798319327731,0.5336134453781513,5.342307920832442e-05
0.8033613445378152,0.5336134453781513,5.3422253434788615e-05
0.8109243697478992,0.5336134453781513,5.3415897540825715e-05
0.8184873949579832,0.5336134453781513,5.340954164686282e-05
0.8260504201680672,0.5336134453781513,5.340318575289993e-05
0.8336134453781512,0.5336134453781513,5.3396829858937036e-05
0.8411764705882353,0.5336134453781513,5.339047396497414e-05
0.8487394957983193,0.5336134453781513,5.338411807101124e-05
0.8563025210084033,0.5336134453781513,5.337776217704835e-05
0.8638655462184873,0.5336134453781513,5.337140628308545e-05
0.8714285714285714,0.5336134453781513,5.336505038912256e-05
0.8789915966386554,0.5336134453781513,5.335869449515966e-05
0.8865546218487395,0.5336134453781513,5.335193568432006e-05
0.8941176470588235,0.5336134453781513,5.3344673227384576e-05
0.9016806722689076,0.5336134453781513,5.334382022605198e-05
0.9092436974789916,0.5336134453781513,5.33654003193295e-05
0.9168067226890756,0.5336134453781513,5.3386980412607015e-05
0.9243697478991596,0.5336134453781513,5.336249517657446e-05
0.9319327731092437,0.5336134453781513,5.333800994054191e-05
0.9394957983193277,0.5336134453781513,5.331352470450936e-05
0.9470588235294117,0.5336134453781513,5.3289039468476804e-05
0.9546218487394957,0.5336134453781513,5.326455423244426e-05
0.9621848739495799,0.5336134453781513,5.3240068996411705e-05
0.9697478991596639,0.5336134453781513,5.3215583760379145e-05
0.9773109243697479,0.5336134453781513,5.31910985243466e-05
0.9848739495798319,0.5336134453781513,5.3166613288314046e-05
0.992436974789916,0.5336134453781513,5.314212805228149e-05
1.0,0.5336134453781513,5.3117642816248933e-05
0.1,0.5504201680672269,2.4445797341887025e-05
0.10756302521008404,0.5504201680672269,2.5638302208161125e-05
0.11512605042016807,0.5504201680672269,2.6830807074435226e-05
0.12268907563025211,0.5504201680672269,2.8023311940709326e-05
0.13025210084033614,0.5504201680672269,2.9026087634380946e-05
0.13781512605042018,0.5504201680672269,2.9933998741751325e-05
0.1453781512605042,0.5504201680672269,3.08419098491217e-05
0.15294117647058825,0.5504201680672269,3.174982095649207e-05
0.16050420168067228,0.5504201680672269,3.265773206386245e-05
0.16806722689075632,0.5504201680672269,3.356564317123282e-05
0.17563025210084032,0.5504201680672269,3.447355427860319e-05
0.18319327731092439,0.5504201680672269,3.538146538597357e-05
0.1907563025210084,0.5504201680672269,3.6289376493343945e-05
0.19831932773109245,0.5504201680672269,3.7197287600714324e-05
0.20588235294117646,0.5504201680672269,3.7796255832770105e-05
0.21344537815126052,0.5504201680672269,3.8306954671878865e-05
0.22100840336134453,0.5504201680672269,3.8817653510987626e-05
0.22857142857142856,0.5504201680672269,3.932835235009638e-05
0.2361344537815126,0.5504201680672269,3.983905118920514e-05
0.24369747899159663,0.5504201680672269,4.034975002831389e-05
0.25126050420168067,0.5504201680672269,4.0860448867422654e-05
0.2588235294117647,0.5504201680672269,4.137114770653141e-05
0.26638655462184874,0.5504201680672269,4.188184654564017e-05
0.2739495798319328,0.5504201680672269,4.239254538474893e-05
0.2815126050420168,0.5504201680672269,4.305545230486379e-05
0.2890756302521008,0.5504201680672269,4.373738523510441e-05
0.2966386554621849,0.5504201680672269,4.441931816534503e-05
0.30420168067226894,0.5504201680672269,4.496937369118757e-05
0.31176470588235294,0.5504201680672269,4.541392729351163e-05
0.31932773109243695,0.5504201680672269,4.58584808958357e-05
0.326890756302521,0.5504201680672269,4.626839980214418e-05
0.3344537815126051,0.5504201680672269,4.6557097272398166e-05
0.3420168067226891,0.5504201680672269,4.684579474265214e-05
0.3495798319327731,0.5504201680672269,4.713449221290611e-05
0.3571428571428571,0.5504201680672269,4.742318968316009e-05
0.3647058823529412,0.5504201680672269,4.771188715341407e-05
0.3722689075630252,0.5504201680672269,4.800058462366804e-05
0.3798319327731092,0.5504201680672269,4.828928209392202e-05
0.38739495798319323,0.5504201680672269,4.8577979564175995e-05
0.39495798319327735,0.5504201680672269,4.886667703442997e-05
0.40252100840336136,0.5504201680672269,4.9120191443362306e-05
0.41008403361344536,0.5504201680672269,4.930333972965136e-05
0.41764705882352937,0.5504201680672269,4.948648801594041e-05
0.4252100840336135,0.5504201680672269,4.966963630222946e-05
0.4327731092436975,0.5504201680672269,4.985278458851851e-05
0.4403361344537815,0.5504201680672269,5.003593287480757e-05
0.4478991596638655,0.5504201680672269,5.0219081161096617e-05
0.4554621848739496,0.5504201680672269,5.040222944738567e-05
0.46302521008403363,0.5504201680672269,5.058537773367472e-05
0.47058823529411764,0.5504201680672269,5.076852601996377e-05
0.47815126050420165,0.5504201680672269,5.098079868199251e-05
0.48571428571428577,0.5504201680672269,5.1229476813695854e-05
0.49327731092436977,0.5504201680672269,5.14781549453992e-05
0.5008403361344538,0.5504201680672269,5.172227891739453e-05
0.5084033613445378,0.5504201680672269,5.192996961172574e-05
0.5159663865546219,0.5504201680672269,5.2137660306056956e-05
0.5235294117647059,0.5504201680672269,5.2345351000388166e-05
0.5310924369747899,0.5504201680672269,5.241887470918694e-05
0.5386554621848739,0.5504201680672269,5.2454064993547866e-05
0.546218487394958,0.5504201680672269,5.248925527790879e-05
0.553781512605042,0.5504201680672269,5.252444556226972e-05
0.561344537815126,0.5504201680672269,5.2559635846630654e-05
0.5689075630252101,0.5504201680672269,5.259482613099158e-05
0.5764705882352942,0.5504201680672269,5.263001641535251e-05
0.5840336134453782,0.5504201680672269,5.266520669971344e-05
0.5915966386554622,0.5504201680672269,5.270039698407437e-05
0.5991596638655462,0.5504201680672269,5.27355872684353e-05
0.6067226890756302,0.5504201680672269,5.286175769875236e-05
0.6142857142857142,0.5504201680672269,5.2999300647313935e-05
0.6218487394957983,0.5504201680672269,5.313684359587551e-05
0.6294117647058823,0.5504201680672269,5.327438654443708e-05
0.6369747899159663,0.5504201680672269,5.341192949299865e-05
0.6445378151260504,0.5504201680672269,5.354947244156023e-05
0.6521008403361345,0.5504201680672269,5.3687015390121804e-05
0.6596638655462185,0.5504201680672269,5.382455833868337e-05
0.6672268907563025,0.5504201680672269,5.396210128724495e-05
0.6747899159663865,0.5504201680672269,5.409964423580652e-05
0.6823529411764706,0.5504201680672269,5.425920239910069e-05
0.6899159663865546,0.5504201680672269,5.441876056239485e-05
0.6974789915966386,0.5504201680672269,5.4578318725689014e-05
0.7050420168067226,0.5504201680672269,5.46592303959606e-05
0.7126050420168067,0.5504201680672269,5.470081881972089e-05
0.7201680672268908,0.5504201680672269,5.474240724348119e-05
0.7277310924369748,0.5504201680672269,5.477133230025668e-05
0.7352941176470588,0.5504201680672269,5.477493062306254e-05
0.7428571428571429,0.5504201680672269,5.4778528945868405e-05
0.7504201680672269,0.5504201680672269,5.478212726867427e-05
0.7579831932773109,0.5504201680672269,5.4785725591480134e-05
0.7655462184873949,0.5504201680672269,5.478932391428599e-05
0.773109243697479,0.5504201680672269,5.4792922237091856e-05
0.780672268907563,0.5504201680672269,5.479652055989772e-05
0.788235294117647,0.5504201680672269,5.480011888270358e-05
0.795798319327731,0.5504201680672269,5.480371720550944e-05
0.8033613445378152,0.5504201680672269,5.4802891431973636e-05
0.8109243697478992,0.5504201680672269,5.479653553801074e-05
0.8184873949579832,0.5504201680672269,5.479017964404785e-05
0.8260504201680672,0.5504201680672269,5.478382375008495e-05
0.8336134453781512,0.5504201680672269,5.4777467856122056e-05
0.8411764705882353,0.5504201680672269,5.477111196215916e-05
0.8487394957983193,0.5504201680672269,5.476475606819626e-05
0.8563025210084033,0.5504201680672269,5.475840017423337e-05
0.8638655462184873,0.5504201680672269,5.475204428027048e-05
0.8714285714285714,0.5504201680672269,5.474568838630758e-05
0.8789915966386554,0.5504201680672269,5.47388288462488e-05
0.8865546218487395,0.5504201680672269,5.473156638931332e-05
0.8941176470588235,0.5504201680672269,5.472430393237784e-05
0.9016806722689076,0.5504201680672269,5.472345093104524e-05
0.9092436974789916,0.5504201680672269,5.474503102432276e-05
0.9168067226890756,0.5504201680672269,5.4766611117600274e-05
0.9243697478991596,0.5504201680672269,5.478819121087779e-05
0.9319327731092437,0.5504201680672269,5.476882434476858e-05
0.9394957983193277,0.5504201680672269,5.474433910873603e-05
0.9470588235294117,0.5504201680672269,5.4719853872703476e-05
0.9546218487394957,0.5504201680672269,5.469536863667092e-05
0.9621848739495799,0.5504201680672269,5.467088340063837e-05
0.9697478991596639,0.5504201680672269,5.464639816460582e-05
0.9773109243697479,0.5504201680672269,5.462191292857327e-05
0.9848739495798319,0.5504201680672269,5.459742769254072e-05
0.992436974789916,0.5504201680672269,5.4572942456508165e-05
1.0,0.5504201680672269,5.454845722047561e-05
0.1,0.5672268907563025,2.4815635835541728e-05
0.10756302521008404,0.5672268907563025,2.600814070181583e-05
0.11512605042016807,0.5672268907563025,2.7200645568089932e-05
0.12268907563025211,0.5672268907563025,2.839315043436403e-05
0.13025210084033614,0.5672268907563025,2.9585655300638133e-05
0.13781512605042018,0.5672268907563025,3.062005252307683e-05
0.1453781512605042,0.5672268907563025,3.152796363044721e-05
0.15294117647058825,0.5672268907563025,3.243587473781758e-05
0.16050420168067228,0.5672268907563025,3.334378584518796e-05
0.16806722689075632,0.5672268907563025,3.425169695255833e-05
0.17563025210084032,0.5672268907563025,3.51596080599287e-05
0.18319327731092439,0.5672268907563025,3.606751916729908e-05
0.1907563025210084,0.5672268907563025,3.6975430274669455e-05
0.19831932773109245,0.5672268907563025,3.788334138203983e-05
0.20588235294117646,0.5672268907563025,3.8482309614095614e-05
0.21344537815126052,0.5672268907563025,3.8993008453204375e-05
0.22100840336134453,0.5672268907563025,3.9503707292313135e-05
0.22857142857142856,0.5672268907563025,4.001440613142189e-05
0.2361344537815126,0.5672268907563025,4.052510497053065e-05
0.24369747899159663,0.5672268907563025,4.10358038096394e-05
0.25126050420168067,0.5672268907563025,4.1546502648748164e-05
0.2588235294117647,0.5672268907563025,4.205720148785692e-05
0.26638655462184874,0.5672268907563025,4.256790032696568e-05
0.2739495798319328,0.5672268907563025,4.32498332572063e-05
0.2815126050420168,0.5672268907563025,4.3931766187446926e-05
0.2890756302521008,0.5672268907563025,4.4613699117687544e-05
0.2966386554621849,0.5672268907563025,4.529563204792817e-05
0.30420168067226894,0.5672268907563025,4.5845687573770704e-05
0.31176470588235294,0.5672268907563025,4.6290241176094767e-05
0.31932773109243695,0.5672268907563025,4.6734794778418835e-05
0.326890756302521,0.5672268907563025,4.7179348380742904e-05
0.3344537815126051,0.5672268907563025,4.760658463505918e-05
0.3420168067226891,0.5672268907563025,4.789528210531315e-05
0.3495798319327731,0.5672268907563025,4.818397957556712e-05
0.3571428571428571,0.5672268907563025,4.8472677045821106e-05
0.3647058823529412,0.5672268907563025,4.8761374516075083e-05
0.3722689075630252,0.5672268907563025,4.9050071986329054e-05
0.3798319327731092,0.5672268907563025,4.933876945658303e-05
0.38739495798319323,0.5672268907563025,4.9627466926837e-05
0.39495798319327735,0.5672268907563025,4.991616439709099e-05
0.40252100840336136,0.5672268907563025,5.016967880602332e-05
0.41008403361344536,0.5672268907563025,5.035282709231237e-05
0.41764705882352937,0.5672268907563025,5.0535975378601424e-05
0.4252100840336135,0.5672268907563025,5.0719123664890475e-05
0.4327731092436975,0.5672268907563025,5.090227195117953e-05
0.4403361344537815,0.5672268907563025,5.108542023746858e-05
0.4478991596638655,0.5672268907563025,5.1268568523757624e-05
0.4554621848739496,0.5672268907563025,5.145171681004668e-05
0.46302521008403363,0.5672268907563025,5.1634865096335734e-05
0.47058823529411764,0.5672268907563025,5.18544188522994e-05
0.47815126050420165,0.5672268907563025,5.210309698400274e-05
0.48571428571428577,0.5672268907563025,5.2351775115706084e-05
0.49327731092436977,0.5672268907563025,5.2600453247409424e-05
0.5008403361344538,0.5672268907563025,5.284457721940476e-05
0.5084033613445378,0.5672268907563025,5.305226791373597e-05
0.5159663865546219,0.5672268907563025,5.3259958608067186e-05
0.5235294117647059,0.5672268907563025,5.3467649302398396e-05
0.5310924369747899,0.5672268907563025,5.3675339996729606e-05
0.5386554621848739,0.5672268907563025,5.37680304177473e-05
0.546218487394958,0.5672268907563025,5.380322070210822e-05
0.553781512605042,0.5672268907563025,5.383841098646915e-05
0.561344537815126,0.5672268907563025,5.387360127083008e-05
0.5689075630252101,0.5672268907563025,5.3908791555191015e-05
0.5764705882352942,0.5672268907563025,5.394398183955194e-05
0.5840336134453782,0.5672268907563025,5.397917212391287e-05
0.5915966386554622,0.5672268907563025,5.40143624082738e-05
0.5991596638655462,0.5672268907563025,5.404955269263473e-05
0.6067226890756302,0.5672268907563025,5.4175723122951786e-05
0.6142857142857142,0.5672268907563025,5.431326607151336e-05
0.6218487394957983,0.5672268907563025,5.445080902007493e-05
0.6294117647058823,0.5672268907563025,5.4588351968636514e-05
0.6369747899159663,0.5672268907563025,5.472589491719808e-05
0.6445378151260504,0.5672268907563025,5.4863437865759655e-05
0.6521008403361345,0.5672268907563025,5.500098081432122e-05
0.6596638655462185,0.5672268907563025,5.51385237628828e-05
0.6672268907563025,0.5672268907563025,5.527851284641467e-05
0.6747899159663865,0.5672268907563025,5.543807100970883e-05
0.6823529411764706,0.5672268907563025,5.5597629173002994e-05
0.6899159663865546,0.5672268907563025,5.575718733629716e-05
0.6974789915966386,0.5672268907563025,5.591674549959132e-05
0.7050420168067226,0.5672268907563025,5.599765716986291e-05
0.7126050420168067,0.5672268907563025,5.60392455936232e-05
0.7201680672268908,0.5672268907563025,5.60808340173835e-05
0.7277310924369748,0.5672268907563025,5.61224224411438e-05
0.7352941176470588,0.5672268907563025,5.615556862024756e-05
0.7428571428571429,0.5672268907563025,5.615916694305342e-05
0.7504201680672269,0.5672268907563025,5.616276526585928e-05
0.7579831932773109,0.5672268907563025,5.616636358866514e-05
0.7655462184873949,0.5672268907563025,5.6169961911471005e-05
0.773109243697479,0.5672268907563025,5.617356023427687e-05
0.780672268907563,0.5672268907563025,5.6177158557082734e-05
0.788235294117647,0.5672268907563025,5.618075687988859e-05
0.795798319327731,0.5672268907563025,5.6184355202694456e-05
0.8033613445378152,0.5672268907563025,5.618352942915865e-05
0.8109243697478992,0.5672268907563025,5.617717353519575e-05
0.8184873949579832,0.5672268907563025,5.6170817641232856e-05
0.8260504201680672,0.5672268907563025,5.616446174726996e-05
0.8336134453781512,0.5672268907563025,5.615810585330707e-05
0.8411764705882353,0.5672268907563025,5.615174995934417e-05
0.8487394957983193,0.5672268907563025,5.614539406538128e-05
0.8563025210084033,0.5672268907563025,5.613903817141838e-05
0.8638655462184873,0.5672268907563025,5.6132682277455484e-05
0.8714285714285714,0.5672268907563025,5.612572200817754e-05
0.8789915966386554,0.5672268907563025,5.611845955124205e-05
0.8865546218487395,0.5672268907563025,5.6111197094306566e-05
0.8941176470588235,0.5672268907563025,5.6103934637371086e-05
0.9016806722689076,0.5672268907563025,5.610308163603849e-05
0.9092436974789916,0.5672268907563025,5.612466172931601e-05
0.9168067226890756,0.5672268907563025,5.6146241822593526e-05
0.9243697478991596,0.5672268907563025,5.616782191587104e-05
0.9319327731092437,0.5672268907563025,5.618940200914856e-05
0.9394957983193277,0.5672268907563025,5.617515351296269e-05
0.9470588235294117,0.5672268907563025,5.6150668276930134e-05
0.9546218487394957,0.5672268907563025,5.612618304089758e-05
0.9621848739495799,0.5672268907563025,5.610169780486503e-05
0.9697478991596639,0.5672268907563025,5.6077212568832476e-05
0.9773109243697479,0.5672268907563025,5.605272733279993e-05
0.9848739495798319,0.5672268907563025,5.6028242096767377e-05
0.992436974789916,0.5672268907563025,5.6003756860734824e-05
1.0,0.5672268907563025,5.597927162470227e-05
0.1,0.5840336134453782,2.518547432919643e-05
0.10756302521008404,0.5840336134453782,2.637797919547054e-05
0.11512605042016807,0.5840336134453782,2.7570484061744635e-05
0.12268907563025211,0.5840336134453782,2.8762988928018736e-05
0.13025210084033614,0.5840336134453782,2.9955493794292836e-05
0.13781512605042018,0.5840336134453782,3.114799866056695e-05
0.1453781512605042,0.5840336134453782,3.221401741177272e-05
0.15294117647058825,0.5840336134453782,3.31219285191431e-05
0.16050420168067228,0.5840336134453782,3.402983962651347e-05
0.16806722689075632,0.5840336134453782,3.4937750733883846e-05
0.17563025210084032,0.5840336134453782,3.584566184125422e-05
0.18319327731092439,0.5840336134453782,3.67535729486246e-05
0.1907563025210084,0.5840336134453782,3.766148405599497e-05
0.19831932773109245,0.5840336134453782,3.856939516336535e-05
0.20588235294117646,0.5840336134453782,3.9168363395421124e-05
0.21344537815126052,0.5840336134453782,3.9679062234529884e-05
0.22100840336134453,0.5840336134453782,4.0189761073638645e-05
0.22857142857142856,0.5840336134453782,4.07004599127474e-05
0.2361344537815126,0.5840336134453782,4.121115875185616e-05
0.24369747899159663,0.5840336134453782,4.172185759096492e-05
0.25126050420168067,0.5840336134453782,4.223255643007367e-05
0.2588235294117647,0.5840336134453782,4.276228127930819e-05
0.26638655462184874,0.5840336134453782,4.3444214209548814e-05
0.2739495798319328,0.5840336134453782,4.4126147139789445e-05
0.2815126050420168,0.5840336134453782,4.480808007003007e-05
0.2890756302521008,0.5840336134453782,4.5490013000270694e-05
0.2966386554621849,0.5840336134453782,4.617194593051131e-05
0.30420168067226894,0.5840336134453782,4.672200145635385e-05
0.31176470588235294,0.5840336134453782,4.716655505867791e-05
0.31932773109243695,0.5840336134453782,4.761110866100198e-05
0.326890756302521,0.5840336134453782,4.805566226332604e-05
0.3344537815126051,0.5840336134453782,4.850021586565011e-05
0.3420168067226891,0.5840336134453782,4.894476946797417e-05
0.3495798319327731,0.5840336134453782,4.923346693822814e-05
0.3571428571428571,0.5840336134453782,4.9522164408482127e-05
0.3647058823529412,0.5840336134453782,4.9810861878736104e-05
0.3722689075630252,0.5840336134453782,5.0099559348990075e-05
0.3798319327731092,0.5840336134453782,5.038825681924405e-05
0.38739495798319323,0.5840336134453782,5.067695428949803e-05
0.39495798319327735,0.5840336134453782,5.096565175975201e-05
0.40252100840336136,0.5840336134453782,5.1219166168684334e-05
0.41008403361344536,0.5840336134453782,5.140231445497339e-05
0.41764705882352937,0.5840336134453782,5.1585462741262444e-05
0.4252100840336135,0.5840336134453782,5.1768611027551496e-05
0.4327731092436975,0.5840336134453782,5.1951759313840554e-05
0.4403361344537815,0.5840336134453782,5.21349076001296e-05
0.4478991596638655,0.5840336134453782,5.231805588641865e-05
0.4554621848739496,0.5840336134453782,5.25012041727077e-05
0.46302521008403363,0.5840336134453782,5.272803902260629e-05
0.47058823529411764,0.5840336134453782,5.297671715430963e-05
0.47815126050420165,0.5840336134453782,5.3225395286012974e-05
0.48571428571428577,0.5840336134453782,5.347407341771632e-05
0.49327731092436977,0.5840336134453782,5.372275154941966e-05
0.5008403361344538,0.5840336134453782,5.396687552141499e-05
0.5084033613445378,0.5840336134453782,5.41745662157462e-05
0.5159663865546219,0.5840336134453782,5.4382256910077415e-05
0.5235294117647059,0.5840336134453782,5.4589947604408626e-05
0.5310924369747899,0.5840336134453782,5.4797638298739836e-05
0.5386554621848739,0.5840336134453782,5.5005328993071046e-05
0.546218487394958,0.5840336134453782,5.511718612630765e-05
0.553781512605042,0.5840336134453782,5.515237641066858e-05
0.561344537815126,0.5840336134453782,5.518756669502951e-05
0.5689075630252101,0.5840336134453782,5.5222756979390447e-05
0.5764705882352942,0.5840336134453782,5.525794726375137e-05
0.5840336134453782,0.5840336134453782,5.5293137548112305e-05
0.5915966386554622,0.5840336134453782,5.5328327832473234e-05
0.5991596638655462,0.5840336134453782,5.5363518116834163e-05
0.6067226890756302,0.5840336134453782,5.548968854715122e-05
0.6142857142857142,0.5840336134453782,5.562723149571279e-05
0.6218487394957983,0.5840336134453782,5.576477444427437e-05
0.6294117647058823,0.5840336134453782,5.5902317392835946e-05
0.6369747899159663,0.5840336134453782,5.603986034139752e-05
0.6445378151260504,0.5840336134453782,5.6177403289959093e-05
0.6521008403361345,0.5840336134453782,5.631494623852067e-05
0.6596638655462185,0.5840336134453782,5.6457381457022814e-05
0.6672268907563025,0.5840336134453782,5.661693962031698e-05
0.6747899159663865,0.5840336134453782,5.6776497783611145e-05
0.6823529411764706,0.5840336134453782,5.693605594690531e-05
0.6899159663865546,0.5840336134453782,5.7095614110199475e-05
0.6974789915966386,0.5840336134453782,5.725517227349364e-05
0.7050420168067226,0.5840336134453782,5.733608394376522e-05
0.7126050420168067,0.5840336134453782,5.737767236752552e-05
0.7201680672268908,0.5840336134453782,5.741926079128582e-05
0.7277310924369748,0.5840336134453782,5.746084921504612e-05
0.7352941176470588,0.5840336134453782,5.750243763880641e-05
0.7428571428571429,0.5840336134453782,5.753980494023843e-05
0.7504201680672269,0.5840336134453782,5.7543403263044296e-05
0.7579831932773109,0.5840336134453782,5.754700158585016e-05
0.7655462184873949,0.5840336134453782,5.7550599908656025e-05
0.773109243697479,0.5840336134453782,5.755419823146188e-05
0.780672268907563,0.5840336134453782,5.755779655426775e-05
0.788235294117647,0.5840336134453782,5.7561394877073605e-05
0.795798319327731,0.5840336134453782,5.756499319987947e-05
0.8033613445378152,0.5840336134453782,5.756416742634366e-05
0.8109243697478992,0.5840336134453782,5.7557811532380777e-05
0.8184873949579832,0.5840336134453782,5.7551455638417883e-05
0.8260504201680672,0.5840336134453782,5.754509974445498e-05
0.8336134453781512,0.5840336134453782,5.7538743850492084e-05
0.8411764705882353,0.5840336134453782,5.753238795652919e-05
0.8487394957983193,0.5840336134453782,5.752603206256629e-05
0.8563025210084033,0.5840336134453782,5.75196761686034e-05
0.8638655462184873,0.5840336134453782,5.7512615170106276e-05
0.8714285714285714,0.5840336134453782,5.750535271317079e-05
0.8789915966386554,0.5840336134453782,5.749809025623531e-05
0.8865546218487395,0.5840336134453782,5.7490827799299824e-05
0.8941176470588235,0.5840336134453782,5.7483565342364345e-05
0.9016806722689076,0.5840336134453782,5.748271234103175e-05
0.9092436974789916,0.5840336134453782,5.750429243430927e-05
0.9168067226890756,0.5840336134453782,5.7525872527586785e-05
0.9243697478991596,0.5840336134453782,5.75474526208643e-05
0.9319327731092437,0.5840336134453782,5.756903271414182e-05
0.9394957983193277,0.5840336134453782,5.7590612807419334e-05
0.9470588235294117,0.5840336134453782,5.75814826811568e-05
0.9546218487394957,0.5840336134453782,5.7556997445124253e-05
0.9621848739495799,0.5840336134453782,5.75325122090917e-05
0.9697478991596639,0.5840336134453782,5.750802697305915e-05
0.9773109243697479,0.5840336134453782,5.7483541737026595e-05
0.9848739495798319,0.5840336134453782,5.745905650099404e-05
0.992436974789916,0.5840336134453782,5.743457126496149e-05
1.0,0.5840336134453782,5.7410086028928936e-05
0.1,0.6008403361344538,2.5555312822851138e-05
0.10756302521008404,0.6008403361344538,2.674781768912524e-05
0.11512605042016807,0.6008403361344538,2.7940322555399342e-05
0.12268907563025211,0.6008403361344538,2.9132827421673442e-05
0.13025210084033614,0.6008403361344538,3.0325332287947543e-05
0.13781512605042018,0.6008403361344538,3.1517837154221646e-05
0.1453781512605042,0.6008403361344538,3.2710342020495743e-05
0.15294117647058825,0.6008403361344538,3.380798230046861e-05
0.16050420168067228,0.6008403361344538,3.471589340783898e-05
0.16806722689075632,0.6008403361344538,3.5623804515209356e-05
0.17563025210084032,0.6008403361344538,3.653171562257973e-05
0.18319327731092439,0.6008403361344538,3.743962672995011e-05
0.1907563025210084,0.6008403361344538,3.834753783732048e-05
0.19831932773109245,0.6008403361344538,3.925544894469086e-05
0.20588235294117646,0.6008403361344538,3.985441717674664e-05
0.21344537815126052,0.6008403361344538,4.03651160158554e-05
0.22100840336134453,0.6008403361344538,4.0875814854964155e-05
0.22857142857142856,0.6008403361344538,4.1386513694072915e-05
0.2361344537815126,0.6008403361344538,4.1897212533181676e-05
0.24369747899159663,0.6008403361344538,4.240791137229043e-05
0.25126050420168067,0.6008403361344538,4.295666223165071e-05
0.2588235294117647,0.6008403361344538,4.363859516189133e-05
0.26638655462184874,0.6008403361344538,4.432052809213196e-05
0.2739495798319328,0.6008403361344538,4.500246102237258e-05
0.2815126050420168,0.6008403361344538,4.5684393952613205e-05
0.2890756302521008,0.6008403361344538,4.636632688285383e-05
0.2966386554621849,0.6008403361344538,4.704825981309445e-05
0.30420168067226894,0.6008403361344538,4.7598315338936984e-05
0.31176470588235294,0.6008403361344538,4.8042868941261046e-05
0.31932773109243695,0.6008403361344538,4.8487422543585115e-05
0.326890756302521,0.6008403361344538,4.893197614590918e-05
0.3344537815126051,0.6008403361344538,4.9376529748233245e-05
0.3420168067226891,0.6008403361344538,4.982108335055731e-05
0.3495798319327731,0.6008403361344538,5.026563695288137e-05
0.3571428571428571,0.6008403361344538,5.057165177114314e-05
0.3647058823529412,0.6008403361344538,5.086034924139712e-05
0.3722689075630252,0.6008403361344538,5.114904671165109e-05
0.3798319327731092,0.6008403361344538,5.1437744181905066e-05
0.38739495798319323,0.6008403361344538,5.172644165215904e-05
0.39495798319327735,0.6008403361344538,5.2015139122413015e-05
0.40252100840336136,0.6008403361344538,5.2268653531345355e-05
0.41008403361344536,0.6008403361344538,5.2451801817634406e-05
0.41764705882352937,0.6008403361344538,5.263495010392346e-05
0.4252100840336135,0.6008403361344538,5.281809839021252e-05
0.4327731092436975,0.6008403361344538,5.300124667650156e-05
0.4403361344537815,0.6008403361344538,5.318439496279062e-05
0.4478991596638655,0.6008403361344538,5.336754324907966e-05
0.4554621848739496,0.6008403361344538,5.360165919291318e-05
0.46302521008403363,0.6008403361344538,5.385033732461651e-05
0.47058823529411764,0.6008403361344538,5.409901545631986e-05
0.47815126050420165,0.6008403361344538,5.43476935880232e-05
0.48571428571428577,0.6008403361344538,5.459637171972654e-05
0.49327731092436977,0.6008403361344538,5.484504985142988e-05
0.5008403361344538,0.6008403361344538,5.508917382342521e-05
0.5084033613445378,0.6008403361344538,5.529686451775643e-05
0.5159663865546219,0.6008403361344538,5.5504555212087645e-05
0.5235294117647059,0.6008403361344538,5.571224590641885e-05
0.5310924369747899,0.6008403361344538,5.5919936600750066e-05
0.5386554621848739,0.6008403361344538,5.6127627295081276e-05
0.546218487394958,0.6008403361344538,5.6335317989412486e-05
0.553781512605042,0.6008403361344538,5.646634183486802e-05
0.561344537815126,0.6008403361344538,5.650153211922894e-05
0.5689075630252101,0.6008403361344538,5.653672240358988e-05
0.5764705882352942,0.6008403361344538,5.657191268795081e-05
0.5840336134453782,0.6008403361344538,5.660710297231174e-05
0.5915966386554622,0.6008403361344538,5.664229325667266e-05
0.5991596638655462,0.6008403361344538,5.6677483541033595e-05
0.6067226890756302,0.6008403361344538,5.680365397135065e-05
0.6142857142857142,0.6008403361344538,5.694119691991223e-05
0.6218487394957983,0.6008403361344538,5.70787398684738e-05
0.6294117647058823,0.6008403361344538,5.721628281703538e-05
0.6369747899159663,0.6008403361344538,5.7353825765596945e-05
0.6445378151260504,0.6008403361344538,5.7491368714158525e-05
0.6521008403361345,0.6008403361344538,5.763625006763096e-05
0.6596638655462185,0.6008403361344538,5.7795808230925124e-05
0.6672268907563025,0.6008403361344538,5.795536639421929e-05
0.6747899159663865,0.6008403361344538,5.8114924557513454e-05
0.6823529411764706,0.6008403361344538,5.827448272080762e-05
0.6899159663865546,0.6008403361344538,5.843404088410178e-05
0.6974789915966386,0.6008403361344538,5.8593599047395944e-05
0.7050420168067226,0.6008403361344538,5.867451071766753e-05
0.7126050420168067,0.6008403361344538,5.8716099141427826e-05
0.7201680672268908,0.6008403361344538,5.875768756518813e-05
0.7277310924369748,0.6008403361344538,5.879927598894842e-05
0.7352941176470588,0.6008403361344538,5.8840864412708715e-05
0.7428571428571429,0.6008403361344538,5.8882452836469016e-05
0.7504201680672269,0.6008403361344538,5.892404126022931e-05
0.7579831932773109,0.6008403361344538,5.8927639583035175e-05
0.7655462184873949,0.6008403361344538,5.893123790584103e-05
0.773109243697479,0.6008403361344538,5.8934836228646904e-05
0.780672268907563,0.6008403361344538,5.893843455145277e-05
0.788235294117647,0.6008403361344538,5.8942032874258626e-05
0.795798319327731,0.6008403361344538,5.894563119706449e-05
0.8033613445378152,0.6008403361344538,5.8944805423528677e-05
0.8109243697478992,0.6008403361344538,5.893844952956578e-05
0.8184873949579832,0.6008403361344538,5.893209363560289e-05
0.8260504201680672,0.6008403361344538,5.892573774164e-05
0.8336134453781512,0.6008403361344538,5.8919381847677104e-05
0.8411764705882353,0.6008403361344538,5.8913025953714204e-05
0.8487394957983193,0.6008403361344538,5.8906670059751304e-05
0.8563025210084033,0.6008403361344538,5.889950833203501e-05
0.8638655462184873,0.6008403361344538,5.889224587509953e-05
0.8714285714285714,0.6008403361344538,5.888498341816405e-05
0.8789915966386554,0.6008403361344538,5.887772096122856e-05
0.8865546218487395,0.6008403361344538,5.8870458504293076e-05
0.8941176470588235,0.6008403361344538,5.88631960473576e-05
0.9016806722689076,0.6008403361344538,5.8862343046025e-05
0.9092436974789916,0.6008403361344538,5.888392313930252e-05
0.9168067226890756,0.6008403361344538,5.8905503232580037e-05
0.9243697478991596,0.6008403361344538,5.892708332585755e-05
0.9319327731092437,0.6008403361344538,5.894866341913507e-05
0.9394957983193277,0.6008403361344538,5.897024351241258e-05
0.9470588235294117,0.6008403361344538,5.89918236056901e-05
0.9546218487394957,0.6008403361344538,5.898781184935092e-05
0.9621848739495799,0.6008403361344538,5.8963326613318366e-05
0.9697478991596639,0.6008403361344538,5.893884137728581e-05
0.9773109243697479,0.6008403361344538,5.891435614125325e-05
0.9848739495798319,0.6008403361344538,5.88898709052207e-05
0.992436974789916,0.6008403361344538,5.886538566918815e-05
1.0,0.6008403361344538,5.8840900433155594e-05
0.1,0.6176470588235294,2.5925151316505848e-05
0.10756302521008404,0.6176470588235294,2.7117656182779945e-05
0.11512605042016807,0.6176470588235294,2.831016104905405e-05
0.12268907563025211,0.6176470588235294,2.950266591532815e-05
0.13025210084033614,0.6176470588235294,3.069517078160225e-05
0.13781512605042018,0.6176470588235294,3.188767564787635e-05
0.1453781512605042,0.6176470588235294,3.308018051415045e-05
0.15294117647058825,0.6176470588235294,3.4272685380424554e-05
0.16050420168067228,0.6176470588235294,3.54019471891645e-05
0.16806722689075632,0.6176470588235294,3.630985829653487e-05
0.17563025210084032,0.6176470588235294,3.7217769403905245e-05
0.18319327731092439,0.6176470588235294,3.8125680511275625e-05
0.1907563025210084,0.6176470588235294,3.9033591618646e-05
0.19831932773109245,0.6176470588235294,3.994150272601637e-05
0.20588235294117646,0.6176470588235294,4.054047095807215e-05
0.21344537815126052,0.6176470588235294,4.105116979718091e-05
0.22100840336134453,0.6176470588235294,4.156186863628967e-05
0.22857142857142856,0.6176470588235294,4.207256747539843e-05
0.2361344537815126,0.6176470588235294,4.2583266314507185e-05
0.24369747899159663,0.6176470588235294,4.3151043183993234e-05
0.25126050420168067,0.6176470588235294,4.383297611423386e-05
0.2588235294117647,0.6176470588235294,4.4514909044474476e-05
0.26638655462184874,0.6176470588235294,4.5196841974715107e-05
0.2739495798319328,0.6176470588235294,4.5878774904955724e-05
0.2815126050420168,0.6176470588235294,4.656070783519634e-05
0.2890756302521008,0.6176470588235294,4.7242640765436966e-05
0.2966386554621849,0.6176470588235294,4.79245736956776e-05
0.30420168067226894,0.6176470588235294,4.847462922152013e-05
0.31176470588235294,0.6176470588235294,4.8919182823844195e-05
0.31932773109243695,0.6176470588235294,4.936373642616826e-05
0.326890756302521,0.6176470588235294,4.9808290028492326e-05
0.3344537815126051,0.6176470588235294,5.0252843630816395e-05
0.3420168067226891,0.6176470588235294,5.069739723314046e-05
0.3495798319327731,0.6176470588235294,5.114195083546452e-05
0.3571428571428571,0.6176470588235294,5.158650443778858e-05
0.3647058823529412,0.6176470588235294,5.190983660405814e-05
0.3722689075630252,0.6176470588235294,5.219853407431211e-05
0.3798319327731092,0.6176470588235294,5.248723154456609e-05
0.38739495798319323,0.6176470588235294,5.2775929014820065e-05
0.39495798319327735,0.6176470588235294,5.306462648507404e-05
0.40252100840336136,0.6176470588235294,5.3318140894006375e-05
0.41008403361344536,0.6176470588235294,5.350128918029543e-05
0.41764705882352937,0.6176470588235294,5.3684437466584486e-05
0.4252100840336135,0.6176470588235294,5.386758575287354e-05
0.4327731092436975,0.6176470588235294,5.405073403916259e-05
0.4403361344537815,0.6176470588235294,5.423388232545164e-05
0.4478991596638655,0.6176470588235294,5.447527936322005e-05
0.4554621848739496,0.6176470588235294,5.4723957494923407e-05
0.46302521008403363,0.6176470588235294,5.4972635626626747e-05
0.47058823529411764,0.6176470588235294,5.522131375833009e-05
0.47815126050420165,0.6176470588235294,5.546999189003344e-05
0.48571428571428577,0.6176470588235294,5.571867002173678e-05
0.49327731092436977,0.6176470588235294,5.596734815344013e-05
0.5008403361344538,0.6176470588235294,5.6211472125435455e-05
0.5084033613445378,0.6176470588235294,5.6419162819766665e-05
0.5159663865546219,0.6176470588235294,5.662685351409788e-05
0.5235294117647059,0.6176470588235294,5.6834544208429085e-05
0.5310924369747899,0.6176470588235294,5.70422349027603e-05
0.5386554621848739,0.6176470588235294,5.724992559709151e-05
0.546218487394958,0.6176470588235294,5.745761629142273e-05
0.553781512605042,0.6176470588235294,5.766530698575394e-05
0.561344537815126,0.6176470588235294,5.781549754342838e-05
0.5689075630252101,0.6176470588235294,5.785068782778931e-05
0.5764705882352942,0.6176470588235294,5.7885878112150246e-05
0.5840336134453782,0.6176470588235294,5.7921068396511175e-05
0.5915966386554622,0.6176470588235294,5.79562586808721e-05
0.5991596638655462,0.6176470588235294,5.799144896523303e-05
0.6067226890756302,0.6176470588235294,5.811761939555009e-05
0.6142857142857142,0.6176470588235294,5.825516234411166e-05
0.6218487394957983,0.6176470588235294,5.839270529267324e-05
0.6294117647058823,0.6176470588235294,5.853024824123481e-05
0.6369747899159663,0.6176470588235294,5.866779118979639e-05
0.6445378151260504,0.6176470588235294,5.881511867823911e-05
0.6521008403361345,0.6176470588235294,5.8974676841533275e-05
0.6596638655462185,0.6176470588235294,5.913423500482745e-05
0.6672268907563025,0.6176470588235294,5.9293793168121605e-05
0.6747899159663865,0.6176470588235294,5.945335133141577e-05
0.6823529411764706,0.6176470588235294,5.9612909494709936e-05
0.6899159663865546,0.6176470588235294,5.9772467658004095e-05
0.6974789915966386,0.6176470588235294,5.993202582129827e-05
0.7050420168067226,0.6176470588235294,6.001293749156985e-05
0.7126050420168067,0.6176470588235294,6.005452591533015e-05
0.7201680672268908,0.6176470588235294,6.009611433909045e-05
0.7277310924369748,0.6176470588235294,6.0137702762850745e-05
0.7352941176470588,0.6176470588235294,6.017929118661104e-05
0.7428571428571429,0.6176470588235294,6.022087961037134e-05
0.7504201680672269,0.6176470588235294,6.026246803413163e-05
0.7579831932773109,0.6176470588235294,6.0304056457891934e-05
0.7655462184873949,0.6176470588235294,6.031187590302606e-05
0.773109243697479,0.6176470588235294,6.0315474225831924e-05
0.780672268907563,0.6176470588235294,6.031907254863779e-05
0.788235294117647,0.6176470588235294,6.032267087144365e-05
0.795798319327731,0.6176470588235294,6.032626919424951e-05
0.8033613445378152,0.6176470588235294,6.0325443420713704e-05
0.8109243697478992,0.6176470588235294,6.0319087526750804e-05
0.8184873949579832,0.6176470588235294,6.031273163278791e-05
0.8260504201680672,0.6176470588235294,6.030637573882502e-05
0.8336134453781512,0.6176470588235294,6.0300019844862124e-05
0.8411764705882353,0.6176470588235294,6.029366395089923e-05
0.8487394957983193,0.6176470588235294,6.028640149396374e-05
0.8563025210084033,0.6176470588235294,6.027913903702826e-05
0.8638655462184873,0.6176470588235294,6.027187658009278e-05
0.8714285714285714,0.6176470588235294,6.02646141231573e-05
0.8789915966386554,0.6176470588235294,6.025735166622182e-05
0.8865546218487395,0.6176470588235294,6.0250089209286335e-05
0.8941176470588235,0.6176470588235294,6.024282675235086e-05
0.9016806722689076,0.6176470588235294,6.024197375101826e-05
0.9092436974789916,0.6176470588235294,6.0263553844295786e-05
0.9168067226890756,0.6176470588235294,6.0285133937573295e-05
0.9243697478991596,0.6176470588235294,6.030671403085081e-05
0.9319327731092437,0.6176470588235294,6.032829412412833e-05
0.9394957983193277,0.6176470588235294,6.0349874217405844e-05
0.9470588235294117,0.6176470588235294,6.037145431068336e-05
0.9546218487394957,0.6176470588235294,6.039303440396088e-05
0.9621848739495799,0.6176470588235294,6.039414101754503e-05
0.9697478991596639,0.6176470588235294,6.036965578151248e-05
0.9773109243697479,0.6176470588235294,6.0345170545479925e-05
0.9848739495798319,0.6176470588235294,6.032068530944738e-05
0.992436974789916,0.6176470588235294,6.029620007341482e-05
1.0,0.6176470588235294,6.0271714837382266e-05
0.1,0.634453781512605,2.6294989810160547e-05
0.10756302521008404,0.634453781512605,2.748749467643465e-05
0.11512605042016807,0.634453781512605,2.867999954270875e-05
0.12268907563025211,0.634453781512605,2.9872504408982852e-05
0.13025210084033614,0.634453781512605,3.1065009275256956e-05
0.13781512605042018,0.634453781512605,3.225751414153106e-05
0.1453781512605042,0.634453781512605,3.3450019007805156e-05
0.15294117647058825,0.634453781512605,3.464252387407926e-05
0.16050420168067228,0.634453781512605,3.5835028740353364e-05
0.16806722689075632,0.634453781512605,3.699591207786038e-05
0.17563025210084032,0.634453781512605,3.7903823185230755e-05
0.18319327731092439,0.634453781512605,3.8811734292601134e-05
0.1907563025210084,0.634453781512605,3.971964539997151e-05
0.19831932773109245,0.634453781512605,4.062755650734188e-05
0.20588235294117646,0.634453781512605,4.122652473939766e-05
0.21344537815126052,0.634453781512605,4.173722357850642e-05
0.22100840336134453,0.634453781512605,4.224792241761518e-05
0.22857142857142856,0.634453781512605,4.275862125672394e-05
0.2361344537815126,0.634453781512605,4.3345424136335746e-05
0.24369747899159663,0.634453781512605,4.402735706657637e-05
0.25126050420168067,0.634453781512605,4.4709289996816994e-05
0.2588235294117647,0.634453781512605,4.539122292705761e-05
0.26638655462184874,0.634453781512605,4.6073155857298236e-05
0.2739495798319328,0.634453781512605,4.675508878753886e-05
0.2815126050420168,0.634453781512605,4.743702171777949e-05
0.2890756302521008,0.634453781512605,4.811895464802011e-05
0.2966386554621849,0.634453781512605,4.880088757826073e-05
0.30420168067226894,0.634453781512605,4.935094310410327e-05
0.31176470588235294,0.634453781512605,4.979549670642733e-05
0.31932773109243695,0.634453781512605,5.0240050308751394e-05
0.326890756302521,0.634453781512605,5.068460391107546e-05
0.3344537815126051,0.634453781512605,5.112915751339953e-05
0.3420168067226891,0.634453781512605,5.157371111572359e-05
0.3495798319327731,0.634453781512605,5.201826471804765e-05
0.3571428571428571,0.634453781512605,5.2462818320371724e-05
0.3647058823529412,0.634453781512605,5.290737192269579e-05
0.3722689075630252,0.634453781512605,5.324802143697312e-05
0.3798319327731092,0.634453781512605,5.35367189072271e-05
0.38739495798319323,0.634453781512605,5.382541637748108e-05
0.39495798319327735,0.634453781512605,5.4114113847735056e-05
0.40252100840336136,0.634453781512605,5.436762825666739e-05
0.41008403361344536,0.634453781512605,5.455077654295644e-05
0.41764705882352937,0.634453781512605,5.473392482924549e-05
0.4252100840336135,0.634453781512605,5.4917073115534544e-05
0.4327731092436975,0.634453781512605,5.51002214018236e-05
0.4403361344537815,0.634453781512605,5.534889953352694e-05
0.4478991596638655,0.634453781512605,5.559757766523028e-05
0.4554621848739496,0.634453781512605,5.584625579693363e-05
0.46302521008403363,0.634453781512605,5.6094933928636976e-05
0.47058823529411764,0.634453781512605,5.634361206034032e-05
0.47815126050420165,0.634453781512605,5.6592290192043656e-05
0.48571428571428577,0.634453781512605,5.684096832374701e-05
0.49327731092436977,0.634453781512605,5.708964645545035e-05
0.5008403361344538,0.634453781512605,5.733377042744568e-05
0.5084033613445378,0.634453781512605,5.7541461121776895e-05
0.5159663865546219,0.634453781512605,5.7749151816108105e-05
0.5235294117647059,0.634453781512605,5.7956842510439315e-05
0.5310924369747899,0.634453781512605,5.8164533204770525e-05
0.5386554621848739,0.634453781512605,5.837222389910174e-05
0.546218487394958,0.634453781512605,5.857991459343295e-05
0.553781512605042,0.634453781512605,5.878760528776416e-05
0.561344537815126,0.634453781512605,5.899529598209538e-05
0.5689075630252101,0.634453781512605,5.916465325198874e-05
0.5764705882352942,0.634453781512605,5.919984353634967e-05
0.5840336134453782,0.634453781512605,5.92350338207106e-05
0.5915966386554622,0.634453781512605,5.927022410507153e-05
0.5991596638655462,0.634453781512605,5.930541438943246e-05
0.6067226890756302,0.634453781512605,5.943158481974951e-05
0.6142857142857142,0.634453781512605,5.956912776831109e-05
0.6218487394957983,0.634453781512605,5.970667071687267e-05
0.6294117647058823,0.634453781512605,5.984421366543424e-05
0.6369747899159663,0.634453781512605,5.9993987288847254e-05
0.6445378151260504,0.634453781512605,6.015354545214142e-05
0.6521008403361345,0.634453781512605,6.0313103615435585e-05
0.6596638655462185,0.634453781512605,6.047266177872975e-05
0.6672268907563025,0.634453781512605,6.063221994202391e-05
0.6747899159663865,0.634453781512605,6.0791778105318074e-05
0.6823529411764706,0.634453781512605,6.095133626861224e-05
0.6899159663865546,0.634453781512605,6.11108944319064e-05
0.6974789915966386,0.634453781512605,6.127045259520058e-05
0.7050420168067226,0.634453781512605,6.135136426547216e-05
0.7126050420168067,0.634453781512605,6.139295268923246e-05
0.7201680672268908,0.634453781512605,6.143454111299275e-05
0.7277310924369748,0.634453781512605,6.147612953675305e-05
0.7352941176470588,0.634453781512605,6.151771796051335e-05
0.7428571428571429,0.634453781512605,6.155930638427364e-05
0.7504201680672269,0.634453781512605,6.160089480803394e-05
0.7579831932773109,0.634453781512605,6.164248323179424e-05
0.7655462184873949,0.634453781512605,6.168407165555454e-05
0.773109243697479,0.634453781512605,6.169611222301694e-05
0.780672268907563,0.634453781512605,6.16997105458228e-05
0.788235294117647,0.634453781512605,6.170330886862866e-05
0.795798319327731,0.634453781512605,6.170690719143453e-05
0.8033613445378152,0.634453781512605,6.170608141789872e-05
0.8109243697478992,0.634453781512605,6.169972552393582e-05
0.8184873949579832,0.634453781512605,6.169336962997293e-05
0.8260504201680672,0.634453781512605,6.168701373601003e-05
0.8336134453781512,0.634453781512605,6.168055711282796e-05
0.8411764705882353,0.634453781512605,6.167329465589248e-05
0.8487394957983193,0.634453781512605,6.166603219895699e-05
0.8563025210084033,0.634453781512605,6.165876974202152e-05
0.8638655462184873,0.634453781512605,6.165150728508603e-05
0.8714285714285714,0.634453781512605,6.164424482815056e-05
0.8789915966386554,0.634453781512605,6.163698237121507e-05
0.8865546218487395,0.634453781512605,6.162971991427959e-05
0.8941176470588235,0.634453781512605,6.162245745734411e-05
0.9016806722689076,0.634453781512605,6.16216044560115e-05
0.9092436974789916,0.634453781512605,6.164318454928902e-05
0.9168067226890756,0.634453781512605,6.166476464256655e-05
0.9243697478991596,0.634453781512605,6.168634473584407e-05
0.9319327731092437,0.634453781512605,6.170792482912158e-05
0.9394957983193277,0.634453781512605,6.172950492239909e-05
0.9470588235294117,0.634453781512605,6.175108501567661e-05
0.9546218487394957,0.634453781512605,6.177266510895414e-05
0.9621848739495799,0.634453781512605,6.179424520223165e-05
0.9697478991596639,0.634453781512605,6.180047018573914e-05
0.9773109243697479,0.634453781512605,6.177598494970658e-05
0.9848739495798319,0.634453781512605,6.175149971367403e-05
0.992436974789916,0.634453781512605,6.172701447764148e-05
1.0,0.634453781512605,6.170252924160892e-05
0.1,0.6512605042016807,2.6664828303815257e-05
0.10756302521008404,0.6512605042016807,2.7857333170089358e-05
0.11512605042016807,0.6512605042016807,2.9049838036363458e-05
0.12268907563025211,0.6512605042016807,3.024234290263756e-05
0.13025210084033614,0.6512605042016807,3.143484776891166e-05
0.13781512605042018,0.6512605042016807,3.2627352635185766e-05
0.1453781512605042,0.6512605042016807,3.381985750145986e-05
0.15294117647058825,0.6512605042016807,3.501236236773397e-05
0.16050420168067228,0.6512605042016807,3.6204867234008064e-05
0.16806722689075632,0.6512605042016807,3.739737210028217e-05
0.17563025210084032,0.6512605042016807,3.8589876966556264e-05
0.18319327731092439,0.6512605042016807,3.949778807392665e-05
0.1907563025210084,0.6512605042016807,4.040569918129702e-05
0.19831932773109245,0.6512605042016807,4.1313610288667396e-05
0.20588235294117646,0.6512605042016807,4.191257852072318e-05
0.21344537815126052,0.6512605042016807,4.2423277359831944e-05
0.22100840336134453,0.6512605042016807,4.29339761989407e-05
0.22857142857142856,0.6512605042016807,4.3539805088678264e-05
0.2361344537815126,0.6512605042016807,4.422173801891889e-05
0.24369747899159663,0.6512605042016807,4.490367094915951e-05
0.25126050420168067,0.6512605042016807,4.558560387940014e-05
0.2588235294117647,0.6512605042016807,4.626753680964076e-05
0.26638655462184874,0.6512605042016807,4.694946973988138e-05
0.2739495798319328,0.6512605042016807,4.763140267012202e-05
0.2815126050420168,0.6512605042016807,4.831333560036263e-05
0.2890756302521008,0.6512605042016807,4.8995268530603245e-05
0.2966386554621849,0.6512605042016807,4.9677201460843876e-05
0.30420168067226894,0.6512605042016807,5.0227256986686406e-05
0.31176470588235294,0.6512605042016807,5.0671810589010475e-05
0.31932773109243695,0.6512605042016807,5.1116364191334537e-05
0.326890756302521,0.6512605042016807,5.1560917793658605e-05
0.3344537815126051,0.6512605042016807,5.2005471395982674e-05
0.3420168067226891,0.6512605042016807,5.245002499830673e-05
0.3495798319327731,0.6512605042016807,5.28945786006308e-05
0.3571428571428571,0.6512605042016807,5.333913220295486e-05
0.3647058823529412,0.6512605042016807,5.378368580527893e-05
0.3722689075630252,0.6512605042016807,5.4228239407603e-05
0.3798319327731092,0.6512605042016807,5.458620626988812e-05
0.38739495798319323,0.6512605042016807,5.48749037401421e-05
0.39495798319327735,0.6512605042016807,5.516360121039608e-05
0.40252100840336136,0.6512605042016807,5.541711561932841e-05
0.41008403361344536,0.6512605042016807,5.560026390561746e-05
0.41764705882352937,0.6512605042016807,5.5783412191906513e-05
0.4252100840336135,0.6512605042016807,5.597384157213049e-05
0.4327731092436975,0.6512605042016807,5.622251970383383e-05
0.4403361344537815,0.6512605042016807,5.647119783553718e-05
0.4478991596638655,0.6512605042016807,5.671987596724052e-05
0.4554621848739496,0.6512605042016807,5.6968554098943866e-05
0.46302521008403363,0.6512605042016807,5.721723223064721e-05
0.47058823529411764,0.6512605042016807,5.746591036235055e-05
0.47815126050420165,0.6512605042016807,5.771458849405389e-05
0.48571428571428577,0.6512605042016807,5.796326662575724e-05
0.49327731092436977,0.6512605042016807,5.821194475746058e-05
0.5008403361344538,0.6512605042016807,5.845606872945591e-05
0.5084033613445378,0.6512605042016807,5.866375942378712e-05
0.5159663865546219,0.6512605042016807,5.8871450118118335e-05
0.5235294117647059,0.6512605042016807,5.9079140812449545e-05
0.5310924369747899,0.6512605042016807,5.928683150678075e-05
0.5386554621848739,0.6512605042016807,5.9494522201111966e-05
0.546218487394958,0.6512605042016807,5.970221289544318e-05
0.553781512605042,0.6512605042016807,5.9909903589774386e-05
0.561344537815126,0.6512605042016807,6.01175942841056e-05
0.5689075630252101,0.6512605042016807,6.0325284978436813e-05
0.5764705882352942,0.6512605042016807,6.051380896054911e-05
0.5840336134453782,0.6512605042016807,6.054899924491004e-05
0.5915966386554622,0.6512605042016807,6.058418952927097e-05
0.5991596638655462,0.6512605042016807,6.06193798136319e-05
0.6067226890756302,0.6512605042016807,6.074555024394895e-05
0.6142857142857142,0.6512605042016807,6.088309319251053e-05
0.6218487394957983,0.6512605042016807,6.1020636141072106e-05
0.6294117647058823,0.6512605042016807,6.11728558994554e-05
0.6369747899159663,0.6512605042016807,6.133241406274957e-05
0.6445378151260504,0.6512605042016807,6.149197222604373e-05
0.6521008403361345,0.6512605042016807,6.16515303893379e-05
0.6596638655462185,0.6512605042016807,6.181108855263207e-05
0.6672268907563025,0.6512605042016807,6.197064671592623e-05
0.6747899159663865,0.6512605042016807,6.213020487922039e-05
0.6823529411764706,0.6512605042016807,6.228976304251455e-05
0.6899159663865546,0.6512605042016807,6.244932120580872e-05
0.6974789915966386,0.6512605042016807,6.260887936910288e-05
0.7050420168067226,0.6512605042016807,6.268979103937446e-05
0.7126050420168067,0.6512605042016807,6.273137946313476e-05
0.7201680672268908,0.6512605042016807,6.277296788689506e-05
0.7277310924369748,0.6512605042016807,6.281455631065536e-05
0.7352941176470588,0.6512605042016807,6.285614473441565e-05
0.7428571428571429,0.6512605042016807,6.289773315817595e-05
0.7504201680672269,0.6512605042016807,6.293932158193625e-05
0.7579831932773109,0.6512605042016807,6.298091000569654e-05
0.7655462184873949,0.6512605042016807,6.302249842945684e-05
0.773109243697479,0.6512605042016807,6.306408685321714e-05
0.780672268907563,0.6512605042016807,6.308034854300782e-05
0.788235294117647,0.6512605042016807,6.308394686581368e-05
0.795798319327731,0.6512605042016807,6.308754518861954e-05
0.8033613445378152,0.6512605042016807,6.308671941508374e-05
0.8109243697478992,0.6512605042016807,6.308036352112084e-05
0.8184873949579832,0.6512605042016807,6.307400762715794e-05
0.8260504201680672,0.6512605042016807,6.30674502747567e-05
0.8336134453781512,0.6512605042016807,6.306018781782121e-05
0.8411764705882353,0.6512605042016807,6.305292536088574e-05
0.8487394957983193,0.6512605042016807,6.304566290395026e-05
0.8563025210084033,0.6512605042016807,6.303840044701477e-05
0.8638655462184873,0.6512605042016807,6.30311379900793e-05
0.8714285714285714,0.6512605042016807,6.302387553314381e-05
0.8789915966386554,0.6512605042016807,6.301661307620832e-05
0.8865546218487395,0.6512605042016807,6.300935061927284e-05
0.8941176470588235,0.6512605042016807,6.300208816233737e-05
0.9016806722689076,0.6512605042016807,6.300123516100477e-05
0.9092436974789916,0.6512605042016807,6.302281525428229e-05
0.9168067226890756,0.6512605042016807,6.30443953475598e-05
0.9243697478991596,0.6512605042016807,6.306597544083732e-05
0.9319327731092437,0.6512605042016807,6.308755553411483e-05
0.9394957983193277,0.6512605042016807,6.310913562739234e-05
0.9470588235294117,0.6512605042016807,6.313071572066986e-05
0.9546218487394957,0.6512605042016807,6.315229581394739e-05
0.9621848739495799,0.6512605042016807,6.31738759072249e-05
0.9697478991596639,0.6512605042016807,6.319545600050242e-05
0.9773109243697479,0.6512605042016807,6.320679935393326e-05
0.9848739495798319,0.6512605042016807,6.31823141179007e-05
0.992436974789916,0.6512605042016807,6.315782888186815e-05
1.0,0.6512605042016807,6.313334364583559e-05
0.1,0.6680672268907563,2.7034666797469957e-05
0.10756302521008404,0.6680672268907563,2.822717166374406e-05
0.11512605042016807,0.6680672268907563,2.941967653001816e-05
0.12268907563025211,0.6680672268907563,3.0612181396292265e-05
0.13025210084033614,0.6680672268907563,3.180468626256637e-05
0.13781512605042018,0.6680672268907563,3.2997191128840466e-05
0.1453781512605042,0.6680672268907563,3.418969599511457e-05
0.15294117647058825,0.6680672268907563,3.538220086138867e-05
0.16050420168067228,0.6680672268907563,3.657470572766277e-05
0.16806722689075632,0.6680672268907563,3.7767210593936874e-05
0.17563025210084032,0.6680672268907563,3.895971546021097e-05
0.18319327731092439,0.6680672268907563,4.0152220326485075e-05
0.1907563025210084,0.6680672268907563,4.1091752962622526e-05
0.19831932773109245,0.6680672268907563,4.1999664069992906e-05
0.20588235294117646,0.6680672268907563,4.2598632302048686e-05
0.21344537815126052,0.6680672268907563,4.3109331141157447e-05
0.22100840336134453,0.6680672268907563,4.373418604102078e-05
0.22857142857142856,0.6680672268907563,4.441611897126141e-05
0.2361344537815126,0.6680672268907563,4.509805190150203e-05
0.24369747899159663,0.6680672268907563,4.5779984831742656e-05
0.25126050420168067,0.6680672268907563,4.646191776198327e-05
0.2588235294117647,0.6680672268907563,4.71438506922239e-05
0.26638655462184874,0.6680672268907563,4.782578362246452e-05
0.2739495798319328,0.6680672268907563,4.8507716552705146e-05
0.2815126050420168,0.6680672268907563,4.9189649482945764e-05
0.2890756302521008,0.6680672268907563,4.987158241318638e-05
0.2966386554621849,0.6680672268907563,5.055351534342701e-05
0.30420168067226894,0.6680672268907563,5.110357086926955e-05
0.31176470588235294,0.6680672268907563,5.154812447159361e-05
0.31932773109243695,0.6680672268907563,5.199267807391768e-05
0.326890756302521,0.6680672268907563,5.243723167624174e-05
0.3344537815126051,0.6680672268907563,5.288178527856581e-05
0.3420168067226891,0.6680672268907563,5.3326338880889866e-05
0.3495798319327731,0.6680672268907563,5.3770892483213935e-05
0.3571428571428571,0.6680672268907563,5.4215446085538004e-05
0.3647058823529412,0.6680672268907563,5.465999968786207e-05
0.3722689075630252,0.6680672268907563,5.510455329018614e-05
0.3798319327731092,0.6680672268907563,5.5549106892510197e-05
0.38739495798319323,0.6680672268907563,5.592439110280311e-05
0.39495798319327735,0.6680672268907563,5.6213088573057084e-05
0.40252100840336136,0.6680672268907563,5.6466602981989424e-05
0.41008403361344536,0.6680672268907563,5.6649751268278476e-05
0.41764705882352937,0.6680672268907563,5.684746174243737e-05
0.4252100840336135,0.6680672268907563,5.7096139874140716e-05
0.4327731092436975,0.6680672268907563,5.734481800584406e-05
0.4403361344537815,0.6680672268907563,5.75934961375474e-05
0.4478991596638655,0.6680672268907563,5.784217426925074e-05
0.4554621848739496,0.6680672268907563,5.809085240095409e-05
0.46302521008403363,0.6680672268907563,5.8339530532657436e-05
0.47058823529411764,0.6680672268907563,5.858820866436078e-05
0.47815126050420165,0.6680672268907563,5.883688679606412e-05
0.48571428571428577,0.6680672268907563,5.908556492776747e-05
0.49327731092436977,0.6680672268907563,5.933424305947081e-05
0.5008403361344538,0.6680672268907563,5.957836703146614e-05
0.5084033613445378,0.6680672268907563,5.978605772579735e-05
0.5159663865546219,0.6680672268907563,5.9993748420128565e-05
0.5235294117647059,0.6680672268907563,6.0201439114459775e-05
0.5310924369747899,0.6680672268907563,6.0409129808790985e-05
0.5386554621848739,0.6680672268907563,6.06168205031222e-05
0.546218487394958,0.6680672268907563,6.082451119745341e-05
0.553781512605042,0.6680672268907563,6.103220189178462e-05
0.561344537815126,0.6680672268907563,6.123989258611583e-05
0.5689075630252101,0.6680672268907563,6.144758328044705e-05
0.5764705882352942,0.6680672268907563,6.165527397477825e-05
0.5840336134453782,0.6680672268907563,6.186296466910947e-05
0.5915966386554622,0.6680672268907563,6.189815495347039e-05
0.5991596638655462,0.6680672268907563,6.193334523783133e-05
0.6067226890756302,0.6680672268907563,6.205951566814838e-05
0.6142857142857142,0.6680672268907563,6.219705861670996e-05
0.6218487394957983,0.6680672268907563,6.235172451006354e-05
0.6294117647058823,0.6680672268907563,6.25112826733577e-05
0.6369747899159663,0.6680672268907563,6.267084083665187e-05
0.6445378151260504,0.6680672268907563,6.283039899994605e-05
0.6521008403361345,0.6680672268907563,6.29899571632402e-05
0.6596638655462185,0.6680672268907563,6.314951532653438e-05
0.6672268907563025,0.6680672268907563,6.330907348982853e-05
0.6747899159663865,0.6680672268907563,6.34686316531227e-05
0.6823529411764706,0.6680672268907563,6.362818981641687e-05
0.6899159663865546,0.6680672268907563,6.378774797971102e-05
0.6974789915966386,0.6680672268907563,6.39473061430052e-05
0.7050420168067226,0.6680672268907563,6.402821781327678e-05
0.7126050420168067,0.6680672268907563,6.406980623703708e-05
0.7201680672268908,0.6680672268907563,6.411139466079737e-05
0.7277310924369748,0.6680672268907563,6.415298308455767e-05
0.7352941176470588,0.6680672268907563,6.419457150831797e-05
0.7428571428571429,0.6680672268907563,6.423615993207827e-05
0.7504201680672269,0.6680672268907563,6.427774835583856e-05
0.7579831932773109,0.6680672268907563,6.431933677959886e-05
0.7655462184873949,0.6680672268907563,6.436092520335916e-05
0.773109243697479,0.6680672268907563,6.440251362711944e-05
0.780672268907563,0.6680672268907563,6.444410205087975e-05
0.788235294117647,0.6680672268907563,6.446458486299869e-05
0.795798319327731,0.6680672268907563,6.446818318580456e-05
0.8033613445378152,0.6680672268907563,6.446735741226874e-05
0.8109243697478992,0.6680672268907563,6.446100151830584e-05
0.8184873949579832,0.6680672268907563,6.445434343668543e-05
0.8260504201680672,0.6680672268907563,6.444708097974995e-05
0.8336134453781512,0.6680672268907563,6.443981852281447e-05
0.8411764705882353,0.6680672268907563,6.4432556065879e-05
0.8487394957983193,0.6680672268907563,6.442529360894351e-05
0.8563025210084033,0.6680672268907563,6.441803115200802e-05
0.8638655462184873,0.6680672268907563,6.441076869507255e-05
0.8714285714285714,0.6680672268907563,6.440350623813706e-05
0.8789915966386554,0.6680672268907563,6.439624378120158e-05
0.8865546218487395,0.6680672268907563,6.43889813242661e-05
0.8941176470588235,0.6680672268907563,6.438171886733062e-05
0.9016806722689076,0.6680672268907563,6.438086586599802e-05
0.9092436974789916,0.6680672268907563,6.440244595927554e-05
0.9168067226890756,0.6680672268907563,6.442402605255305e-05
0.9243697478991596,0.6680672268907563,6.444560614583057e-05
0.9319327731092437,0.6680672268907563,6.446718623910808e-05
0.9394957983193277,0.6680672268907563,6.44887663323856e-05
0.9470588235294117,0.6680672268907563,6.451034642566312e-05
0.9546218487394957,0.6680672268907563,6.453192651894064e-05
0.9621848739495799,0.6680672268907563,6.455350661221815e-05
0.9697478991596639,0.6680672268907563,6.457508670549567e-05
0.9773109243697479,0.6680672268907563,6.459666679877318e-05
0.9848739495798319,0.6680672268907563,6.461312852212736e-05
0.992436974789916,0.6680672268907563,6.45886432860948e-05
1.0,0.6680672268907563,6.456415805006226e-05
0.1,0.6848739495798319,2.7404505291124667e-05
0.10756302521008404,0.6848739495798319,2.8597010157398767e-05
0.11512605042016807,0.6848739495798319,2.9789515023672868e-05
0.12268907563025211,0.6848739495798319,3.098201988994697e-05
0.13025210084033614,0.6848739495798319,3.2174524756221075e-05
0.13781512605042018,0.6848739495798319,3.336702962249517e-05
0.1453781512605042,0.6848739495798319,3.4559534488769276e-05
0.15294117647058825,0.6848739495798319,3.575203935504338e-05
0.16050420168067228,0.6848739495798319,3.694454422131748e-05
0.16806722689075632,0.6848739495798319,3.813704908759158e-05
0.17563025210084032,0.6848739495798319,3.932955395386568e-05
0.18319327731092439,0.6848739495798319,4.052205882013979e-05
0.1907563025210084,0.6848739495798319,4.1714563686413885e-05
0.19831932773109245,0.6848739495798319,4.268571785131842e-05
0.20588235294117646,0.6848739495798319,4.328468608337421e-05
0.21344537815126052,0.6848739495798319,4.39285669933633e-05
0.22100840336134453,0.6848739495798319,4.4610499923603926e-05
0.22857142857142856,0.6848739495798319,4.529243285384455e-05
0.2361344537815126,0.6848739495798319,4.5974365784085174e-05
0.24369747899159663,0.6848739495798319,4.665629871432579e-05
0.25126050420168067,0.6848739495798319,4.7338231644566416e-05
0.2588235294117647,0.6848739495798319,4.8020164574807034e-05
0.26638655462184874,0.6848739495798319,4.870209750504766e-05
0.2739495798319328,0.6848739495798319,4.938403043528829e-05
0.2815126050420168,0.6848739495798319,5.0065963365528907e-05
0.2890756302521008,0.6848739495798319,5.0747896295769524e-05
0.2966386554621849,0.6848739495798319,5.1429829226010155e-05
0.30420168067226894,0.6848739495798319,5.197988475185269e-05
0.31176470588235294,0.6848739495798319,5.2424438354176754e-05
0.31932773109243695,0.6848739495798319,5.286899195650082e-05
0.326890756302521,0.6848739495798319,5.331354555882489e-05
0.3344537815126051,0.6848739495798319,5.375809916114896e-05
0.3420168067226891,0.6848739495798319,5.4202652763473016e-05
0.3495798319327731,0.6848739495798319,5.464720636579708e-05
0.3571428571428571,0.6848739495798319,5.509175996812114e-05
0.3647058823529412,0.6848739495798319,5.5536313570445215e-05
0.3722689075630252,0.6848739495798319,5.598086717276928e-05
0.3798319327731092,0.6848739495798319,5.642542077509334e-05
0.38739495798319323,0.6848739495798319,5.68699743774174e-05
0.39495798319327735,0.6848739495798319,5.726257593571811e-05
0.40252100840336136,0.6848739495798319,5.7516090344650445e-05
0.41008403361344536,0.6848739495798319,5.7721081912744266e-05
0.41764705882352937,0.6848739495798319,5.7969760044447606e-05
0.4252100840336135,0.6848739495798319,5.821843817615095e-05
0.4327731092436975,0.6848739495798319,5.84671163078543e-05
0.4403361344537815,0.6848739495798319,5.8715794439557646e-05
0.4478991596638655,0.6848739495798319,5.896447257126098e-05
0.4554621848739496,0.6848739495798319,5.9213150702964326e-05
0.46302521008403363,0.6848739495798319,5.946182883466767e-05
0.47058823529411764,0.6848739495798319,5.971050696637101e-05
0.47815126050420165,0.6848739495798319,5.995918509807436e-05
0.48571428571428577,0.6848739495798319,6.02078632297777e-05
0.49327731092436977,0.6848739495798319,6.0456541361481046e-05
0.5008403361344538,0.6848739495798319,6.0700665333476374e-05
0.5084033613445378,0.6848739495798319,6.0908356027807584e-05
0.5159663865546219,0.6848739495798319,6.11160467221388e-05
0.5235294117647059,0.6848739495798319,6.132373741647002e-05
0.5310924369747899,0.6848739495798319,6.153142811080122e-05
0.5386554621848739,0.6848739495798319,6.173911880513244e-05
0.546218487394958,0.6848739495798319,6.194680949946364e-05
0.553781512605042,0.6848739495798319,6.215450019379486e-05
0.561344537815126,0.6848739495798319,6.236219088812606e-05
0.5689075630252101,0.6848739495798319,6.256988158245728e-05
0.5764705882352942,0.6848739495798319,6.27775722767885e-05
0.5840336134453782,0.6848739495798319,6.29852629711197e-05
0.5915966386554622,0.6848739495798319,6.319295366545092e-05
0.5991596638655462,0.6848739495798319,6.324731066203077e-05
0.6067226890756302,0.6848739495798319,6.337348109234782e-05
0.6142857142857142,0.6848739495798319,6.35305931206717e-05
0.6218487394957983,0.6848739495798319,6.369015128396586e-05
0.6294117647058823,0.6848739495798319,6.384970944726002e-05
0.6369747899159663,0.6848739495798319,6.400926761055419e-05
0.6445378151260504,0.6848739495798319,6.416882577384836e-05
0.6521008403361345,0.6848739495798319,6.432838393714252e-05
0.6596638655462185,0.6848739495798319,6.448794210043669e-05
0.6672268907563025,0.6848739495798319,6.464750026373085e-05
0.6747899159663865,0.6848739495798319,6.480705842702502e-05
0.6823529411764706,0.6848739495798319,6.496661659031918e-05
0.6899159663865546,0.6848739495798319,6.512617475361334e-05
0.6974789915966386,0.6848739495798319,6.528573291690751e-05
0.7050420168067226,0.6848739495798319,6.53666445871791e-05
0.7126050420168067,0.6848739495798319,6.54082330109394e-05
0.7201680672268908,0.6848739495798319,6.54498214346997e-05
0.7277310924369748,0.6848739495798319,6.549140985845998e-05
0.7352941176470588,0.6848739495798319,6.553299828222028e-05
0.7428571428571429,0.6848739495798319,6.557458670598058e-05
0.7504201680672269,0.6848739495798319,6.561617512974087e-05
0.7579831932773109,0.6848739495798319,6.565776355350117e-05
0.7655462184873949,0.6848739495798319,6.569935197726147e-05
0.773109243697479,0.6848739495798319,6.574094040102177e-05
0.780672268907563,0.6848739495798319,6.578252882478206e-05
0.788235294117647,0.6848739495798319,6.582411724854236e-05
0.795798319327731,0.6848739495798319,6.584882118298958e-05
0.8033613445378152,0.6848739495798319,6.584799540945377e-05
0.8109243697478992,0.6848739495798319,6.584123659861416e-05
0.8184873949579832,0.6848739495798319,6.583397414167869e-05
0.8260504201680672,0.6848739495798319,6.58267116847432e-05
0.8336134453781512,0.6848739495798319,6.581944922780773e-05
0.8411764705882353,0.6848739495798319,6.581218677087225e-05
0.8487394957983193,0.6848739495798319,6.580492431393676e-05
0.8563025210084033,0.6848739495798319,6.579766185700127e-05
0.8638655462184873,0.6848739495798319,6.57903994000658e-05
0.8714285714285714,0.6848739495798319,6.578313694313033e-05
0.8789915966386554,0.6848739495798319,6.577587448619484e-05
0.8865546218487395,0.6848739495798319,6.576861202925936e-05
0.8941176470588235,0.6848739495798319,6.576134957232387e-05
0.9016806722689076,0.6848739495798319,6.576049657099127e-05
0.9092436974789916,0.6848739495798319,6.578207666426879e-05
0.9168067226890756,0.6848739495798319,6.580365675754632e-05
0.9243697478991596,0.6848739495798319,6.582523685082383e-05
0.9319327731092437,0.6848739495798319,6.584681694410135e-05
0.9394957983193277,0.6848739495798319,6.586839703737886e-05
0.9470588235294117,0.6848739495798319,6.588997713065638e-05
0.9546218487394957,0.6848739495798319,6.591155722393389e-05
0.9621848739495799,0.6848739495798319,6.593313731721141e-05
0.9697478991596639,0.6848739495798319,6.595471741048892e-05
0.9773109243697479,0.6848739495798319,6.597629750376645e-05
0.9848739495798319,0.6848739495798319,6.599787759704396e-05
0.992436974789916,0.6848739495798319,6.601945769032148e-05
1.0,0.6848739495798319,6.599497245428892e-05
0.1,0.7016806722689075,2.7773115940244486e-05
0.10756302521008404,0.7016806722689075,2.899002104701215e-05
0.11512605042016807,0.7016806722689075,3.018252591328625e-05
0.12268907563025211,0.7016806722689075,3.1375030779560355e-05
0.13025210084033614,0.7016806722689075,3.256753564583445e-05
0.13781512605042018,0.7016806722689075,3.376004051210856e-05
0.1453781512605042,0.7016806722689075,3.495254537838266e-05
0.15294117647058825,0.7016806722689075,3.614505024465676e-05
0.16050420168067228,0.7016806722689075,3.733755511093086e-05
0.16806722689075632,0.7016806722689075,3.8530059977204964e-05
0.17563025210084032,0.7016806722689075,3.9722564843479054e-05
0.18319327731092439,0.7016806722689075,4.0915069709753165e-05
0.1907563025210084,0.7016806722689075,4.210757457602726e-05
0.19831932773109245,0.7016806722689075,4.3300079442301365e-05
0.20588235294117646,0.7016806722689075,4.409547280277165e-05
0.21344537815126052,0.7016806722689075,4.477740573301227e-05
0.22100840336134453,0.7016806722689075,4.54593386632529e-05
0.22857142857142856,0.7016806722689075,4.614127159349352e-05
0.2361344537815126,0.7016806722689075,4.6823204523734146e-05
0.24369747899159663,0.7016806722689075,4.750513745397477e-05
0.25126050420168067,0.7016806722689075,4.818707038421539e-05
0.2588235294117647,0.7016806722689075,4.8869003314456005e-05
0.26638655462184874,0.7016806722689075,4.9550936244696636e-05
0.2739495798319328,0.7016806722689075,5.023286917493726e-05
0.2815126050420168,0.7016806722689075,5.0914802105177885e-05
0.2890756302521008,0.7016806722689075,5.15967350354185e-05
0.2966386554621849,0.7016806722689075,5.227866796565913e-05
0.30420168067226894,0.7016806722689075,5.2864401374326754e-05
0.31176470588235294,0.7016806722689075,5.3308954976650816e-05
0.31932773109243695,0.7016806722689075,5.3753508578974885e-05
0.326890756302521,0.7016806722689075,5.419806218129895e-05
0.3344537815126051,0.7016806722689075,5.4642615783623016e-05
0.3420168067226891,0.7016806722689075,5.508716938594707e-05
0.3495798319327731,0.7016806722689075,5.553172298827114e-05
0.3571428571428571,0.7016806722689075,5.59762765905952e-05
0.3647058823529412,0.7016806722689075,5.642083019291927e-05
0.3722689075630252,0.7016806722689075,5.686538379524334e-05
0.3798319327731092,0.7016806722689075,5.73099373975674e-05
0.38739495798319323,0.7016806722689075,5.775449099989146e-05
0.39495798319327735,0.7016806722689075,5.819904460221553e-05
0.40252100840336136,0.7016806722689075,5.860817585115045e-05
0.41008403361344536,0.7016806722689075,5.88568539828538e-05
0.41764705882352937,0.7016806722689075,5.910553211455714e-05
0.4252100840336135,0.7016806722689075,5.935421024626048e-05
0.4327731092436975,0.7016806722689075,5.9602888377963826e-05
0.4403361344537815,0.7016806722689075,5.9851566509667166e-05
0.4478991596638655,0.7016806722689075,6.0100244641370506e-05
0.4554621848739496,0.7016806722689075,6.034892277307387e-05
0.46302521008403363,0.7016806722689075,6.059760090477721e-05
0.47058823529411764,0.7016806722689075,6.0846279036480553e-05
0.47815126050420165,0.7016806722689075,6.109495716818389e-05
0.48571428571428577,0.7016806722689075,6.134363529988724e-05
0.49327731092436977,0.7016806722689075,6.159231343159058e-05
0.5008403361344538,0.7016806722689075,6.183643740358591e-05
0.5084033613445378,0.7016806722689075,6.204412809791711e-05
0.5159663865546219,0.7016806722689075,6.225181879224833e-05
0.5235294117647059,0.7016806722689075,6.245950948657953e-05
0.5310924369747899,0.7016806722689075,6.266720018091075e-05
0.5386554621848739,0.7016806722689075,6.287489087524197e-05
0.546218487394958,0.7016806722689075,6.308258156957318e-05
0.553781512605042,0.7016806722689075,6.329027226390439e-05
0.561344537815126,0.7016806722689075,6.34979629582356e-05
0.5689075630252101,0.7016806722689075,6.370565365256682e-05
0.5764705882352942,0.7016806722689075,6.391334434689802e-05
0.5840336134453782,0.7016806722689075,6.412103504122924e-05
0.5915966386554622,0.7016806722689075,6.432872573556044e-05
0.5991596638655462,0.7016806722689075,6.453641642989166e-05
0.6067226890756302,0.7016806722689075,6.471008347493426e-05
0.6142857142857142,0.7016806722689075,6.486964163822843e-05
0.6218487394957983,0.7016806722689075,6.50291998015226e-05
0.6294117647058823,0.7016806722689075,6.518875796481677e-05
0.6369747899159663,0.7016806722689075,6.534831612811092e-05
0.6445378151260504,0.7016806722689075,6.550787429140508e-05
0.6521008403361345,0.7016806722689075,6.566743245469925e-05
0.6596638655462185,0.7016806722689075,6.582699061799343e-05
0.6672268907563025,0.7016806722689075,6.598654878128759e-05
0.6747899159663865,0.7016806722689075,6.614610694458174e-05
0.6823529411764706,0.7016806722689075,6.630566510787592e-05
0.6899159663865546,0.7016806722689075,6.646522327117007e-05
0.6974789915966386,0.7016806722689075,6.662478143446423e-05
0.7050420168067226,0.7016806722689075,6.670569310473583e-05
0.7126050420168067,0.7016806722689075,6.674728152849613e-05
0.7201680672268908,0.7016806722689075,6.678886995225642e-05
0.7277310924369748,0.7016806722689075,6.683045837601672e-05
0.7352941176470588,0.7016806722689075,6.687204679977702e-05
0.7428571428571429,0.7016806722689075,6.691363522353732e-05
0.7504201680672269,0.7016806722689075,6.69552236472976e-05
0.7579831932773109,0.7016806722689075,6.699681207105791e-05
0.7655462184873949,0.7016806722689075,6.703840049481821e-05
0.773109243697479,0.7016806722689075,6.70799889185785e-05
0.780672268907563,0.7016806722689075,6.71215773423388e-05
0.788235294117647,0.7016806722689075,6.71631657660991e-05
0.795798319327731,0.7016806722689075,6.720475418985938e-05
0.8033613445378152,0.7016806722689075,6.723978955922106e-05
0.8109243697478992,0.7016806722689075,6.723252710228558e-05
0.8184873949579832,0.7016806722689075,6.722526464535009e-05
0.8260504201680672,0.7016806722689075,6.72180021884146e-05
0.8336134453781512,0.7016806722689075,6.721073973147913e-05
0.8411764705882353,0.7016806722689075,6.720347727454364e-05
0.8487394957983193,0.7016806722689075,6.719621481760816e-05
0.8563025210084033,0.7016806722689075,6.718895236067269e-05
0.8638655462184873,0.7016806722689075,6.71816899037372e-05
0.8714285714285714,0.7016806722689075,6.717442744680173e-05
0.8789915966386554,0.7016806722689075,6.716716498986624e-05
0.8865546218487395,0.7016806722689075,6.715990253293075e-05
0.8941176470588235,0.7016806722689075,6.715264007599527e-05
0.9016806722689076,0.7016806722689075,6.716544127105779e-05
0.9092436974789916,0.7016806722689075,6.718702136433531e-05
0.9168067226890756,0.7016806722689075,6.720860145761282e-05
0.9243697478991596,0.7016806722689075,6.723018155089035e-05
0.9319327731092437,0.7016806722689075,6.725176164416786e-05
0.9394957983193277,0.7016806722689075,6.727334173744538e-05
0.9470588235294117,0.7016806722689075,6.72949218307229e-05
0.9546218487394957,0.7016806722689075,6.731650192400041e-05
0.9621848739495799,0.7016806722689075,6.733808201727794e-05
0.9697478991596639,0.7016806722689075,6.735966211055545e-05
0.9773109243697479,0.7016806722689075,6.738124220383296e-05
0.9848739495798319,0.7016806722689075,6.740282229711048e-05
0.992436974789916,0.7016806722689075,6.742440239038799e-05
1.0,0.7016806722689075,6.744598248366551e-05
0.1,0.7184873949579832,2.8130675988550343e-05
0.10756302521008404,0.7184873949579832,2.954278301926651e-05
0.11512605042016807,0.7184873949579832,3.0784088366527734e-05
0.12268907563025211,0.7184873949579832,3.197659323280184e-05
0.13025210084033614,0.7184873949579832,3.316909809907594e-05
0.13781512605042018,0.7184873949579832,3.4361602965350045e-05
0.1453781512605042,0.7184873949579832,3.555410783162414e-05
0.15294117647058825,0.7184873949579832,3.674661269789824e-05
0.16050420168067228,0.7184873949579832,3.793911756417234e-05
0.16806722689075632,0.7184873949579832,3.913162243044645e-05
0.17563025210084032,0.7184873949579832,4.0324127296720544e-05
0.18319327731092439,0.7184873949579832,4.1516632162994654e-05
0.1907563025210084,0.7184873949579832,4.270913702926875e-05
0.19831932773109245,0.7184873949579832,4.3901641895542855e-05
0.20588235294117646,0.7184873949579832,4.469703525601313e-05
0.21344537815126052,0.7184873949579832,4.5378968186253756e-05
0.22100840336134453,0.7184873949579832,4.606090111649438e-05
0.22857142857142856,0.7184873949579832,4.6742834046735004e-05
0.2361344537815126,0.7184873949579832,4.742476697697563e-05
0.24369747899159663,0.7184873949579832,4.8106699907216246e-05
0.25126050420168067,0.7184873949579832,4.878863283745688e-05
0.2588235294117647,0.7184873949579832,4.9470565767697495e-05
0.26638655462184874,0.7184873949579832,5.015249869793812e-05
0.2739495798319328,0.7184873949579832,5.083443162817874e-05
0.2815126050420168,0.7184873949579832,5.151636455841936e-05
0.2890756302521008,0.7184873949579832,5.2198297488659985e-05
0.2966386554621849,0.7184873949579832,5.312997559867623e-05
0.30420168067226894,0.7184873949579832,5.382274265581912e-05
0.31176470588235294,0.7184873949579832,5.426729625814318e-05
0.31932773109243695,0.7184873949579832,5.471184986046725e-05
0.326890756302521,0.7184873949579832,5.515640346279131e-05
0.3344537815126051,0.7184873949579832,5.560095706511538e-05
0.3420168067226891,0.7184873949579832,5.604551066743944e-05
0.3495798319327731,0.7184873949579832,5.6490064269763505e-05
0.3571428571428571,0.7184873949579832,5.693461787208757e-05
0.3647058823529412,0.7184873949579832,5.7379171474411636e-05
0.3722689075630252,0.7184873949579832,5.782372507673571e-05
0.3798319327731092,0.7184873949579832,5.826827867905977e-05
0.38739495798319323,0.7184873949579832,5.871283228138383e-05
0.39495798319327735,0.7184873949579832,5.922821020436684e-05
0.40252100840336136,0.7184873949579832,5.97395749859993e-05
0.41008403361344536,0.7184873949579832,6.011388996585709e-05
0.41764705882352937,0.7184873949579832,6.036256809756043e-05
0.4252100840336135,0.7184873949579832,6.061124622926378e-05
0.4327731092436975,0.7184873949579832,6.0859924360967125e-05
0.4403361344537815,0.7184873949579832,6.110860249267046e-05
0.4478991596638655,0.7184873949579832,6.13572806243738e-05
0.4554621848739496,0.7184873949579832,6.160595875607715e-05
0.46302521008403363,0.7184873949579832,6.185463688778049e-05
0.47058823529411764,0.7184873949579832,6.210331501948384e-05
0.47815126050420165,0.7184873949579832,6.235199315118718e-05
0.48571428571428577,0.7184873949579832,6.260067128289052e-05
0.49327731092436977,0.7184873949579832,6.284934941459386e-05
0.5008403361344538,0.7184873949579832,6.309347338658919e-05
0.5084033613445378,0.7184873949579832,6.330116408092041e-05
0.5159663865546219,0.7184873949579832,6.350885477525163e-05
0.5235294117647059,0.7184873949579832,6.371654546958283e-05
0.5310924369747899,0.7184873949579832,6.392423616391405e-05
0.5386554621848739,0.7184873949579832,6.413192685824526e-05
0.546218487394958,0.7184873949579832,6.433961755257648e-05
0.553781512605042,0.7184873949579832,6.454730824690768e-05
0.561344537815126,0.7184873949579832,6.475499894123889e-05
0.5689075630252101,0.7184873949579832,6.49626896355701e-05
0.5764705882352942,0.7184873949579832,6.517038032990132e-05
0.5840336134453782,0.7184873949579832,6.537807102423253e-05
0.5915966386554622,0.7184873949579832,6.55925571424575e-05
0.5991596638655462,0.7184873949579832,6.58614066518325e-05
0.6067226890756302,0.7184873949579832,6.604883148882913e-05
0.6142857142857142,0.7184873949579832,6.621428584867501e-05
0.6218487394957983,0.7184873949579832,6.637384401196918e-05
0.6294117647058823,0.7184873949579832,6.653340217526334e-05
0.6369747899159663,0.7184873949579832,6.669296033855751e-05
0.6445378151260504,0.7184873949579832,6.685251850185167e-05
0.6521008403361345,0.7184873949579832,6.701207666514585e-05
0.6596638655462185,0.7184873949579832,6.717163482844e-05
0.6672268907563025,0.7184873949579832,6.733119299173416e-05
0.6747899159663865,0.7184873949579832,6.749075115502832e-05
0.6823529411764706,0.7184873949579832,6.765030931832249e-05
0.6899159663865546,0.7184873949579832,6.780986748161666e-05
0.6974789915966386,0.7184873949579832,6.796942564491082e-05
0.7050420168067226,0.7184873949579832,6.80503373151824e-05
0.7126050420168067,0.7184873949579832,6.80919257389427e-05
0.7201680672268908,0.7184873949579832,6.813351416270301e-05
0.7277310924369748,0.7184873949579832,6.81751025864633e-05
0.7352941176470588,0.7184873949579832,6.821669101022361e-05
0.7428571428571429,0.7184873949579832,6.82582794339839e-05
0.7504201680672269,0.7184873949579832,6.82998678577442e-05
0.7579831932773109,0.7184873949579832,6.83414562815045e-05
0.7655462184873949,0.7184873949579832,6.838304470526478e-05
0.773109243697479,0.7184873949579832,6.842463312902509e-05
0.780672268907563,0.7184873949579832,6.846622155278537e-05
0.788235294117647,0.7184873949579832,6.850780997654567e-05
0.795798319327731,0.7184873949579832,6.86238680478731e-05
0.8033613445378152,0.7184873949579832,6.871679036956108e-05
0.8109243697478992,0.7184873949579832,6.872875579406036e-05
0.8184873949579832,0.7184873949579832,6.872149333712488e-05
0.8260504201680672,0.7184873949579832,6.87142308801894e-05
0.8336134453781512,0.7184873949579832,6.870696842325392e-05
0.8411764705882353,0.7184873949579832,6.869970596631843e-05
0.8487394957983193,0.7184873949579832,6.869244350938295e-05
0.8563025210084033,0.7184873949579832,6.868518105244747e-05
0.8638655462184873,0.7184873949579832,6.867791859551199e-05
0.8714285714285714,0.7184873949579832,6.86706561385765e-05
0.8789915966386554,0.7184873949579832,6.866339368164103e-05
0.8865546218487395,0.7184873949579832,6.865613122470554e-05
0.8941176470588235,0.7184873949579832,6.864886876777007e-05
0.9016806722689076,0.7184873949579832,6.86753241592277e-05
0.9092436974789916,0.7184873949579832,6.881979202006128e-05
0.9168067226890756,0.7184873949579832,6.884137211333879e-05
0.9243697478991596,0.7184873949579832,6.886295220661631e-05
0.9319327731092437,0.7184873949579832,6.888453229989382e-05
0.9394957983193277,0.7184873949579832,6.890611239317133e-05
0.9470588235294117,0.7184873949579832,6.892769248644885e-05
0.9546218487394957,0.7184873949579832,6.894927257972638e-05
0.9621848739495799,0.7184873949579832,6.897085267300388e-05
0.9697478991596639,0.7184873949579832,6.89924327662814e-05
0.9773109243697479,0.7184873949579832,6.901401285955892e-05
0.9848739495798319,0.7184873949579832,6.903559295283644e-05
0.992436974789916,0.7184873949579832,6.905717304611395e-05
1.0,0.7184873949579832,6.907875313939146e-05
0.1,0.7352941176470589,2.84882360368562e-05
0.10756302521008404,0.7352941176470589,2.9900343067572365e-05
0.11512605042016807,0.7352941176470589,3.131245009828853e-05
0.12268907563025211,0.7352941176470589,3.257815568604332e-05
0.13025210084033614,0.7352941176470589,3.3770660552317424e-05
0.13781512605042018,0.7352941176470589,3.496316541859153e-05
0.1453781512605042,0.7352941176470589,3.6155670284865625e-05
0.15294117647058825,0.7352941176470589,3.734817515113973e-05
0.16050420168067228,0.7352941176470589,3.854068001741383e-05
0.16806722689075632,0.7352941176470589,3.973318488368793e-05
0.17563025210084032,0.7352941176470589,4.092568974996203e-05
0.18319327731092439,0.7352941176470589,4.211819461623614e-05
0.1907563025210084,0.7352941176470589,4.331069948251024e-05
0.19831932773109245,0.7352941176470589,4.450320434878434e-05
0.20588235294117646,0.7352941176470589,4.5298597709254614e-05
0.21344537815126052,0.7352941176470589,4.598053063949524e-05
0.22100840336134453,0.7352941176470589,4.666246356973586e-05
0.22857142857142856,0.7352941176470589,4.734439649997648e-05
0.2361344537815126,0.7352941176470589,4.802632943021711e-05
0.24369747899159663,0.7352941176470589,4.870826236045773e-05
0.25126050420168067,0.7352941176470589,4.939019529069836e-05
0.2588235294117647,0.7352941176470589,5.007212822093898e-05
0.26638655462184874,0.7352941176470589,5.07540611511796e-05
0.2739495798319328,0.7352941176470589,5.1435994081420226e-05
0.2815126050420168,0.7352941176470589,5.2117927011660843e-05
0.2890756302521008,0.7352941176470589,5.308528300450218e-05
0.2966386554621849,0.7352941176470589,5.4088316880168604e-05
0.30420168067226894,0.7352941176470589,5.478108393731149e-05
0.31176470588235294,0.7352941176470589,5.522563753963555e-05
0.31932773109243695,0.7352941176470589,5.5670191141959615e-05
0.326890756302521,0.7352941176470589,5.6114744744283684e-05
0.3344537815126051,0.7352941176470589,5.655929834660775e-05
0.3420168067226891,0.7352941176470589,5.7003851948931815e-05
0.3495798319327731,0.7352941176470589,5.744840555125587e-05
0.3571428571428571,0.7352941176470589,5.789295915357994e-05
0.3647058823529412,0.7352941176470589,5.833751275590401e-05
0.3722689075630252,0.7352941176470589,5.8782066358228076e-05
0.3798319327731092,0.7352941176470589,5.922661996055214e-05
0.38739495798319323,0.7352941176470589,5.975616274766693e-05
0.39495798319327735,0.7352941176470589,6.032820012717708e-05
0.40252100840336136,0.7352941176470589,6.083956490880954e-05
0.41008403361344536,0.7352941176470589,6.122958449468664e-05
0.41764705882352937,0.7352941176470589,6.161960408056372e-05
0.4252100840336135,0.7352941176470589,6.186828221226706e-05
0.4327731092436975,0.7352941176470589,6.211696034397042e-05
0.4403361344537815,0.7352941176470589,6.236563847567376e-05
0.4478991596638655,0.7352941176470589,6.26143166073771e-05
0.4554621848739496,0.7352941176470589,6.286299473908045e-05
0.46302521008403363,0.7352941176470589,6.311167287078379e-05
0.47058823529411764,0.7352941176470589,6.336035100248713e-05
0.47815126050420165,0.7352941176470589,6.360902913419047e-05
0.48571428571428577,0.7352941176470589,6.385770726589382e-05
0.49327731092436977,0.7352941176470589,6.410638539759716e-05
0.5008403361344538,0.7352941176470589,6.435050936959249e-05
0.5084033613445378,0.7352941176470589,6.45582000639237e-05
0.5159663865546219,0.7352941176470589,6.476589075825491e-05
0.5235294117647059,0.7352941176470589,6.497358145258613e-05
0.5310924369747899,0.7352941176470589,6.518127214691735e-05
0.5386554621848739,0.7352941176470589,6.538896284124855e-05
0.546218487394958,0.7352941176470589,6.559665353557977e-05
0.553781512605042,0.7352941176470589,6.580434422991097e-05
0.561344537815126,0.7352941176470589,6.601203492424219e-05
0.5689075630252101,0.7352941176470589,6.621972561857339e-05
0.5764705882352942,0.7352941176470589,6.642741631290461e-05
0.5840336134453782,0.7352941176470589,6.664869785502334e-05
0.5915966386554622,0.7352941176470589,6.691754736439834e-05
0.5991596638655462,0.7352941176470589,6.718639687377335e-05
0.6067226890756302,0.7352941176470589,6.737382171076998e-05
0.6142857142857142,0.7352941176470589,6.75510684637193e-05
0.6218487394957983,0.7352941176470589,6.771848822241577e-05
0.6294117647058823,0.7352941176470589,6.787804638570993e-05
0.6369747899159663,0.7352941176470589,6.803760454900409e-05
0.6445378151260504,0.7352941176470589,6.819716271229826e-05
0.6521008403361345,0.7352941176470589,6.835672087559242e-05
0.6596638655462185,0.7352941176470589,6.85162790388866e-05
0.6672268907563025,0.7352941176470589,6.867583720218075e-05
0.6747899159663865,0.7352941176470589,6.883539536547492e-05
0.6823529411764706,0.7352941176470589,6.899495352876908e-05
0.6899159663865546,0.7352941176470589,6.915451169206324e-05
0.6974789915966386,0.7352941176470589,6.931406985535741e-05
0.7050420168067226,0.7352941176470589,6.939498152562898e-05
0.7126050420168067,0.7352941176470589,6.94365699493893e-05
0.7201680672268908,0.7352941176470589,6.947815837314958e-05
0.7277310924369748,0.7352941176470589,6.951974679690988e-05
0.7352941176470588,0.7352941176470589,6.956133522067019e-05
0.7428571428571429,0.7352941176470589,6.960292364443049e-05
0.7504201680672269,0.7352941176470589,6.964451206819077e-05
0.7579831932773109,0.7352941176470589,6.968610049195107e-05
0.7655462184873949,0.7352941176470589,6.972768891571138e-05
0.773109243697479,0.7352941176470589,6.976927733947166e-05
0.780672268907563,0.7352941176470589,6.981086576323198e-05
0.788235294117647,0.7352941176470589,6.993933544248725e-05
0.795798319327731,0.7352941176470589,7.009262833759823e-05
0.8033613445378152,0.7352941176470589,7.01855506592862e-05
0.8109243697478992,0.7352941176470589,7.020300976419541e-05
0.8184873949579832,0.7352941176470589,7.021772202889966e-05
0.8260504201680672,0.7352941176470589,7.021045957196418e-05
0.8336134453781512,0.7352941176470589,7.02031971150287e-05
0.8411764705882353,0.7352941176470589,7.019593465809323e-05
0.8487394957983193,0.7352941176470589,7.018867220115773e-05
0.8563025210084033,0.7352941176470589,7.018140974422226e-05
0.8638655462184873,0.7352941176470589,7.017414728728677e-05
0.8714285714285714,0.7352941176470589,7.01668848303513e-05
0.8789915966386554,0.7352941176470589,7.015962237341581e-05
0.8865546218487395,0.7352941176470589,7.015235991648034e-05
0.8941176470588235,0.7352941176470589,7.014509745954486e-05
0.9016806722689076,0.7352941176470589,7.017155285100249e-05
0.9092436974789916,0.7352941176470589,7.031602071183606e-05
0.9168067226890756,0.7352941176470589,7.046048857266964e-05
0.9243697478991596,0.7352941176470589,7.049572286234226e-05
0.9319327731092437,0.7352941176470589,7.051730295561978e-05
0.9394957983193277,0.7352941176470589,7.053888304889729e-05
0.9470588235294117,0.7352941176470589,7.056046314217481e-05
0.9546218487394957,0.7352941176470589,7.058204323545232e-05
0.9621848739495799,0.7352941176470589,7.060362332872985e-05
0.9697478991596639,0.7352941176470589,7.062520342200736e-05
0.9773109243697479,0.7352941176470589,7.064678351528488e-05
0.9848739495798319,0.7352941176470589,7.066836360856239e-05
0.992436974789916,0.7352941176470589,7.068994370183991e-05
1.0,0.7352941176470589,7.071152379511742e-05
0.1,0.7521008403361344,2.8845796085162054e-05
0.10756302521008404,0.7521008403361344,3.0257903115878222e-05
0.11512605042016807,0.7521008403361344,3.167001014659439e-05
0.12268907563025211,0.7521008403361344,3.308211717731055e-05
0.13025210084033614,0.7521008403361344,3.43722230055589e-05
0.13781512605042018,0.7521008403361344,3.5564727871833004e-05
0.1453781512605042,0.7521008403361344,3.67572327381071e-05
0.15294117647058825,0.7521008403361344,3.7949737604381204e-05
0.16050420168067228,0.7521008403361344,3.914224247065531e-05
0.16806722689075632,0.7521008403361344,4.033474733692941e-05
0.17563025210084032,0.7521008403361344,4.152725220320351e-05
0.18319327731092439,0.7521008403361344,4.271975706947762e-05
0.1907563025210084,0.7521008403361344,4.3912261935751717e-05
0.19831932773109245,0.7521008403361344,4.5104766802025814e-05
0.20588235294117646,0.7521008403361344,4.59001601624961e-05
0.21344537815126052,0.7521008403361344,4.658209309273672e-05
0.22100840336134453,0.7521008403361344,4.7264026022977345e-05
0.22857142857142856,0.7521008403361344,4.794595895321796e-05
0.2361344537815126,0.7521008403361344,4.8627891883458594e-05
0.24369747899159663,0.7521008403361344,4.930982481369921e-05
0.25126050420168067,0.7521008403361344,4.9991757743939836e-05
0.2588235294117647,0.7521008403361344,5.067369067418046e-05
0.26638655462184874,0.7521008403361344,5.1355623604421084e-05
0.2739495798319328,0.7521008403361344,5.203755653466171e-05
0.2815126050420168,0.7521008403361344,5.3040590410328124e-05
0.2890756302521008,0.7521008403361344,5.404362428599454e-05
0.2966386554621849,0.7521008403361344,5.504665816166096e-05
0.30420168067226894,0.7521008403361344,5.573942521880385e-05
0.31176470588235294,0.7521008403361344,5.618397882112791e-05
0.31932773109243695,0.7521008403361344,5.662853242345198e-05
0.326890756302521,0.7521008403361344,5.707308602577604e-05
0.3344537815126051,0.7521008403361344,5.751763962810011e-05
0.3420168067226891,0.7521008403361344,5.796219323042417e-05
0.3495798319327731,0.7521008403361344,5.8406746832748235e-05
0.3571428571428571,0.7521008403361344,5.88513004350723e-05
0.3647058823529412,0.7521008403361344,5.9295854037396366e-05
0.3722689075630252,0.7521008403361344,5.9740407639720435e-05
0.3798319327731092,0.7521008403361344,6.028411529096701e-05
0.38739495798319323,0.7521008403361344,6.085615267047715e-05
0.39495798319327735,0.7521008403361344,6.142819004998731e-05
0.40252100840336136,0.7521008403361344,6.193955483161978e-05
0.41008403361344536,0.7521008403361344,6.232957441749688e-05
0.41764705882352937,0.7521008403361344,6.271959400337396e-05
0.4252100840336135,0.7521008403361344,6.310961358925105e-05
0.4327731092436975,0.7521008403361344,6.33739963269737e-05
0.4403361344537815,0.7521008403361344,6.362267445867704e-05
0.4478991596638655,0.7521008403361344,6.387135259038038e-05
0.4554621848739496,0.7521008403361344,6.412003072208373e-05
0.46302521008403363,0.7521008403361344,6.436870885378707e-05
0.47058823529411764,0.7521008403361344,6.461738698549041e-05
0.47815126050420165,0.7521008403361344,6.486606511719375e-05
0.48571428571428577,0.7521008403361344,6.511474324889711e-05
0.49327731092436977,0.7521008403361344,6.536342138060045e-05
0.5008403361344538,0.7521008403361344,6.560754535259578e-05
0.5084033613445378,0.7521008403361344,6.581523604692698e-05
0.5159663865546219,0.7521008403361344,6.60229267412582e-05
0.5235294117647059,0.7521008403361344,6.623061743558941e-05
0.5310924369747899,0.7521008403361344,6.643830812992062e-05
0.5386554621848739,0.7521008403361344,6.664599882425183e-05
0.546218487394958,0.7521008403361344,6.685368951858305e-05
0.553781512605042,0.7521008403361344,6.706138021291425e-05
0.561344537815126,0.7521008403361344,6.726907090724547e-05
0.5689075630252101,0.7521008403361344,6.747676160157667e-05
0.5764705882352942,0.7521008403361344,6.770483856758916e-05
0.5840336134453782,0.7521008403361344,6.797368807696416e-05
0.5915966386554622,0.7521008403361344,6.824253758633917e-05
0.5991596638655462,0.7521008403361344,6.851138709571416e-05
0.6067226890756302,0.7521008403361344,6.86988119327108e-05
0.6142857142857142,0.7521008403361344,6.887605868566014e-05
0.6218487394957983,0.7521008403361344,6.905330543860947e-05
0.6294117647058823,0.7521008403361344,6.922269059615651e-05
0.6369747899159663,0.7521008403361344,6.938224875945067e-05
0.6445378151260504,0.7521008403361344,6.954180692274484e-05
0.6521008403361345,0.7521008403361344,6.9701365086039e-05
0.6596638655462185,0.7521008403361344,6.986092324933317e-05
0.6672268907563025,0.7521008403361344,7.002048141262733e-05
0.6747899159663865,0.7521008403361344,7.018003957592149e-05
0.6823529411764706,0.7521008403361344,7.033959773921566e-05
0.6899159663865546,0.7521008403361344,7.049915590250982e-05
0.6974789915966386,0.7521008403361344,7.065871406580399e-05
0.7050420168067226,0.7521008403361344,7.073962573607557e-05
0.7126050420168067,0.7521008403361344,7.078121415983587e-05
0.7201680672268908,0.7521008403361344,7.082280258359617e-05
0.7277310924369748,0.7521008403361344,7.086439100735646e-05
0.7352941176470588,0.7521008403361344,7.090597943111676e-05
0.7428571428571429,0.7521008403361344,7.094756785487706e-05
0.7504201680672269,0.7521008403361344,7.098915627863736e-05
0.7579831932773109,0.7521008403361344,7.103074470239765e-05
0.7655462184873949,0.7521008403361344,7.107233312615794e-05
0.773109243697479,0.7521008403361344,7.111392154991825e-05
0.780672268907563,0.7521008403361344,7.125480283710138e-05
0.788235294117647,0.7521008403361344,7.140809573221235e-05
0.795798319327731,0.7521008403361344,7.156138862732334e-05
0.8033613445378152,0.7521008403361344,7.165431094901132e-05
0.8109243697478992,0.7521008403361344,7.167177005392054e-05
0.8184873949579832,0.7521008403361344,7.168922915882975e-05
0.8260504201680672,0.7521008403361344,7.170668826373898e-05
0.8336134453781512,0.7521008403361344,7.169942580680349e-05
0.8411764705882353,0.7521008403361344,7.1692163349868e-05
0.8487394957983193,0.7521008403361344,7.168490089293252e-05
0.8563025210084033,0.7521008403361344,7.167763843599705e-05
0.8638655462184873,0.7521008403361344,7.167037597906156e-05
0.8714285714285714,0.7521008403361344,7.166311352212607e-05
0.8789915966386554,0.7521008403361344,7.16558510651906e-05
0.8865546218487395,0.7521008403361344,7.164858860825512e-05
0.8941176470588235,0.7521008403361344,7.164132615131963e-05
0.9016806722689076,0.7521008403361344,7.166778154277728e-05
0.9092436974789916,0.7521008403361344,7.181224940361085e-05
0.9168067226890756,0.7521008403361344,7.195671726444441e-05
0.9243697478991596,0.7521008403361344,7.210118512527797e-05
0.9319327731092437,0.7521008403361344,7.215007361134573e-05
0.9394957983193277,0.7521008403361344,7.217165370462325e-05
0.9470588235294117,0.7521008403361344,7.219323379790076e-05
0.9546218487394957,0.7521008403361344,7.221481389117827e-05
0.9621848739495799,0.7521008403361344,7.22363939844558e-05
0.9697478991596639,0.7521008403361344,7.22579740777333e-05
0.9773109243697479,0.7521008403361344,7.227955417101083e-05
0.9848739495798319,0.7521008403361344,7.230113426428834e-05
0.992436974789916,0.7521008403361344,7.232271435756586e-05
1.0,0.7521008403361344,7.234429445084337e-05
0.1,0.76890756302521,2.9203356133467912e-05
0.10756302521008404,0.76890756302521,3.061546316418408e-05
0.11512605042016807,0.76890756302521,3.202757019490024e-05
0.12268907563025211,0.76890756302521,3.343967722561641e-05
0.13025210084033614,0.76890756302521,3.4851784256332567e-05
0.13781512605042018,0.76890756302521,3.6166290325074486e-05
0.1453781512605042,0.76890756302521,3.7358795191348583e-05
0.15294117647058825,0.76890756302521,3.855130005762269e-05
0.16050420168067228,0.76890756302521,3.974380492389679e-05
0.16806722689075632,0.76890756302521,4.0936309790170895e-05
0.17563025210084032,0.76890756302521,4.2128814656444985e-05
0.18319327731092439,0.76890756302521,4.3321319522719095e-05
0.1907563025210084,0.76890756302521,4.451382438899319e-05
0.19831932773109245,0.76890756302521,4.5706329255267296e-05
0.20588235294117646,0.76890756302521,4.650172261573758e-05
0.21344537815126052,0.76890756302521,4.7183655545978204e-05
0.22100840336134453,0.76890756302521,4.786558847621882e-05
0.22857142857142856,0.76890756302521,4.8547521406459446e-05
0.2361344537815126,0.76890756302521,4.922945433670008e-05
0.24369747899159663,0.76890756302521,4.9911387266940694e-05
0.25126050420168067,0.76890756302521,5.059332019718132e-05
0.2588235294117647,0.76890756302521,5.1275253127421936e-05
0.26638655462184874,0.76890756302521,5.199286394048766e-05
0.2739495798319328,0.76890756302521,5.2995897816154074e-05
0.2815126050420168,0.76890756302521,5.399893169182048e-05
0.2890756302521008,0.76890756302521,5.50019655674869e-05
0.2966386554621849,0.76890756302521,5.600499944315332e-05
0.30420168067226894,0.76890756302521,5.669776650029621e-05
0.31176470588235294,0.76890756302521,5.714232010262027e-05
0.31932773109243695,0.76890756302521,5.758687370494434e-05
0.326890756302521,0.76890756302521,5.803142730726841e-05
0.3344537815126051,0.76890756302521,5.8475980909592476e-05
0.3420168067226891,0.76890756302521,5.892053451191653e-05
0.3495798319327731,0.76890756302521,5.936508811424059e-05
0.3571428571428571,0.76890756302521,5.980964171656466e-05
0.3647058823529412,0.76890756302521,6.025419531888873e-05
0.3722689075630252,0.76890756302521,6.081206783426709e-05
0.3798319327731092,0.76890756302521,6.138410521377725e-05
0.38739495798319323,0.76890756302521,6.195614259328739e-05
0.39495798319327735,0.76890756302521,6.252817997279755e-05
0.40252100840336136,0.76890756302521,6.303954475443e-05
0.41008403361344536,0.76890756302521,6.34295643403071e-05
0.41764705882352937,0.76890756302521,6.381958392618419e-05
0.4252100840336135,0.76890756302521,6.420960351206128e-05
0.4327731092436975,0.76890756302521,6.459962309793838e-05
0.4403361344537815,0.76890756302521,6.487971044168032e-05
0.4478991596638655,0.76890756302521,6.512838857338366e-05
0.4554621848739496,0.76890756302521,6.537706670508702e-05
0.46302521008403363,0.76890756302521,6.562574483679036e-05
0.47058823529411764,0.76890756302521,6.58744229684937e-05
0.47815126050420165,0.76890756302521,6.612310110019705e-05
0.48571428571428577,0.76890756302521,6.637177923190039e-05
0.49327731092436977,0.76890756302521,6.662045736360373e-05
0.5008403361344538,0.76890756302521,6.686458133559906e-05
0.5084033613445378,0.76890756302521,6.707227202993026e-05
0.5159663865546219,0.76890756302521,6.72799627242615e-05
0.5235294117647059,0.76890756302521,6.74876534185927e-05
0.5310924369747899,0.76890756302521,6.769534411292391e-05
0.5386554621848739,0.76890756302521,6.790303480725512e-05
0.546218487394958,0.76890756302521,6.811072550158633e-05
0.553781512605042,0.76890756302521,6.831841619591754e-05
0.561344537815126,0.76890756302521,6.852610689024876e-05
0.5689075630252101,0.76890756302521,6.876097928015499e-05
0.5764705882352942,0.76890756302521,6.902982878953e-05
0.5840336134453782,0.76890756302521,6.9298678298905e-05
0.5915966386554622,0.76890756302521,6.956752780828e-05
0.5991596638655462,0.76890756302521,6.983637731765501e-05
0.6067226890756302,0.76890756302521,7.002380215465164e-05
0.6142857142857142,0.76890756302521,7.020104890760097e-05
0.6218487394957983,0.76890756302521,7.03782956605503e-05
0.6294117647058823,0.76890756302521,7.055554241349963e-05
0.6369747899159663,0.76890756302521,7.072689296989726e-05
0.6445378151260504,0.76890756302521,7.088645113319142e-05
0.6521008403361345,0.76890756302521,7.104600929648558e-05
0.6596638655462185,0.76890756302521,7.120556745977975e-05
0.6672268907563025,0.76890756302521,7.13651256230739e-05
0.6747899159663865,0.76890756302521,7.152468378636808e-05
0.6823529411764706,0.76890756302521,7.168424194966224e-05
0.6899159663865546,0.76890756302521,7.184380011295641e-05
0.6974789915966386,0.76890756302521,7.200335827625057e-05
0.7050420168067226,0.76890756302521,7.208426994652215e-05
0.7126050420168067,0.76890756302521,7.212585837028245e-05
0.7201680672268908,0.76890756302521,7.216744679404275e-05
0.7277310924369748,0.76890756302521,7.220903521780304e-05
0.7352941176470588,0.76890756302521,7.225062364156334e-05
0.7428571428571429,0.76890756302521,7.229221206532364e-05
0.7504201680672269,0.76890756302521,7.233380048908394e-05
0.7579831932773109,0.76890756302521,7.237538891284423e-05
0.7655462184873949,0.76890756302521,7.241697733660452e-05
0.773109243697479,0.76890756302521,7.257027023171552e-05
0.780672268907563,0.76890756302521,7.27235631268265e-05
0.788235294117647,0.76890756302521,7.287685602193747e-05
0.795798319327731,0.76890756302521,7.303014891704846e-05
0.8033613445378152,0.76890756302521,7.312307123873644e-05
0.8109243697478992,0.76890756302521,7.314053034364565e-05
0.8184873949579832,0.76890756302521,7.315798944855487e-05
0.8260504201680672,0.76890756302521,7.317544855346408e-05
0.8336134453781512,0.76890756302521,7.319290765837329e-05
0.8411764705882353,0.76890756302521,7.318839204164279e-05
0.8487394957983193,0.76890756302521,7.31811295847073e-05
0.8563025210084033,0.76890756302521,7.317386712777182e-05
0.8638655462184873,0.76890756302521,7.316660467083633e-05
0.8714285714285714,0.76890756302521,7.315934221390086e-05
0.8789915966386554,0.76890756302521,7.315207975696538e-05
0.8865546218487395,0.76890756302521,7.31448173000299e-05
0.8941176470588235,0.76890756302521,7.313755484309442e-05
0.9016806722689076,0.76890756302521,7.316401023455206e-05
0.9092436974789916,0.76890756302521,7.330847809538562e-05
0.9168067226890756,0.76890756302521,7.34529459562192e-05
0.9243697478991596,0.76890756302521,7.359741381705276e-05
0.9319327731092437,0.76890756302521,7.374188167788634e-05
0.9394957983193277,0.76890756302521,7.380442436034919e-05
0.9470588235294117,0.76890756302521,7.382600445362671e-05
0.9546218487394957,0.76890756302521,7.384758454690422e-05
0.9621848739495799,0.76890756302521,7.386916464018174e-05
0.9697478991596639,0.76890756302521,7.389074473345925e-05
0.9773109243697479,0.76890756302521,7.391232482673678e-05
0.9848739495798319,0.76890756302521,7.393390492001429e-05
0.992436974789916,0.76890756302521,7.395548501329181e-05
1.0,0.76890756302521,7.397706510656932e-05
0.1,0.7857142857142857,2.9560916181773766e-05
0.10756302521008404,0.7857142857142857,3.097302321248993e-05
0.11512605042016807,0.7857142857142857,3.2385130243206095e-05
0.12268907563025211,0.7857142857142857,3.3797237273922266e-05
0.13025210084033614,0.7857142857142857,3.520934430463843e-05
0.13781512605042018,0.7857142857142857,3.662145133535459e-05
0.1453781512605042,0.7857142857142857,3.796035764459007e-05
0.15294117647058825,0.7857142857142857,3.915286251086417e-05
0.16050420168067228,0.7857142857142857,4.0345367377138274e-05
0.16806722689075632,0.7857142857142857,4.153787224341238e-05
0.17563025210084032,0.7857142857142857,4.273037710968647e-05
0.18319327731092439,0.7857142857142857,4.3922881975960585e-05
0.1907563025210084,0.7857142857142857,4.5115386842234675e-05
0.19831932773109245,0.7857142857142857,4.6307891708508786e-05
0.20588235294117646,0.7857142857142857,4.710328506897906e-05
0.21344537815126052,0.7857142857142857,4.7785217999219687e-05
0.22100840336134453,0.7857142857142857,4.8467150929460304e-05
0.22857142857142856,0.7857142857142857,4.914908385970093e-05
0.2361344537815126,0.7857142857142857,4.983101678994155e-05
0.24369747899159663,0.7857142857142857,5.051294972018218e-05
0.25126050420168067,0.7857142857142857,5.11948826504228e-05
0.2588235294117647,0.7857142857142857,5.1948171346313594e-05
0.26638655462184874,0.7857142857142857,5.2951205221980016e-05
0.2739495798319328,0.7857142857142857,5.395423909764644e-05
0.2815126050420168,0.7857142857142857,5.495727297331286e-05
0.2890756302521008,0.7857142857142857,5.5960306848979276e-05
0.2966386554621849,0.7857142857142857,5.6963340724645685e-05
0.30420168067226894,0.7857142857142857,5.765610778178858e-05
0.31176470588235294,0.7857142857142857,5.810066138411264e-05
0.31932773109243695,0.7857142857142857,5.854521498643671e-05
0.326890756302521,0.7857142857142857,5.898976858876077e-05
0.3344537815126051,0.7857142857142857,5.943432219108484e-05
0.3420168067226891,0.7857142857142857,5.9878875793408896e-05
0.3495798319327731,0.7857142857142857,6.0323429395732965e-05
0.3571428571428571,0.7857142857142857,6.0767982998057034e-05
0.3647058823529412,0.7857142857142857,6.134002037756719e-05
0.3722689075630252,0.7857142857142857,6.191205775707733e-05
0.3798319327731092,0.7857142857142857,6.248409513658748e-05
0.38739495798319323,0.7857142857142857,6.305613251609764e-05
0.39495798319327735,0.7857142857142857,6.362816989560779e-05
0.40252100840336136,0.7857142857142857,6.413953467724024e-05
0.41008403361344536,0.7857142857142857,6.452955426311734e-05
0.41764705882352937,0.7857142857142857,6.491957384899443e-05
0.4252100840336135,0.7857142857142857,6.530959343487152e-05
0.4327731092436975,0.7857142857142857,6.569961302074862e-05
0.4403361344537815,0.7857142857142857,6.60896326066257e-05
0.4478991596638655,0.7857142857142857,6.638542455638696e-05
0.4554621848739496,0.7857142857142857,6.66341026880903e-05
0.46302521008403363,0.7857142857142857,6.688278081979364e-05
0.47058823529411764,0.7857142857142857,6.7131458951497e-05
0.47815126050420165,0.7857142857142857,6.738013708320034e-05
0.48571428571428577,0.7857142857142857,6.762881521490368e-05
0.49327731092436977,0.7857142857142857,6.787749334660702e-05
0.5008403361344538,0.7857142857142857,6.812161731860234e-05
0.5084033613445378,0.7857142857142857,6.832930801293356e-05
0.5159663865546219,0.7857142857142857,6.853699870726478e-05
0.5235294117647059,0.7857142857142857,6.874468940159598e-05
0.5310924369747899,0.7857142857142857,6.89523800959272e-05
0.5386554621848739,0.7857142857142857,6.916007079025842e-05
0.546218487394958,0.7857142857142857,6.936776148458962e-05
0.553781512605042,0.7857142857142857,6.957545217892084e-05
0.561344537815126,0.7857142857142857,6.981711999272082e-05
0.5689075630252101,0.7857142857142857,7.008596950209582e-05
0.5764705882352942,0.7857142857142857,7.035481901147084e-05
0.5840336134453782,0.7857142857142857,7.062366852084584e-05
0.5915966386554622,0.7857142857142857,7.089251803022084e-05
0.5991596638655462,0.7857142857142857,7.116136753959585e-05
0.6067226890756302,0.7857142857142857,7.134879237659248e-05
0.6142857142857142,0.7857142857142857,7.152603912954182e-05
0.6218487394957983,0.7857142857142857,7.170328588249114e-05
0.6294117647058823,0.7857142857142857,7.188053263544047e-05
0.6369747899159663,0.7857142857142857,7.205777938838981e-05
0.6445378151260504,0.7857142857142857,7.2231095343638e-05
0.6521008403361345,0.7857142857142857,7.239065350693217e-05
0.6596638655462185,0.7857142857142857,7.255021167022632e-05
0.6672268907563025,0.7857142857142857,7.27097698335205e-05
0.6747899159663865,0.7857142857142857,7.286932799681466e-05
0.6823529411764706,0.7857142857142857,7.302888616010883e-05
0.6899159663865546,0.7857142857142857,7.318844432340299e-05
0.6974789915966386,0.7857142857142857,7.334800248669714e-05
0.7050420168067226,0.7857142857142857,7.342891415696873e-05
0.7126050420168067,0.7857142857142857,7.347050258072903e-05
0.7201680672268908,0.7857142857142857,7.351209100448933e-05
0.7277310924369748,0.7857142857142857,7.355367942824962e-05
0.7352941176470588,0.7857142857142857,7.359526785200993e-05
0.7428571428571429,0.7857142857142857,7.363685627577023e-05
0.7504201680672269,0.7857142857142857,7.367844469953052e-05
0.7579831932773109,0.7857142857142857,7.373244473121867e-05
0.7655462184873949,0.7857142857142857,7.388573762632965e-05
0.773109243697479,0.7857142857142857,7.403903052144064e-05
0.780672268907563,0.7857142857142857,7.419232341655162e-05
0.788235294117647,0.7857142857142857,7.43456163116626e-05
0.795798319327731,0.7857142857142857,7.449890920677358e-05
0.8033613445378152,0.7857142857142857,7.459183152846157e-05
0.8109243697478992,0.7857142857142857,7.460929063337078e-05
0.8184873949579832,0.7857142857142857,7.462674973827999e-05
0.8260504201680672,0.7857142857142857,7.464420884318921e-05
0.8336134453781512,0.7857142857142857,7.466166794809842e-05
0.8411764705882353,0.7857142857142857,7.467912705300765e-05
0.8487394957983193,0.7857142857142857,7.46773582764821e-05
0.8563025210084033,0.7857142857142857,7.467009581954661e-05
0.8638655462184873,0.7857142857142857,7.466283336261112e-05
0.8714285714285714,0.7857142857142857,7.465557090567565e-05
0.8789915966386554,0.7857142857142857,7.464830844874018e-05
0.8865546218487395,0.7857142857142857,7.464104599180469e-05
0.8941176470588235,0.7857142857142857,7.46337835348692e-05
0.9016806722689076,0.7857142857142857,7.466023892632684e-05
0.9092436974789916,0.7857142857142857,7.480470678716041e-05
0.9168067226890756,0.7857142857142857,7.494917464799397e-05
0.9243697478991596,0.7857142857142857,7.509364250882755e-05
0.9319327731092437,0.7857142857142857,7.523811036966112e-05
0.9394957983193277,0.7857142857142857,7.538257823049469e-05
0.9470588235294117,0.7857142857142857,7.545877510935267e-05
0.9546218487394957,0.7857142857142857,7.548035520263018e-05
0.9621848739495799,0.7857142857142857,7.550193529590769e-05
0.9697478991596639,0.7857142857142857,7.552351538918522e-05
0.9773109243697479,0.7857142857142857,7.554509548246274e-05
0.9848739495798319,0.7857142857142857,7.556667557574025e-05
0.992436974789916,0.7857142857142857,7.558825566901777e-05
1.0,0.7857142857142857,7.560983576229528e-05
0.1,0.8025210084033614,2.9918476230079626e-05
0.10756302521008404,0.8025210084033614,3.133058326079579e-05
0.11512605042016807,0.8025210084033614,3.274269029151195e-05
0.12268907563025211,0.8025210084033614,3.415479732222812e-05
0.13025210084033614,0.8025210084033614,3.556690435294428e-05
0.13781512605042018,0.8025210084033614,3.6979011383660446e-05
0.1453781512605042,0.8025210084033614,3.839111841437662e-05
0.15294117647058825,0.8025210084033614,3.975442496410565e-05
0.16050420168067228,0.8025210084033614,4.0946929830379756e-05
0.16806722689075632,0.8025210084033614,4.213943469665386e-05
0.17563025210084032,0.8025210084033614,4.333193956292795e-05
0.18319327731092439,0.8025210084033614,4.452444442920206e-05
0.1907563025210084,0.8025210084033614,4.571694929547616e-05
0.19831932773109245,0.8025210084033614,4.6909454161750255e-05
0.20588235294117646,0.8025210084033614,4.7704847522220545e-05
0.21344537815126052,0.8025210084033614,4.8386780452461176e-05
0.22100840336134453,0.8025210084033614,4.9068713382701794e-05
0.22857142857142856,0.8025210084033614,4.975064631294241e-05
0.2361344537815126,0.8025210084033614,5.0432579243183035e-05
0.24369747899159663,0.8025210084033614,5.111451217342366e-05
0.25126050420168067,0.8025210084033614,5.190347875213955e-05
0.2588235294117647,0.8025210084033614,5.2906512627805965e-05
0.26638655462184874,0.8025210084033614,5.390954650347239e-05
0.2739495798319328,0.8025210084033614,5.491258037913881e-05
0.2815126050420168,0.8025210084033614,5.5915614254805226e-05
0.2890756302521008,0.8025210084033614,5.691864813047164e-05
0.2966386554621849,0.8025210084033614,5.7921682006138064e-05
0.30420168067226894,0.8025210084033614,5.861444906328095e-05
0.31176470588235294,0.8025210084033614,5.9059002665605006e-05
0.31932773109243695,0.8025210084033614,5.9503556267929075e-05
0.326890756302521,0.8025210084033614,5.994810987025314e-05
0.3344537815126051,0.8025210084033614,6.0392663472577205e-05
0.3420168067226891,0.8025210084033614,6.083721707490127e-05
0.3495798319327731,0.8025210084033614,6.129593554135711e-05
0.3571428571428571,0.8025210084033614,6.186797292086727e-05
0.3647058823529412,0.8025210084033614,6.244001030037743e-05
0.3722689075630252,0.8025210084033614,6.301204767988757e-05
0.3798319327731092,0.8025210084033614,6.358408505939772e-05
0.38739495798319323,0.8025210084033614,6.415612243890788e-05
0.39495798319327735,0.8025210084033614,6.472815981841803e-05
0.40252100840336136,0.8025210084033614,6.523952460005051e-05
0.41008403361344536,0.8025210084033614,6.562954418592758e-05
0.41764705882352937,0.8025210084033614,6.601956377180468e-05
0.4252100840336135,0.8025210084033614,6.640958335768176e-05
0.4327731092436975,0.8025210084033614,6.679960294355885e-05
0.4403361344537815,0.8025210084033614,6.718962252943593e-05
0.4478991596638655,0.8025210084033614,6.757964211531303e-05
0.4554621848739496,0.8025210084033614,6.78911386710936e-05
0.46302521008403363,0.8025210084033614,6.813981680279694e-05
0.47058823529411764,0.8025210084033614,6.83884949345003e-05
0.47815126050420165,0.8025210084033614,6.863717306620363e-05
0.48571428571428577,0.8025210084033614,6.888585119790697e-05
0.49327731092436977,0.8025210084033614,6.913452932961031e-05
0.5008403361344538,0.8025210084033614,6.937865330160564e-05
0.5084033613445378,0.8025210084033614,6.958634399593685e-05
0.5159663865546219,0.8025210084033614,6.979403469026808e-05
0.5235294117647059,0.8025210084033614,7.000172538459927e-05
0.5310924369747899,0.8025210084033614,7.020941607893048e-05
0.5386554621848739,0.8025210084033614,7.04171067732617e-05
0.546218487394958,0.8025210084033614,7.06247974675929e-05
0.553781512605042,0.8025210084033614,7.087326070528666e-05
0.561344537815126,0.8025210084033614,7.114211021466166e-05
0.5689075630252101,0.8025210084033614,7.141095972403666e-05
0.5764705882352942,0.8025210084033614,7.167980923341167e-05
0.5840336134453782,0.8025210084033614,7.194865874278669e-05
0.5915966386554622,0.8025210084033614,7.221750825216169e-05
0.5991596638655462,0.8025210084033614,7.248635776153669e-05
0.6067226890756302,0.8025210084033614,7.267378259853331e-05
0.6142857142857142,0.8025210084033614,7.285102935148265e-05
0.6218487394957983,0.8025210084033614,7.3028276104432e-05
0.6294117647058823,0.8025210084033614,7.320552285738132e-05
0.6369747899159663,0.8025210084033614,7.338276961033065e-05
0.6445378151260504,0.8025210084033614,7.356001636327999e-05
0.6521008403361345,0.8025210084033614,7.373529771737876e-05
0.6596638655462185,0.8025210084033614,7.389485588067291e-05
0.6672268907563025,0.8025210084033614,7.405441404396707e-05
0.6747899159663865,0.8025210084033614,7.421397220726125e-05
0.6823529411764706,0.8025210084033614,7.43735303705554e-05
0.6899159663865546,0.8025210084033614,7.453308853384958e-05
0.6974789915966386,0.8025210084033614,7.469264669714373e-05
0.7050420168067226,0.8025210084033614,7.477355836741532e-05
0.7126050420168067,0.8025210084033614,7.481514679117562e-05
0.7201680672268908,0.8025210084033614,7.485673521493592e-05
0.7277310924369748,0.8025210084033614,7.48983236386962e-05
0.7352941176470588,0.8025210084033614,7.49399120624565e-05
0.7428571428571429,0.8025210084033614,7.498150048621681e-05
0.7504201680672269,0.8025210084033614,7.50479121258328e-05
0.7579831932773109,0.8025210084033614,7.52012050209438e-05
0.7655462184873949,0.8025210084033614,7.535449791605478e-05
0.773109243697479,0.8025210084033614,7.550779081116576e-05
0.780672268907563,0.8025210084033614,7.566108370627675e-05
0.788235294117647,0.8025210084033614,7.581437660138773e-05
0.795798319327731,0.8025210084033614,7.596766949649871e-05
0.8033613445378152,0.8025210084033614,7.606059181818669e-05
0.8109243697478992,0.8025210084033614,7.60780509230959e-05
0.8184873949579832,0.8025210084033614,7.609551002800512e-05
0.8260504201680672,0.8025210084033614,7.611296913291433e-05
0.8336134453781512,0.8025210084033614,7.613042823782356e-05
0.8411764705882353,0.8025210084033614,7.614788734273277e-05
0.8487394957983193,0.8025210084033614,7.616534644764198e-05
0.8563025210084033,0.8025210084033614,7.616632451132141e-05
0.8638655462184873,0.8025210084033614,7.615906205438592e-05
0.8714285714285714,0.8025210084033614,7.615179959745044e-05
0.8789915966386554,0.8025210084033614,7.614453714051496e-05
0.8865546218487395,0.8025210084033614,7.613727468357948e-05
0.8941176470588235,0.8025210084033614,7.613001222664399e-05
0.9016806722689076,0.8025210084033614,7.615646761810164e-05
0.9092436974789916,0.8025210084033614,7.630093547893521e-05
0.9168067226890756,0.8025210084033614,7.644540333976877e-05
0.9243697478991596,0.8025210084033614,7.658987120060235e-05
0.9319327731092437,0.8025210084033614,7.673433906143591e-05
0.9394957983193277,0.8025210084033614,7.687880692226949e-05
0.9470588235294117,0.8025210084033614,7.702327478310305e-05
0.9546218487394957,0.8025210084033614,7.711312585835615e-05
0.9621848739495799,0.8025210084033614,7.713470595163367e-05
0.9697478991596639,0.8025210084033614,7.715628604491118e-05
0.9773109243697479,0.8025210084033614,7.71778661381887e-05
0.9848739495798319,0.8025210084033614,7.719944623146621e-05
0.992436974789916,0.8025210084033614,7.722102632474372e-05
1.0,0.8025210084033614,7.724260641802124e-05
0.1,0.819327731092437,3.027603627838548e-05
0.10756302521008404,0.819327731092437,3.1688143309101645e-05
0.11512605042016807,0.819327731092437,3.310025033981781e-05
0.12268907563025211,0.819327731092437,3.4512357370533974e-05
0.13025210084033614,0.819327731092437,3.592446440125014e-05
0.13781512605042018,0.819327731092437,3.73365714319663e-05
0.1453781512605042,0.819327731092437,3.874867846268247e-05
0.15294117647058825,0.819327731092437,4.016078549339863e-05
0.16050420168067228,0.819327731092437,4.154849228362123e-05
0.16806722689075632,0.819327731092437,4.2740997149895336e-05
0.17563025210084032,0.819327731092437,4.393350201616943e-05
0.18319327731092439,0.819327731092437,4.5126006882443544e-05
0.1907563025210084,0.819327731092437,4.631851174871764e-05
0.19831932773109245,0.819327731092437,4.7511016614991744e-05
0.20588235294117646,0.819327731092437,4.830640997546203e-05
0.21344537815126052,0.819327731092437,4.898834290570265e-05
0.22100840336134453,0.819327731092437,4.967027583594327e-05
0.22857142857142856,0.819327731092437,5.0352208766183894e-05
0.2361344537815126,0.819327731092437,5.103414169642452e-05
0.24369747899159663,0.819327731092437,5.185878615796549e-05
0.25126050420168067,0.819327731092437,5.286182003363191e-05
0.2588235294117647,0.819327731092437,5.386485390929833e-05
0.26638655462184874,0.819327731092437,5.4867887784964746e-05
0.2739495798319328,0.819327731092437,5.5870921660631175e-05
0.2815126050420168,0.819327731092437,5.6873955536297584e-05
0.2890756302521008,0.819327731092437,5.7876989411964e-05
0.2966386554621849,0.819327731092437,5.8880023287630415e-05
0.30420168067226894,0.819327731092437,5.957279034477331e-05
0.31176470588235294,0.819327731092437,6.001734394709737e-05
0.31932773109243695,0.819327731092437,6.046189754942144e-05
0.326890756302521,0.819327731092437,6.09064511517455e-05
0.3344537815126051,0.819327731092437,6.135100475406956e-05
0.3420168067226891,0.819327731092437,6.18238880846572e-05
0.3495798319327731,0.819327731092437,6.239592546416735e-05
0.3571428571428571,0.819327731092437,6.29679628436775e-05
0.3647058823529412,0.819327731092437,6.354000022318766e-05
0.3722689075630252,0.819327731092437,6.411203760269781e-05
0.3798319327731092,0.819327731092437,6.468407498220796e-05
0.38739495798319323,0.819327731092437,6.525611236171812e-05
0.39495798319327735,0.819327731092437,6.582814974122825e-05
0.40252100840336136,0.819327731092437,6.633951452286074e-05
0.41008403361344536,0.819327731092437,6.672953410873782e-05
0.41764705882352937,0.819327731092437,6.71195536946149e-05
0.4252100840336135,0.819327731092437,6.7509573280492e-05
0.4327731092436975,0.819327731092437,6.789959286636908e-05
0.4403361344537815,0.819327731092437,6.828961245224618e-05
0.4478991596638655,0.819327731092437,6.867963203812327e-05
0.4554621848739496,0.819327731092437,6.906965162400036e-05
0.46302521008403363,0.819327731092437,6.939685278580023e-05
0.47058823529411764,0.819327731092437,6.964553091750358e-05
0.47815126050420165,0.819327731092437,6.98942090492069e-05
0.48571428571428577,0.819327731092437,7.014288718091026e-05
0.49327731092436977,0.819327731092437,7.03915653126136e-05
0.5008403361344538,0.819327731092437,7.063568928460893e-05
0.5084033613445378,0.819327731092437,7.084337997894013e-05
0.5159663865546219,0.819327731092437,7.105107067327135e-05
0.5235294117647059,0.819327731092437,7.125876136760256e-05
0.5310924369747899,0.819327731092437,7.146645206193377e-05
0.5386554621848739,0.819327731092437,7.167414275626499e-05
0.546218487394958,0.819327731092437,7.192940141785249e-05
0.553781512605042,0.819327731092437,7.219825092722749e-05
0.561344537815126,0.819327731092437,7.246710043660248e-05
0.5689075630252101,0.819327731092437,7.27359499459775e-05
0.5764705882352942,0.819327731092437,7.30047994553525e-05
0.5840336134453782,0.819327731092437,7.327364896472751e-05
0.5915966386554622,0.819327731092437,7.354249847410251e-05
0.5991596638655462,0.819327731092437,7.381134798347753e-05
0.6067226890756302,0.819327731092437,7.399877282047415e-05
0.6142857142857142,0.819327731092437,7.417601957342348e-05
0.6218487394957983,0.819327731092437,7.435326632637282e-05
0.6294117647058823,0.819327731092437,7.453051307932214e-05
0.6369747899159663,0.819327731092437,7.470775983227148e-05
0.6445378151260504,0.819327731092437,7.488500658522081e-05
0.6521008403361345,0.819327731092437,7.506225333817015e-05
0.6596638655462185,0.819327731092437,7.523950009111948e-05
0.6672268907563025,0.819327731092437,7.539905825441365e-05
0.6747899159663865,0.819327731092437,7.555861641770782e-05
0.6823529411764706,0.819327731092437,7.571817458100198e-05
0.6899159663865546,0.819327731092437,7.587773274429615e-05
0.6974789915966386,0.819327731092437,7.603729090759031e-05
0.7050420168067226,0.819327731092437,7.61182025778619e-05
0.7126050420168067,0.819327731092437,7.61597910016222e-05
0.7201680672268908,0.819327731092437,7.62013794253825e-05
0.7277310924369748,0.819327731092437,7.624296784914278e-05
0.7352941176470588,0.819327731092437,7.628455627290308e-05
0.7428571428571429,0.819327731092437,7.636337952044694e-05
0.7504201680672269,0.819327731092437,7.651667241555792e-05
0.7579831932773109,0.819327731092437,7.666996531066892e-05
0.7655462184873949,0.819327731092437,7.68232582057799e-05
0.773109243697479,0.819327731092437,7.697655110089088e-05
0.780672268907563,0.819327731092437,7.712984399600187e-05
0.788235294117647,0.819327731092437,7.728313689111285e-05
0.795798319327731,0.819327731092437,7.743642978622383e-05
0.8033613445378152,0.819327731092437,7.75293521079118e-05
0.8109243697478992,0.819327731092437,7.754681121282102e-05
0.8184873949579832,0.819327731092437,7.756427031773024e-05
0.8260504201680672,0.819327731092437,7.758172942263945e-05
0.8336134453781512,0.819327731092437,7.759918852754868e-05
0.8411764705882353,0.819327731092437,7.761664763245789e-05
0.8487394957983193,0.819327731092437,7.763410673736711e-05
0.8563025210084033,0.819327731092437,7.765156584227632e-05
0.8638655462184873,0.819327731092437,7.765529074616071e-05
0.8714285714285714,0.819327731092437,7.764802828922522e-05
0.8789915966386554,0.819327731092437,7.764076583228974e-05
0.8865546218487395,0.819327731092437,7.763350337535426e-05
0.8941176470588235,0.819327731092437,7.762624091841878e-05
0.9016806722689076,0.819327731092437,7.765269630987641e-05
0.9092436974789916,0.819327731092437,7.779716417070999e-05
0.9168067226890756,0.819327731092437,7.794163203154355e-05
0.9243697478991596,0.819327731092437,7.808609989237712e-05
0.9319327731092437,0.819327731092437,7.82305677532107e-05
0.9394957983193277,0.819327731092437,7.837503561404426e-05
0.9470588235294117,0.819327731092437,7.851950347487782e-05
0.9546218487394957,0.819327731092437,7.866397133571138e-05
0.9621848739495799,0.819327731092437,7.87674766073596e-05
0.9697478991596639,0.819327731092437,7.878905670063711e-05
0.9773109243697479,0.819327731092437,7.881063679391464e-05
0.9848739495798319,0.819327731092437,7.883221688719216e-05
0.992436974789916,0.819327731092437,7.885379698046967e-05
1.0,0.819327731092437,7.887537707374719e-05
0.1,0.8361344537815125,3.063359632669134e-05
0.10756302521008404,0.8361344537815125,3.20457033574075e-05
0.11512605042016807,0.8361344537815125,3.345781038812367e-05
0.12268907563025211,0.8361344537815125,3.4869917418839825e-05
0.13025210084033614,0.8361344537815125,3.6282024449555996e-05
0.13781512605042018,0.8361344537815125,3.769413148027216e-05
0.1453781512605042,0.8361344537815125,3.9106238510988325e-05
0.15294117647058825,0.8361344537815125,4.051834554170449e-05
0.16050420168067228,0.8361344537815125,4.1930452572420654e-05
0.16806722689075632,0.8361344537815125,4.334255960313682e-05
0.17563025210084032,0.8361344537815125,4.4535064469410916e-05
0.18319327731092439,0.8361344537815125,4.5727569335685026e-05
0.1907563025210084,0.8361344537815125,4.692007420195912e-05
0.19831932773109245,0.8361344537815125,4.811257906823322e-05
0.20588235294117646,0.8361344537815125,4.8907972428703504e-05
0.21344537815126052,0.8361344537815125,4.958990535894413e-05
0.22100840336134453,0.8361344537815125,5.027183828918475e-05
0.22857142857142856,0.8361344537815125,5.095377121942537e-05
0.2361344537815126,0.8361344537815125,5.1814093563791435e-05
0.24369747899159663,0.8361344537815125,5.281712743945786e-05
0.25126050420168067,0.8361344537815125,5.382016131512427e-05
0.2588235294117647,0.8361344537815125,5.482319519079069e-05
0.26638655462184874,0.8361344537815125,5.582622906645711e-05
0.2739495798319328,0.8361344537815125,5.6829262942123527e-05
0.2815126050420168,0.8361344537815125,5.7832296817789956e-05
0.2890756302521008,0.8361344537815125,5.883533069345636e-05
0.2966386554621849,0.8361344537815125,5.983836456912278e-05
0.30420168067226894,0.8361344537815125,6.053113162626567e-05
0.31176470588235294,0.8361344537815125,6.097568522858973e-05
0.31932773109243695,0.8361344537815125,6.14202388309138e-05
0.326890756302521,0.8361344537815125,6.186479243323786e-05
0.3344537815126051,0.8361344537815125,6.23518406279573e-05
0.3420168067226891,0.8361344537815125,6.292387800746744e-05
0.3495798319327731,0.8361344537815125,6.349591538697759e-05
0.3571428571428571,0.8361344537815125,6.406795276648774e-05
0.3647058823529412,0.8361344537815125,6.46399901459979e-05
0.3722689075630252,0.8361344537815125,6.521202752550805e-05
0.3798319327731092,0.8361344537815125,6.57840649050182e-05
0.38739495798319323,0.8361344537815125,6.635610228452834e-05
0.39495798319327735,0.8361344537815125,6.692813966403849e-05
0.40252100840336136,0.8361344537815125,6.743950444567096e-05
0.41008403361344536,0.8361344537815125,6.782952403154806e-05
0.41764705882352937,0.8361344537815125,6.821954361742514e-05
0.4252100840336135,0.8361344537815125,6.860956320330224e-05
0.4327731092436975,0.8361344537815125,6.899958278917932e-05
0.4403361344537815,0.8361344537815125,6.938960237505641e-05
0.4478991596638655,0.8361344537815125,6.977962196093349e-05
0.4554621848739496,0.8361344537815125,7.01696415468106e-05
0.46302521008403363,0.8361344537815125,7.055966113268769e-05
0.47058823529411764,0.8361344537815125,7.090256690050686e-05
0.47815126050420165,0.8361344537815125,7.115124503221019e-05
0.48571428571428577,0.8361344537815125,7.139992316391354e-05
0.49327731092436977,0.8361344537815125,7.164860129561688e-05
0.5008403361344538,0.8361344537815125,7.189272526761221e-05
0.5084033613445378,0.8361344537815125,7.210041596194343e-05
0.5159663865546219,0.8361344537815125,7.230810665627463e-05
0.5235294117647059,0.8361344537815125,7.251579735060585e-05
0.5310924369747899,0.8361344537815125,7.272348804493707e-05
0.5386554621848739,0.8361344537815125,7.298554213041831e-05
0.546218487394958,0.8361344537815125,7.325439163979332e-05
0.553781512605042,0.8361344537815125,7.352324114916832e-05
0.561344537815126,0.8361344537815125,7.379209065854332e-05
0.5689075630252101,0.8361344537815125,7.406094016791834e-05
0.5764705882352942,0.8361344537815125,7.432978967729335e-05
0.5840336134453782,0.8361344537815125,7.459863918666835e-05
0.5915966386554622,0.8361344537815125,7.486748869604335e-05
0.5991596638655462,0.8361344537815125,7.513633820541836e-05
0.6067226890756302,0.8361344537815125,7.532376304241499e-05
0.6142857142857142,0.8361344537815125,7.550100979536432e-05
0.6218487394957983,0.8361344537815125,7.567825654831366e-05
0.6294117647058823,0.8361344537815125,7.585550330126298e-05
0.6369747899159663,0.8361344537815125,7.603275005421232e-05
0.6445378151260504,0.8361344537815125,7.620999680716165e-05
0.6521008403361345,0.8361344537815125,7.638724356011099e-05
0.6596638655462185,0.8361344537815125,7.656449031306032e-05
0.6672268907563025,0.8361344537815125,7.674173706600966e-05
0.6747899159663865,0.8361344537815125,7.69032606281544e-05
0.6823529411764706,0.8361344537815125,7.706281879144856e-05
0.6899159663865546,0.8361344537815125,7.722237695474273e-05
0.6974789915966386,0.8361344537815125,7.738193511803689e-05
0.7050420168067226,0.8361344537815125,7.746284678830847e-05
0.7126050420168067,0.8361344537815125,7.750443521206877e-05
0.7201680672268908,0.8361344537815125,7.754602363582907e-05
0.7277310924369748,0.8361344537815125,7.758761205958936e-05
0.7352941176470588,0.8361344537815125,7.767884691506108e-05
0.7428571428571429,0.8361344537815125,7.783213981017205e-05
0.7504201680672269,0.8361344537815125,7.798543270528304e-05
0.7579831932773109,0.8361344537815125,7.813872560039404e-05
0.7655462184873949,0.8361344537815125,7.829201849550502e-05
0.773109243697479,0.8361344537815125,7.8445311390616e-05
0.780672268907563,0.8361344537815125,7.859860428572699e-05
0.788235294117647,0.8361344537815125,7.875189718083796e-05
0.795798319327731,0.8361344537815125,7.890519007594895e-05
0.8033613445378152,0.8361344537815125,7.899811239763692e-05
0.8109243697478992,0.8361344537815125,7.901557150254614e-05
0.8184873949579832,0.8361344537815125,7.903303060745536e-05
0.8260504201680672,0.8361344537815125,7.905048971236457e-05
0.8336134453781512,0.8361344537815125,7.906794881727378e-05
0.8411764705882353,0.8361344537815125,7.9085407922183e-05
0.8487394957983193,0.8361344537815125,7.910286702709221e-05
0.8563025210084033,0.8361344537815125,7.912032613200144e-05
0.8638655462184873,0.8361344537815125,7.913778523691066e-05
0.8714285714285714,0.8361344537815125,7.914425698100001e-05
0.8789915966386554,0.8361344537815125,7.913699452406452e-05
0.8865546218487395,0.8361344537815125,7.912973206712904e-05
0.8941176470588235,0.8361344537815125,7.912246961019357e-05
0.9016806722689076,0.8361344537815125,7.91489250016512e-05
0.9092436974789916,0.8361344537815125,7.929339286248477e-05
0.9168067226890756,0.8361344537815125,7.943786072331833e-05
0.9243697478991596,0.8361344537815125,7.958232858415191e-05
0.9319327731092437,0.8361344537815125,7.972679644498547e-05
0.9394957983193277,0.8361344537815125,7.987126430581905e-05
0.9470588235294117,0.8361344537815125,8.001573216665261e-05
0.9546218487394957,0.8361344537815125,8.016020002748617e-05
0.9621848739495799,0.8361344537815125,8.030466788831975e-05
0.9697478991596639,0.8361344537815125,8.042182735636307e-05
0.9773109243697479,0.8361344537815125,8.04434074496406e-05
0.9848739495798319,0.8361344537815125,8.046498754291811e-05
0.992436974789916,0.8361344537815125,8.048656763619562e-05
1.0,0.8361344537815125,8.050814772947314e-05
0.1,0.8529411764705882,3.099115637499719e-05
0.10756302521008404,0.8529411764705882,3.240326340571336e-05
0.11512605042016807,0.8529411764705882,3.381537043642952e-05
0.12268907563025211,0.8529411764705882,3.522747746714568e-05
0.13025210084033614,0.8529411764705882,3.663958449786185e-05
0.13781512605042018,0.8529411764705882,3.805169152857802e-05
0.1453781512605042,0.8529411764705882,3.946379855929418e-05
0.15294117647058825,0.8529411764705882,4.087590559001035e-05
0.16050420168067228,0.8529411764705882,4.228801262072651e-05
0.16806722689075632,0.8529411764705882,4.3700119651442676e-05
0.17563025210084032,0.8529411764705882,4.511222668215884e-05
0.18319327731092439,0.8529411764705882,4.63291317889265e-05
0.1907563025210084,0.8529411764705882,4.75216366552006e-05
0.19831932773109245,0.8529411764705882,4.871414152147471e-05
0.20588235294117646,0.8529411764705882,4.9509534881944986e-05
0.21344537815126052,0.8529411764705882,5.019146781218561e-05
0.22100840336134453,0.8529411764705882,5.0873400742426235e-05
0.22857142857142856,0.8529411764705882,5.176940096961738e-05
0.2361344537815126,0.8529411764705882,5.27724348452838e-05
0.24369747899159663,0.8529411764705882,5.377546872095022e-05
0.25126050420168067,0.8529411764705882,5.477850259661664e-05
0.2588235294117647,0.8529411764705882,5.5781536472283053e-05
0.26638655462184874,0.8529411764705882,5.6784570347949476e-05
0.2739495798319328,0.8529411764705882,5.77876042236159e-05
0.2815126050420168,0.8529411764705882,5.8790638099282314e-05
0.2890756302521008,0.8529411764705882,5.979367197494872e-05
0.2966386554621849,0.8529411764705882,6.0796705850615145e-05
0.30420168067226894,0.8529411764705882,6.148947290775803e-05
0.31176470588235294,0.8529411764705882,6.19340265100821e-05
0.31932773109243695,0.8529411764705882,6.237858011240617e-05
0.326890756302521,0.8529411764705882,6.287979317125739e-05
0.3344537815126051,0.8529411764705882,6.345183055076754e-05
0.3420168067226891,0.8529411764705882,6.402386793027769e-05
0.3495798319327731,0.8529411764705882,6.459590530978783e-05
0.3571428571428571,0.8529411764705882,6.516794268929798e-05
0.3647058823529412,0.8529411764705882,6.573998006880813e-05
0.3722689075630252,0.8529411764705882,6.631201744831829e-05
0.3798319327731092,0.8529411764705882,6.688405482782844e-05
0.38739495798319323,0.8529411764705882,6.745609220733858e-05
0.39495798319327735,0.8529411764705882,6.802812958684873e-05
0.40252100840336136,0.8529411764705882,6.85394943684812e-05
0.41008403361344536,0.8529411764705882,6.892951395435828e-05
0.41764705882352937,0.8529411764705882,6.931953354023538e-05
0.4252100840336135,0.8529411764705882,6.970955312611248e-05
0.4327731092436975,0.8529411764705882,7.009957271198956e-05
0.4403361344537815,0.8529411764705882,7.048959229786666e-05
0.4478991596638655,0.8529411764705882,7.087961188374374e-05
0.4554621848739496,0.8529411764705882,7.126963146962084e-05
0.46302521008403363,0.8529411764705882,7.165965105549792e-05
0.47058823529411764,0.8529411764705882,7.204967064137501e-05
0.47815126050420165,0.8529411764705882,7.240828101521349e-05
0.48571428571428577,0.8529411764705882,7.265695914691684e-05
0.49327731092436977,0.8529411764705882,7.290563727862018e-05
0.5008403361344538,0.8529411764705882,7.314976125061551e-05
0.5084033613445378,0.8529411764705882,7.335745194494671e-05
0.5159663865546219,0.8529411764705882,7.356514263927793e-05
0.5235294117647059,0.8529411764705882,7.377283333360915e-05
0.5310924369747899,0.8529411764705882,7.404168284298415e-05
0.5386554621848739,0.8529411764705882,7.431053235235916e-05
0.546218487394958,0.8529411764705882,7.457938186173416e-05
0.553781512605042,0.8529411764705882,7.484823137110916e-05
0.561344537815126,0.8529411764705882,7.511708088048417e-05
0.5689075630252101,0.8529411764705882,7.538593038985917e-05
0.5764705882352942,0.8529411764705882,7.565477989923419e-05
0.5840336134453782,0.8529411764705882,7.592362940860919e-05
0.5915966386554622,0.8529411764705882,7.619247891798419e-05
0.5991596638655462,0.8529411764705882,7.64613284273592e-05
0.6067226890756302,0.8529411764705882,7.664875326435583e-05
0.6142857142857142,0.8529411764705882,7.682600001730517e-05
0.6218487394957983,0.8529411764705882,7.700324677025451e-05
0.6294117647058823,0.8529411764705882,7.718049352320383e-05
0.6369747899159663,0.8529411764705882,7.735774027615316e-05
0.6445378151260504,0.8529411764705882,7.75349870291025e-05
0.6521008403361345,0.8529411764705882,7.771223378205184e-05
0.6596638655462185,0.8529411764705882,7.788948053500115e-05
0.6672268907563025,0.8529411764705882,7.80667272879505e-05
0.6747899159663865,0.8529411764705882,7.824397404089983e-05
0.6823529411764706,0.8529411764705882,7.840746300189515e-05
0.6899159663865546,0.8529411764705882,7.85670211651893e-05
0.6974789915966386,0.8529411764705882,7.872657932848348e-05
0.7050420168067226,0.8529411764705882,7.880749099875505e-05
0.7126050420168067,0.8529411764705882,7.884907942251536e-05
0.7201680672268908,0.8529411764705882,7.889066784627565e-05
0.7277310924369748,0.8529411764705882,7.899431430967522e-05
0.7352941176470588,0.8529411764705882,7.91476072047862e-05
0.7428571428571429,0.8529411764705882,7.930090009989718e-05
0.7504201680672269,0.8529411764705882,7.945419299500817e-05
0.7579831932773109,0.8529411764705882,7.960748589011917e-05
0.7655462184873949,0.8529411764705882,7.976077878523013e-05
0.773109243697479,0.8529411764705882,7.991407168034113e-05
0.780672268907563,0.8529411764705882,8.006736457545212e-05
0.788235294117647,0.8529411764705882,8.022065747056309e-05
0.795798319327731,0.8529411764705882,8.037395036567407e-05
0.8033613445378152,0.8529411764705882,8.046687268736206e-05
0.8109243697478992,0.8529411764705882,8.048433179227127e-05
0.8184873949579832,0.8529411764705882,8.050179089718049e-05
0.8260504201680672,0.8529411764705882,8.05192500020897e-05
0.8336134453781512,0.8529411764705882,8.053670910699891e-05
0.8411764705882353,0.8529411764705882,8.055416821190814e-05
0.8487394957983193,0.8529411764705882,8.057162731681735e-05
0.8563025210084033,0.8529411764705882,8.058908642172657e-05
0.8638655462184873,0.8529411764705882,8.060654552663578e-05
0.8714285714285714,0.8529411764705882,8.0624004631545e-05
0.8789915966386554,0.8529411764705882,8.063322321583931e-05
0.8865546218487395,0.8529411764705882,8.062596075890384e-05
0.8941176470588235,0.8529411764705882,8.061869830196835e-05
0.9016806722689076,0.8529411764705882,8.064515369342599e-05
0.9092436974789916,0.8529411764705882,8.078962155425955e-05
0.9168067226890756,0.8529411764705882,8.093408941509312e-05
0.9243697478991596,0.8529411764705882,8.107855727592668e-05
0.9319327731092437,0.8529411764705882,8.122302513676026e-05
0.9394957983193277,0.8529411764705882,8.136749299759382e-05
0.9470588235294117,0.8529411764705882,8.15119608584274e-05
0.9546218487394957,0.8529411764705882,8.165642871926096e-05
0.9621848739495799,0.8529411764705882,8.180089658009453e-05
0.9697478991596639,0.8529411764705882,8.19453644409281e-05
0.9773109243697479,0.8529411764705882,8.207617810536655e-05
0.9848739495798319,0.8529411764705882,8.209775819864407e-05
0.992436974789916,0.8529411764705882,8.211933829192159e-05
1.0,0.8529411764705882,8.21409183851991e-05
0.1,0.8697478991596639,3.134871642330305e-05
0.10756302521008404,0.8697478991596639,3.276082345401922e-05
0.11512605042016807,0.8697478991596639,3.417293048473538e-05
0.12268907563025211,0.8697478991596639,3.558503751545154e-05
0.13025210084033614,0.8697478991596639,3.699714454616771e-05
0.13781512605042018,0.8697478991596639,3.8409251576883875e-05
0.1453781512605042,0.8697478991596639,3.982135860760003e-05
0.15294117647058825,0.8697478991596639,4.1233465638316204e-05
0.16050420168067228,0.8697478991596639,4.264557266903237e-05
0.16806722689075632,0.8697478991596639,4.405767969974853e-05
0.17563025210084032,0.8697478991596639,4.54697867304647e-05
0.18319327731092439,0.8697478991596639,4.688189376118087e-05
0.1907563025210084,0.8697478991596639,4.812319910844208e-05
0.19831932773109245,0.8697478991596639,4.9315703974716186e-05
0.20588235294117646,0.8697478991596639,5.0111097335186476e-05
0.21344537815126052,0.8697478991596639,5.07930302654271e-05
0.22100840336134453,0.8697478991596639,5.172470837544334e-05
0.22857142857142856,0.8697478991596639,5.2727742251109756e-05
0.2361344537815126,0.8697478991596639,5.373077612677618e-05
0.24369747899159663,0.8697478991596639,5.473381000244259e-05
0.25126050420168067,0.8697478991596639,5.573684387810901e-05
0.2588235294117647,0.8697478991596639,5.673987775377542e-05
0.26638655462184874,0.8697478991596639,5.774291162944184e-05
0.2739495798319328,0.8697478991596639,5.874594550510826e-05
0.2815126050420168,0.8697478991596639,5.974897938077468e-05
0.2890756302521008,0.8697478991596639,6.07520132564411e-05
0.2966386554621849,0.8697478991596639,6.175504713210751e-05
0.30420168067226894,0.8697478991596639,6.24478141892504e-05
0.31176470588235294,0.8697478991596639,6.289236779157447e-05
0.31932773109243695,0.8697478991596639,6.340774571455747e-05
0.326890756302521,0.8697478991596639,6.397978309406762e-05
0.3344537815126051,0.8697478991596639,6.455182047357778e-05
0.3420168067226891,0.8697478991596639,6.512385785308793e-05
0.3495798319327731,0.8697478991596639,6.569589523259807e-05
0.3571428571428571,0.8697478991596639,6.626793261210823e-05
0.3647058823529412,0.8697478991596639,6.683996999161839e-05
0.3722689075630252,0.8697478991596639,6.741200737112853e-05
0.3798319327731092,0.8697478991596639,6.798404475063868e-05
0.38739495798319323,0.8697478991596639,6.855608213014883e-05
0.39495798319327735,0.8697478991596639,6.912811950965898e-05
0.40252100840336136,0.8697478991596639,6.963948429129145e-05
0.41008403361344536,0.8697478991596639,7.002950387716854e-05
0.41764705882352937,0.8697478991596639,7.041952346304562e-05
0.4252100840336135,0.8697478991596639,7.080954304892272e-05
0.4327731092436975,0.8697478991596639,7.11995626347998e-05
0.4403361344537815,0.8697478991596639,7.15895822206769e-05
0.4478991596638655,0.8697478991596639,7.197960180655398e-05
0.4554621848739496,0.8697478991596639,7.236962139243108e-05
0.46302521008403363,0.8697478991596639,7.275964097830816e-05
0.47058823529411764,0.8697478991596639,7.314966056418526e-05
0.47815126050420165,0.8697478991596639,7.353968015006234e-05
0.48571428571428577,0.8697478991596639,7.391399512992013e-05
0.49327731092436977,0.8697478991596639,7.416267326162348e-05
0.5008403361344538,0.8697478991596639,7.440679723361881e-05
0.5084033613445378,0.8697478991596639,7.461448792795001e-05
0.5159663865546219,0.8697478991596639,7.482897404617498e-05
0.5235294117647059,0.8697478991596639,7.509782355554998e-05
0.5310924369747899,0.8697478991596639,7.5366673064925e-05
0.5386554621848739,0.8697478991596639,7.56355225743e-05
0.546218487394958,0.8697478991596639,7.5904372083675e-05
0.553781512605042,0.8697478991596639,7.617322159305001e-05
0.561344537815126,0.8697478991596639,7.644207110242501e-05
0.5689075630252101,0.8697478991596639,7.671092061180002e-05
0.5764705882352942,0.8697478991596639,7.697977012117502e-05
0.5840336134453782,0.8697478991596639,7.724861963055002e-05
0.5915966386554622,0.8697478991596639,7.751746913992504e-05
0.5991596638655462,0.8697478991596639,7.778631864930004e-05
0.6067226890756302,0.8697478991596639,7.797374348629668e-05
0.6142857142857142,0.8697478991596639,7.8150990239246e-05
0.6218487394957983,0.8697478991596639,7.832823699219534e-05
0.6294117647058823,0.8697478991596639,7.850548374514467e-05
0.6369747899159663,0.8697478991596639,7.868273049809401e-05
0.6445378151260504,0.8697478991596639,7.885997725104334e-05
0.6521008403361345,0.8697478991596639,7.903722400399268e-05
0.6596638655462185,0.8697478991596639,7.9214470756942e-05
0.6672268907563025,0.8697478991596639,7.939171750989134e-05
0.6747899159663865,0.8697478991596639,7.956896426284068e-05
0.6823529411764706,0.8697478991596639,7.974621101579001e-05
0.6899159663865546,0.8697478991596639,7.991166537563588e-05
0.6974789915966386,0.8697478991596639,8.007122353893006e-05
0.7050420168067226,0.8697478991596639,8.015213520920164e-05
0.7126050420168067,0.8697478991596639,8.019372363296194e-05
0.7201680672268908,0.8697478991596639,8.030978170428936e-05
0.7277310924369748,0.8697478991596639,8.046307459940035e-05
0.7352941176470588,0.8697478991596639,8.061636749451133e-05
0.7428571428571429,0.8697478991596639,8.076966038962231e-05
0.7504201680672269,0.8697478991596639,8.092295328473329e-05
0.7579831932773109,0.8697478991596639,8.107624617984429e-05
0.7655462184873949,0.8697478991596639,8.122953907495527e-05
0.773109243697479,0.8697478991596639,8.138283197006626e-05
0.780672268907563,0.8697478991596639,8.153612486517724e-05
0.788235294117647,0.8697478991596639,8.16894177602882e-05
0.795798319327731,0.8697478991596639,8.18427106553992e-05
0.8033613445378152,0.8697478991596639,8.193563297708717e-05
0.8109243697478992,0.8697478991596639,8.19530920819964e-05
0.8184873949579832,0.8697478991596639,8.197055118690561e-05
0.8260504201680672,0.8697478991596639,8.198801029181482e-05
0.8336134453781512,0.8697478991596639,8.200546939672404e-05
0.8411764705882353,0.8697478991596639,8.202292850163325e-05
0.8487394957983193,0.8697478991596639,8.204038760654248e-05
0.8563025210084033,0.8697478991596639,8.205784671145169e-05
0.8638655462184873,0.8697478991596639,8.207530581636091e-05
0.8714285714285714,0.8697478991596639,8.209276492127012e-05
0.8789915966386554,0.8697478991596639,8.211022402617933e-05
0.8865546218487395,0.8697478991596639,8.212218945067863e-05
0.8941176470588235,0.8697478991596639,8.211492699374314e-05
0.9016806722689076,0.8697478991596639,8.214138238520079e-05
0.9092436974789916,0.8697478991596639,8.228585024603435e-05
0.9168067226890756,0.8697478991596639,8.243031810686792e-05
0.9243697478991596,0.8697478991596639,8.257478596770148e-05
0.9319327731092437,0.8697478991596639,8.271925382853506e-05
0.9394957983193277,0.8697478991596639,8.286372168936863e-05
0.9470588235294117,0.8697478991596639,8.300818955020218e-05
0.9546218487394957,0.8697478991596639,8.315265741103574e-05
0.9621848739495799,0.8697478991596639,8.329712527186932e-05
0.9697478991596639,0.8697478991596639,8.344159313270288e-05
0.9773109243697479,0.8697478991596639,8.358606099353646e-05
0.9848739495798319,0.8697478991596639,8.373052885437002e-05
0.992436974789916,0.8697478991596639,8.375210894764754e-05
1.0,0.8697478991596639,8.377368904092506e-05
0.1,0.8865546218487395,3.17062764716089e-05
0.10756302521008404,0.8865546218487395,3.3118383502325074e-05
0.11512605042016807,0.8865546218487395,3.453049053304123e-05
0.12268907563025211,0.8865546218487395,3.59425975637574e-05
0.13025210084033614,0.8865546218487395,3.735470459447356e-05
0.13781512605042018,0.8865546218487395,3.876681162518973e-05
0.1453781512605042,0.8865546218487395,4.01789186559059e-05
0.15294117647058825,0.8865546218487395,4.159102568662206e-05
0.16050420168067228,0.8865546218487395,4.3003132717338226e-05
0.16806722689075632,0.8865546218487395,4.4415239748054384e-05
0.17563025210084032,0.8865546218487395,4.582734677877055e-05
0.18319327731092439,0.8865546218487395,4.7239453809486727e-05
0.1907563025210084,0.8865546218487395,4.865156084020288e-05
0.19831932773109245,0.8865546218487395,4.991726642795767e-05
0.20588235294117646,0.8865546218487395,5.071265978842795e-05
0.21344537815126052,0.8865546218487395,5.168001578126928e-05
0.22100840336134453,0.8865546218487395,5.26830496569357e-05
0.22857142857142856,0.8865546218487395,5.3686083532602114e-05
0.2361344537815126,0.8865546218487395,5.468911740826853e-05
0.24369747899159663,0.8865546218487395,5.5692151283934945e-05
0.25126050420168067,0.8865546218487395,5.669518515960137e-05
0.2588235294117647,0.8865546218487395,5.769821903526779e-05
0.26638655462184874,0.8865546218487395,5.8701252910934206e-05
0.2739495798319328,0.8865546218487395,5.970428678660063e-05
0.2815126050420168,0.8865546218487395,6.0707320662267044e-05
0.2890756302521008,0.8865546218487395,6.171035453793345e-05
0.2966386554621849,0.8865546218487395,6.271338841359987e-05
0.30420168067226894,0.8865546218487395,6.340615547074278e-05
0.31176470588235294,0.8865546218487395,6.393569825785756e-05
0.31932773109243695,0.8865546218487395,6.45077356373677e-05
0.326890756302521,0.8865546218487395,6.507977301687786e-05
0.3344537815126051,0.8865546218487395,6.5651810396388e-05
0.3420168067226891,0.8865546218487395,6.622384777589815e-05
0.3495798319327731,0.8865546218487395,6.67958851554083e-05
0.3571428571428571,0.8865546218487395,6.736792253491846e-05
0.3647058823529412,0.8865546218487395,6.793995991442861e-05
0.3722689075630252,0.8865546218487395,6.851199729393876e-05
0.3798319327731092,0.8865546218487395,6.908403467344892e-05
0.38739495798319323,0.8865546218487395,6.965607205295906e-05
0.39495798319327735,0.8865546218487395,7.022810943246921e-05
0.40252100840336136,0.8865546218487395,7.073947421410168e-05
0.41008403361344536,0.8865546218487395,7.112949379997877e-05
0.41764705882352937,0.8865546218487395,7.151951338585586e-05
0.4252100840336135,0.8865546218487395,7.190953297173294e-05
0.4327731092436975,0.8865546218487395,7.229955255761004e-05
0.4403361344537815,0.8865546218487395,7.268957214348712e-05
0.4478991596638655,0.8865546218487395,7.307959172936421e-05
0.4554621848739496,0.8865546218487395,7.34696113152413e-05
0.46302521008403363,0.8865546218487395,7.385963090111839e-05
0.47058823529411764,0.8865546218487395,7.424965048699547e-05
0.47815126050420165,0.8865546218487395,7.463967007287257e-05
0.48571428571428577,0.8865546218487395,7.502968965874965e-05
0.49327731092436977,0.8865546218487395,7.541970924462675e-05
0.5008403361344538,0.8865546218487395,7.566383321662208e-05
0.5084033613445378,0.8865546218487395,7.588511475874081e-05
0.5159663865546219,0.8865546218487395,7.615396426811581e-05
0.5235294117647059,0.8865546218487395,7.642281377749081e-05
0.5310924369747899,0.8865546218487395,7.669166328686581e-05
0.5386554621848739,0.8865546218487395,7.696051279624082e-05
0.546218487394958,0.8865546218487395,7.722936230561584e-05
0.553781512605042,0.8865546218487395,7.749821181499084e-05
0.561344537815126,0.8865546218487395,7.776706132436584e-05
0.5689075630252101,0.8865546218487395,7.803591083374085e-05
0.5764705882352942,0.8865546218487395,7.830476034311586e-05
0.5840336134453782,0.8865546218487395,7.857360985249086e-05
0.5915966386554622,0.8865546218487395,7.884245936186586e-05
0.5991596638655462,0.8865546218487395,7.911130887124088e-05
0.6067226890756302,0.8865546218487395,7.92987337082375e-05
0.6142857142857142,0.8865546218487395,7.947598046118683e-05
0.6218487394957983,0.8865546218487395,7.965322721413617e-05
0.6294117647058823,0.8865546218487395,7.98304739670855e-05
0.6369747899159663,0.8865546218487395,8.000772072003484e-05
0.6445378151260504,0.8865546218487395,8.018496747298416e-05
0.6521008403361345,0.8865546218487395,8.03622142259335e-05
0.6596638655462185,0.8865546218487395,8.053946097888284e-05
0.6672268907563025,0.8865546218487395,8.071670773183217e-05
0.6747899159663865,0.8865546218487395,8.08939544847815e-05
0.6823529411764706,0.8865546218487395,8.107120123773084e-05
0.6899159663865546,0.8865546218487395,8.124844799068016e-05
0.6974789915966386,0.8865546218487395,8.141586774937665e-05
0.7050420168067226,0.8865546218487395,8.149677941964821e-05
0.7126050420168067,0.8865546218487395,8.162524909890348e-05
0.7201680672268908,0.8865546218487395,8.177854199401448e-05
0.7277310924369748,0.8865546218487395,8.193183488912546e-05
0.7352941176470588,0.8865546218487395,8.208512778423644e-05
0.7428571428571429,0.8865546218487395,8.223842067934743e-05
0.7504201680672269,0.8865546218487395,8.239171357445841e-05
0.7579831932773109,0.8865546218487395,8.25450064695694e-05
0.7655462184873949,0.8865546218487395,8.269829936468038e-05
0.773109243697479,0.8865546218487395,8.285159225979136e-05
0.780672268907563,0.8865546218487395,8.300488515490236e-05
0.788235294117647,0.8865546218487395,8.315817805001332e-05
0.795798319327731,0.8865546218487395,8.331147094512432e-05
0.8033613445378152,0.8865546218487395,8.34043932668123e-05
0.8109243697478992,0.8865546218487395,8.34218523717215e-05
0.8184873949579832,0.8865546218487395,8.343931147663071e-05
0.8260504201680672,0.8865546218487395,8.345677058153994e-05
0.8336134453781512,0.8865546218487395,8.347422968644915e-05
0.8411764705882353,0.8865546218487395,8.349168879135837e-05
0.8487394957983193,0.8865546218487395,8.350914789626758e-05
0.8563025210084033,0.8865546218487395,8.352660700117679e-05
0.8638655462184873,0.8865546218487395,8.354406610608602e-05
0.8714285714285714,0.8865546218487395,8.356152521099523e-05
0.8789915966386554,0.8865546218487395,8.357898431590445e-05
0.8865546218487395,0.8865546218487395,8.359644342081366e-05
0.8941176470588235,0.8865546218487395,8.361115568551791e-05
0.9016806722689076,0.8865546218487395,8.363761107697556e-05
0.9092436974789916,0.8865546218487395,8.378207893780912e-05
0.9168067226890756,0.8865546218487395,8.39265467986427e-05
0.9243697478991596,0.8865546218487395,8.407101465947626e-05
0.9319327731092437,0.8865546218487395,8.421548252030983e-05
0.9394957983193277,0.8865546218487395,8.43599503811434e-05
0.9470588235294117,0.8865546218487395,8.450441824197696e-05
0.9546218487394957,0.8865546218487395,8.464888610281053e-05
0.9621848739495799,0.8865546218487395,8.479335396364411e-05
0.9697478991596639,0.8865546218487395,8.493782182447767e-05
0.9773109243697479,0.8865546218487395,8.508228968531123e-05
0.9848739495798319,0.8865546218487395,8.52267575461448e-05
0.992436974789916,0.8865546218487395,8.537122540697838e-05
1.0,0.8865546218487395,8.540645969665101e-05
0.1,0.9033613445378151,3.206228046470062e-05
0.10756302521008404,0.9033613445378151,3.3474387495416795e-05
0.11512605042016807,0.9033613445378151,3.488649452613296e-05
0.12268907563025211,0.9033613445378151,3.6298601556849124e-05
0.13025210084033614,0.9033613445378151,3.771070858756529e-05
0.13781512605042018,0.9033613445378151,3.912281561828145e-05
0.1453781512605042,0.9033613445378151,4.053492264899762e-05
0.15294117647058825,0.9033613445378151,4.194702967971378e-05
0.16050420168067228,0.9033613445378151,4.3359136710429946e-05
0.16806722689075632,0.9033613445378151,4.477124374114611e-05
0.17563025210084032,0.9033613445378151,4.618335077186227e-05
0.18319327731092439,0.9033613445378151,4.759545780257844e-05
0.1907563025210084,0.9033613445378151,4.90075648332946e-05
0.19831932773109245,0.9033613445378151,5.041967186401077e-05
0.20588235294117646,0.9033613445378151,5.161634688766686e-05
0.21344537815126052,0.9033613445378151,5.261938076333328e-05
0.22100840336134453,0.9033613445378151,5.36224146389997e-05
0.22857142857142856,0.9033613445378151,5.4625448514666114e-05
0.2361344537815126,0.9033613445378151,5.562848239033253e-05
0.24369747899159663,0.9033613445378151,5.663151626599895e-05
0.25126050420168067,0.9033613445378151,5.763455014166537e-05
0.2588235294117647,0.9033613445378151,5.8637584017331784e-05
0.26638655462184874,0.9033613445378151,5.964061789299821e-05
0.2739495798319328,0.9033613445378151,6.064365176866463e-05
0.2815126050420168,0.9033613445378151,6.164668564433104e-05
0.2890756302521008,0.9033613445378151,6.264971951999746e-05
0.2966386554621849,0.9033613445378151,6.365275339566388e-05
0.30420168067226894,0.9033613445378151,6.446299612599126e-05
0.31176470588235294,0.9033613445378151,6.503503350550141e-05
0.31932773109243695,0.9033613445378151,6.560707088501156e-05
0.326890756302521,0.9033613445378151,6.61791082645217e-05
0.3344537815126051,0.9033613445378151,6.675114564403187e-05
0.3420168067226891,0.9033613445378151,6.7323183023542e-05
0.3495798319327731,0.9033613445378151,6.789522040305215e-05
0.3571428571428571,0.9033613445378151,6.846725778256231e-05
0.3647058823529412,0.9033613445378151,6.903929516207246e-05
0.3722689075630252,0.9033613445378151,6.961133254158262e-05
0.3798319327731092,0.9033613445378151,7.018336992109277e-05
0.38739495798319323,0.9033613445378151,7.075540730060291e-05
0.39495798319327735,0.9033613445378151,7.132744468011307e-05
0.40252100840336136,0.9033613445378151,7.183880946174553e-05
0.41008403361344536,0.9033613445378151,7.222882904762263e-05
0.41764705882352937,0.9033613445378151,7.261884863349971e-05
0.4252100840336135,0.9033613445378151,7.30088682193768e-05
0.4327731092436975,0.9033613445378151,7.339888780525389e-05
0.4403361344537815,0.9033613445378151,7.378890739113098e-05
0.4478991596638655,0.9033613445378151,7.417892697700806e-05
0.4554621848739496,0.9033613445378151,7.456894656288517e-05
0.46302521008403363,0.9033613445378151,7.495896614876225e-05
0.47058823529411764,0.9033613445378151,7.534898573463934e-05
0.47815126050420165,0.9033613445378151,7.573900532051642e-05
0.48571428571428577,0.9033613445378151,7.612902490639352e-05
0.49327731092436977,0.9033613445378151,7.65190444922706e-05
0.5008403361344538,0.9033613445378151,7.693998499618684e-05
0.5084033613445378,0.9033613445378151,7.723427693455356e-05
0.5159663865546219,0.9033613445378151,7.750312644392858e-05
0.5235294117647059,0.9033613445378151,7.777197595330358e-05
0.5310924369747899,0.9033613445378151,7.804082546267859e-05
0.5386554621848739,0.9033613445378151,7.830967497205359e-05
0.546218487394958,0.9033613445378151,7.85785244814286e-05
0.553781512605042,0.9033613445378151,7.88473739908036e-05
0.561344537815126,0.9033613445378151,7.91162235001786e-05
0.5689075630252101,0.9033613445378151,7.938507300955362e-05
0.5764705882352942,0.9033613445378151,7.965392251892863e-05
0.5840336134453782,0.9033613445378151,7.992277202830363e-05
0.5915966386554622,0.9033613445378151,8.019162153767863e-05
0.5991596638655462,0.9033613445378151,8.046047104705364e-05
0.6067226890756302,0.9033613445378151,8.064789588405027e-05
0.6142857142857142,0.9033613445378151,8.08251426369996e-05
0.6218487394957983,0.9033613445378151,8.100238938994894e-05
0.6294117647058823,0.9033613445378151,8.117963614289826e-05
0.6369747899159663,0.9033613445378151,8.13568828958476e-05
0.6445378151260504,0.9033613445378151,8.153412964879693e-05
0.6521008403361345,0.9033613445378151,8.171137640174627e-05
0.6596638655462185,0.9033613445378151,8.18886231546956e-05
0.6672268907563025,0.9033613445378151,8.206586990764494e-05
0.6747899159663865,0.9033613445378151,8.224311666059426e-05
0.6823529411764706,0.9033613445378151,8.242036341354362e-05
0.6899159663865546,0.9033613445378151,8.259761016649294e-05
0.6974789915966386,0.9033613445378151,8.277485691944227e-05
0.7050420168067226,0.9033613445378151,8.293916536849681e-05
0.7126050420168067,0.9033613445378151,8.309245826360779e-05
0.7201680672268908,0.9033613445378151,8.324575115871878e-05
0.7277310924369748,0.9033613445378151,8.339904405382976e-05
0.7352941176470588,0.9033613445378151,8.355233694894074e-05
0.7428571428571429,0.9033613445378151,8.370562984405172e-05
0.7504201680672269,0.9033613445378151,8.385892273916272e-05
0.7579831932773109,0.9033613445378151,8.40122156342737e-05
0.7655462184873949,0.9033613445378151,8.416550852938468e-05
0.773109243697479,0.9033613445378151,8.431880142449566e-05
0.780672268907563,0.9033613445378151,8.447209431960665e-05
0.788235294117647,0.9033613445378151,8.462538721471763e-05
0.795798319327731,0.9033613445378151,8.477868010982861e-05
0.8033613445378152,0.9033613445378151,8.487160243151659e-05
0.8109243697478992,0.9033613445378151,8.488906153642581e-05
0.8184873949579832,0.9033613445378151,8.490652064133502e-05
0.8260504201680672,0.9033613445378151,8.492397974624423e-05
0.8336134453781512,0.9033613445378151,8.494143885115345e-05
0.8411764705882353,0.9033613445378151,8.495889795606266e-05
0.8487394957983193,0.9033613445378151,8.497635706097189e-05
0.8563025210084033,0.9033613445378151,8.49938161658811e-05
0.8638655462184873,0.9033613445378151,8.501127527079032e-05
0.8714285714285714,0.9033613445378151,8.502873437569953e-05
0.8789915966386554,0.9033613445378151,8.504619348060876e-05
0.8865546218487395,0.9033613445378151,8.506365258551797e-05
0.8941176470588235,0.9033613445378151,8.508111169042718e-05
0.9016806722689076,0.9033613445378151,8.516131870589084e-05
0.9092436974789916,0.9033613445378151,8.53057865667244e-05
0.9168067226890756,0.9033613445378151,8.545025442755796e-05
0.9243697478991596,0.9033613445378151,8.559472228839154e-05
0.9319327731092437,0.9033613445378151,8.57391901492251e-05
0.9394957983193277,0.9033613445378151,8.588365801005868e-05
0.9470588235294117,0.9033613445378151,8.602812587089224e-05
0.9546218487394957,0.9033613445378151,8.617259373172581e-05
0.9621848739495799,0.9033613445378151,8.631706159255939e-05
0.9697478991596639,0.9033613445378151,8.646152945339295e-05
0.9773109243697479,0.9033613445378151,8.660599731422651e-05
0.9848739495798319,0.9033613445378151,8.675046517506009e-05
0.992436974789916,0.9033613445378151,8.689493303589366e-05
1.0,0.9033613445378151,8.703483879791696e-05
0.1,0.9201680672268908,3.241206023693583e-05
0.10756302521008404,0.9201680672268908,3.382416726765199e-05
0.11512605042016807,0.9201680672268908,3.523627429836816e-05
0.12268907563025211,0.9201680672268908,3.664838132908432e-05
0.13025210084033614,0.9201680672268908,3.8060488359800493e-05
0.13781512605042018,0.9201680672268908,3.947259539051665e-05
0.1453781512605042,0.9201680672268908,4.088470242123282e-05
0.15294117647058825,0.9201680672268908,4.229680945194899e-05
0.16050420168067228,0.9201680672268908,4.370891648266515e-05
0.16806722689075632,0.9201680672268908,4.5121023513381316e-05
0.17563025210084032,0.9201680672268908,4.6533130544097474e-05
0.18319327731092439,0.9201680672268908,4.7945237574813645e-05
0.1907563025210084,0.9201680672268908,4.939476531015723e-05
0.19831932773109245,0.9201680672268908,5.114365868252023e-05
0.20588235294117646,0.9201680672268908,5.2410070189096866e-05
0.21344537815126052,0.9201680672268908,5.348284054768382e-05
0.22100840336134453,0.9201680672268908,5.4485874423350227e-05
0.22857142857142856,0.9201680672268908,5.548890829901665e-05
0.2361344537815126,0.9201680672268908,5.6491942174683065e-05
0.24369747899159663,0.9201680672268908,5.749497605034949e-05
0.25126050420168067,0.9201680672268908,5.84980099260159e-05
0.2588235294117647,0.9201680672268908,5.950104380168232e-05
0.26638655462184874,0.9201680672268908,6.0504077677348734e-05
0.2739495798319328,0.9201680672268908,6.150711155301516e-05
0.2815126050420168,0.9201680672268908,6.251014542868157e-05
0.2890756302521008,0.9201680672268908,6.3513179304348e-05
0.2966386554621849,0.9201680672268908,6.451621318001442e-05
0.30420168067226894,0.9201680672268908,6.539643293913011e-05
0.31176470588235294,0.9201680672268908,6.61317500524797e-05
0.31932773109243695,0.9201680672268908,6.670378743198984e-05
0.326890756302521,0.9201680672268908,6.72758248115e-05
0.3344537815126051,0.9201680672268908,6.784786219101016e-05
0.3420168067226891,0.9201680672268908,6.84198995705203e-05
0.3495798319327731,0.9201680672268908,6.899193695003045e-05
0.3571428571428571,0.9201680672268908,6.956397432954062e-05
0.3647058823529412,0.9201680672268908,7.013601170905077e-05
0.3722689075630252,0.9201680672268908,7.070804908856091e-05
0.3798319327731092,0.9201680672268908,7.128008646807106e-05
0.38739495798319323,0.9201680672268908,7.185212384758121e-05
0.39495798319327735,0.9201680672268908,7.242416122709137e-05
0.40252100840336136,0.9201680672268908,7.293552600872382e-05
0.41008403361344536,0.9201680672268908,7.332554559460092e-05
0.41764705882352937,0.9201680672268908,7.3715565180478e-05
0.4252100840336135,0.9201680672268908,7.410558476635509e-05
0.4327731092436975,0.9201680672268908,7.449560435223218e-05
0.4403361344537815,0.9201680672268908,7.488562393810927e-05
0.4478991596638655,0.9201680672268908,7.527564352398636e-05
0.4554621848739496,0.9201680672268908,7.566566310986345e-05
0.46302521008403363,0.9201680672268908,7.605568269574053e-05
0.47058823529411764,0.9201680672268908,7.644570228161763e-05
0.47815126050420165,0.9201680672268908,7.683572186749471e-05
0.48571428571428577,0.9201680672268908,7.722574145337181e-05
0.49327731092436977,0.9201680672268908,7.765364470101089e-05
0.5008403361344538,0.9201680672268908,7.81314106975701e-05
0.5084033613445378,0.9201680672268908,7.862924206787057e-05
0.5159663865546219,0.9201680672268908,7.894897643522902e-05
0.5235294117647059,0.9201680672268908,7.921782594460402e-05
0.5310924369747899,0.9201680672268908,7.948667545397902e-05
0.5386554621848739,0.9201680672268908,7.975552496335404e-05
0.546218487394958,0.9201680672268908,8.002437447272905e-05
0.553781512605042,0.9201680672268908,8.029322398210406e-05
0.561344537815126,0.9201680672268908,8.056207349147906e-05
0.5689075630252101,0.9201680672268908,8.083092300085406e-05
0.5764705882352942,0.9201680672268908,8.109977251022908e-05
0.5840336134453782,0.9201680672268908,8.136862201960408e-05
0.5915966386554622,0.9201680672268908,8.163747152897908e-05
0.5991596638655462,0.9201680672268908,8.190632103835409e-05
0.6067226890756302,0.9201680672268908,8.209374587535072e-05
0.6142857142857142,0.9201680672268908,8.227099262830004e-05
0.6218487394957983,0.9201680672268908,8.244823938124938e-05
0.6294117647058823,0.9201680672268908,8.262548613419872e-05
0.6369747899159663,0.9201680672268908,8.280273288714805e-05
0.6445378151260504,0.9201680672268908,8.297997964009739e-05
0.6521008403361345,0.9201680672268908,8.315722639304671e-05
0.6596638655462185,0.9201680672268908,8.333447314599605e-05
0.6672268907563025,0.9201680672268908,8.351171989894538e-05
0.6747899159663865,0.9201680672268908,8.368896665189471e-05
0.6823529411764706,0.9201680672268908,8.386621340484406e-05
0.6899159663865546,0.9201680672268908,8.404346015779339e-05
0.6974789915966386,0.9201680672268908,8.430593931148587e-05
0.7050420168067226,0.9201680672268908,8.44478988296209e-05
0.7126050420168067,0.9201680672268908,8.455346292822877e-05
0.7201680672268908,0.9201680672268908,8.470675582333975e-05
0.7277310924369748,0.9201680672268908,8.486004871845073e-05
0.7352941176470588,0.9201680672268908,8.50133416135617e-05
0.7428571428571429,0.9201680672268908,8.516663450867269e-05
0.7504201680672269,0.9201680672268908,8.531992740378368e-05
0.7579831932773109,0.9201680672268908,8.547322029889466e-05
0.7655462184873949,0.9201680672268908,8.562651319400564e-05
0.773109243697479,0.9201680672268908,8.577980608911663e-05
0.780672268907563,0.9201680672268908,8.59330989842276e-05
0.788235294117647,0.9201680672268908,8.608639187933859e-05
0.795798319327731,0.9201680672268908,8.623968477444957e-05
0.8033613445378152,0.9201680672268908,8.633260709613755e-05
0.8109243697478992,0.9201680672268908,8.635006620104677e-05
0.8184873949579832,0.9201680672268908,8.636752530595598e-05
0.8260504201680672,0.9201680672268908,8.638498441086519e-05
0.8336134453781512,0.9201680672268908,8.640244351577442e-05
0.8411764705882353,0.9201680672268908,8.641990262068363e-05
0.8487394957983193,0.9201680672268908,8.643736172559285e-05
0.8563025210084033,0.9201680672268908,8.645482083050206e-05
0.8638655462184873,0.9201680672268908,8.647227993541129e-05
0.8714285714285714,0.9201680672268908,8.64897390403205e-05
0.8789915966386554,0.9201680672268908,8.65071981452297e-05
0.8865546218487395,0.9201680672268908,8.652465725013892e-05
0.8941176470588235,0.9201680672268908,8.662842571147627e-05
0.9016806722689076,0.9201680672268908,8.679494208336805e-05
0.9092436974789916,0.9201680672268908,8.693940994420161e-05
0.9168067226890756,0.9201680672268908,8.708387780503518e-05
0.9243697478991596,0.9201680672268908,8.722834566586876e-05
0.9319327731092437,0.9201680672268908,8.737281352670232e-05
0.9394957983193277,0.9201680672268908,8.751728138753588e-05
0.9470588235294117,0.9201680672268908,8.766174924836944e-05
0.9546218487394957,0.9201680672268908,8.780621710920302e-05
0.9621848739495799,0.9201680672268908,8.795068497003659e-05
0.9697478991596639,0.9201680672268908,8.809515283087015e-05
0.9773109243697479,0.9201680672268908,8.823962069170372e-05
0.9848739495798319,0.9201680672268908,8.838408855253729e-05
0.992436974789916,0.9201680672268908,8.852171326515546e-05
1.0,0.9201680672268908,8.864565168134286e-05
0.1,0.9369747899159664,3.276184000917103e-05
0.10756302521008404,0.9369747899159664,3.417394703988719e-05
0.11512605042016807,0.9369747899159664,3.5586054070603356e-05
0.12268907563025211,0.9369747899159664,3.699816110131952e-05
0.13025210084033614,0.9369747899159664,3.8410268132035685e-05
0.13781512605042018,0.9369747899159664,3.982237516275185e-05
0.1453781512605042,0.9369747899159664,4.1234482193468014e-05
0.15294117647058825,0.9369747899159664,4.264658922418417e-05
0.16050420168067228,0.9369747899159664,4.4058696254900337e-05
0.16806722689075632,0.9369747899159664,4.54708032856165e-05
0.17563025210084032,0.9369747899159664,4.688291031633267e-05
0.18319327731092439,0.9369747899159664,4.836985875630369e-05
0.1907563025210084,0.9369747899159664,5.0118752128666684e-05
0.19831932773109245,0.9369747899159664,5.1867645501029686e-05
0.20588235294117646,0.9369747899159664,5.313405700760632e-05
0.21344537815126052,0.9369747899159664,5.426261655252971e-05
0.22100840336134453,0.9369747899159664,5.534933420770077e-05
0.22857142857142856,0.9369747899159664,5.6352368083367183e-05
0.2361344537815126,0.9369747899159664,5.73554019590336e-05
0.24369747899159663,0.9369747899159664,5.835843583470002e-05
0.25126050420168067,0.9369747899159664,5.936146971036644e-05
0.2588235294117647,0.9369747899159664,6.036450358603285e-05
0.26638655462184874,0.9369747899159664,6.136753746169927e-05
0.2739495798319328,0.9369747899159664,6.23705713373657e-05
0.2815126050420168,0.9369747899159664,6.33736052130321e-05
0.2890756302521008,0.9369747899159664,6.437663908869853e-05
0.2966386554621849,0.9369747899159664,6.537967296436495e-05
0.30420168067226894,0.9369747899159664,6.625989272348065e-05
0.31176470588235294,0.9369747899159664,6.704186118935577e-05
0.31932773109243695,0.9369747899159664,6.780050397896814e-05
0.326890756302521,0.9369747899159664,6.837254135847828e-05
0.3344537815126051,0.9369747899159664,6.894457873798844e-05
0.3420168067226891,0.9369747899159664,6.951661611749859e-05
0.3495798319327731,0.9369747899159664,7.008865349700873e-05
0.3571428571428571,0.9369747899159664,7.06606908765189e-05
0.3647058823529412,0.9369747899159664,7.123272825602905e-05
0.3722689075630252,0.9369747899159664,7.180476563553919e-05
0.3798319327731092,0.9369747899159664,7.237680301504934e-05
0.38739495798319323,0.9369747899159664,7.294884039455949e-05
0.39495798319327735,0.9369747899159664,7.352087777406964e-05
0.40252100840336136,0.9369747899159664,7.403224255570211e-05
0.41008403361344536,0.9369747899159664,7.442226214157921e-05
0.41764705882352937,0.9369747899159664,7.481228172745629e-05
0.4252100840336135,0.9369747899159664,7.520230131333339e-05
0.4327731092436975,0.9369747899159664,7.559232089921047e-05
0.4403361344537815,0.9369747899159664,7.598234048508756e-05
0.4478991596638655,0.9369747899159664,7.637236007096466e-05
0.4554621848739496,0.9369747899159664,7.676237965684174e-05
0.46302521008403363,0.9369747899159664,7.715239924271884e-05
0.47058823529411764,0.9369747899159664,7.754241882859592e-05
0.47815126050420165,0.9369747899159664,7.7932438414473e-05
0.48571428571428577,0.9369747899159664,7.836981257755259e-05
0.49327731092436977,0.9369747899159664,7.884507040239414e-05
0.5008403361344538,0.9369747899159664,7.932283639895336e-05
0.5084033613445378,0.9369747899159664,7.982066776925384e-05
0.5159663865546219,0.9369747899159664,8.031849913955431e-05
0.5235294117647059,0.9369747899159664,8.066367593590448e-05
0.5310924369747899,0.9369747899159664,8.093252544527948e-05
0.5386554621848739,0.9369747899159664,8.120137495465448e-05
0.546218487394958,0.9369747899159664,8.14702244640295e-05
0.553781512605042,0.9369747899159664,8.17390739734045e-05
0.561344537815126,0.9369747899159664,8.200792348277951e-05
0.5689075630252101,0.9369747899159664,8.227677299215451e-05
0.5764705882352942,0.9369747899159664,8.254562250152951e-05
0.5840336134453782,0.9369747899159664,8.281447201090452e-05
0.5915966386554622,0.9369747899159664,8.308332152027952e-05
0.5991596638655462,0.9369747899159664,8.335217102965452e-05
0.6067226890756302,0.9369747899159664,8.353959586665116e-05
0.6142857142857142,0.9369747899159664,8.37168426196005e-05
0.6218487394957983,0.9369747899159664,8.389408937254983e-05
0.6294117647058823,0.9369747899159664,8.407133612549917e-05
0.6369747899159663,0.9369747899159664,8.42485828784485e-05
0.6445378151260504,0.9369747899159664,8.442582963139783e-05
0.6521008403361345,0.9369747899159664,8.460307638434716e-05
0.6596638655462185,0.9369747899159664,8.478032313729649e-05
0.6672268907563025,0.9369747899159664,8.495756989024583e-05
0.6747899159663865,0.9369747899159664,8.513481664319515e-05
0.6823529411764706,0.9369747899159664,8.532153366289373e-05
0.6899159663865546,0.9369747899159664,8.558401281658622e-05
0.6974789915966386,0.9369747899159664,8.58464919702787e-05
0.7050420168067226,0.9369747899159664,8.598845148841372e-05
0.7126050420168067,0.9369747899159664,8.607015118877002e-05
0.7201680672268908,0.9369747899159664,8.616776048796071e-05
0.7277310924369748,0.9369747899159664,8.632105338307169e-05
0.7352941176470588,0.9369747899159664,8.647434627818267e-05
0.7428571428571429,0.9369747899159664,8.662763917329366e-05
0.7504201680672269,0.9369747899159664,8.678093206840464e-05
0.7579831932773109,0.9369747899159664,8.693422496351562e-05
0.7655462184873949,0.9369747899159664,8.708751785862661e-05
0.773109243697479,0.9369747899159664,8.72408107537376e-05
0.780672268907563,0.9369747899159664,8.739410364884859e-05
0.788235294117647,0.9369747899159664,8.754739654395957e-05
0.795798319327731,0.9369747899159664,8.770068943907053e-05
0.8033613445378152,0.9369747899159664,8.779361176075852e-05
0.8109243697478992,0.9369747899159664,8.781107086566773e-05
0.8184873949579832,0.9369747899159664,8.782852997057696e-05
0.8260504201680672,0.9369747899159664,8.784598907548617e-05
0.8336134453781512,0.9369747899159664,8.786344818039538e-05
0.8411764705882353,0.9369747899159664,8.78809072853046e-05
0.8487394957983193,0.9369747899159664,8.789836639021381e-05
0.8563025210084033,0.9369747899159664,8.791582549512304e-05
0.8638655462184873,0.9369747899159664,8.793328460003225e-05
0.8714285714285714,0.9369747899159664,8.795074370494147e-05
0.8789915966386554,0.9369747899159664,8.796820280985068e-05
0.8865546218487395,0.9369747899159664,8.808923314247365e-05
0.8941176470588235,0.9369747899159664,8.826204908895347e-05
0.9016806722689076,0.9369747899159664,8.842856546084525e-05
0.9092436974789916,0.9369747899159664,8.857303332167881e-05
0.9168067226890756,0.9369747899159664,8.871750118251237e-05
0.9243697478991596,0.9369747899159664,8.886196904334595e-05
0.9319327731092437,0.9369747899159664,8.900643690417951e-05
0.9394957983193277,0.9369747899159664,8.915090476501307e-05
0.9470588235294117,0.9369747899159664,8.929537262584666e-05
0.9546218487394957,0.9369747899159664,8.943984048668024e-05
0.9621848739495799,0.9369747899159664,8.95843083475138e-05
0.9697478991596639,0.9369747899159664,8.972877620834737e-05
0.9773109243697479,0.9369747899159664,8.987324406918093e-05
0.9848739495798319,0.9369747899159664,9.000858773239397e-05
0.992436974789916,0.9369747899159664,9.013252614858138e-05
1.0,0.9369747899159664,9.025646456476876e-05
0.1,0.953781512605042,3.3111619781406226e-05
0.10756302521008404,0.953781512605042,3.452372681212239e-05
0.11512605042016807,0.953781512605042,3.5935833842838555e-05
0.12268907563025211,0.953781512605042,3.734794087355472e-05
0.13025210084033614,0.953781512605042,3.8760047904270884e-05
0.13781512605042018,0.953781512605042,4.017215493498705e-05
0.1453781512605042,0.953781512605042,4.158426196570321e-05
0.15294117647058825,0.953781512605042,4.299636899641938e-05
0.16050420168067228,0.953781512605042,4.440847602713554e-05
0.16806722689075632,0.953781512605042,4.5820583057851706e-05
0.17563025210084032,0.953781512605042,4.734495220245014e-05
0.18319327731092439,0.953781512605042,4.9093845574813143e-05
0.1907563025210084,0.953781512605042,5.084273894717613e-05
0.19831932773109245,0.953781512605042,5.259163231953914e-05
0.20588235294117646,0.953781512605042,5.385804382611577e-05
0.21344537815126052,0.953781512605042,5.498660337103916e-05
0.22100840336134453,0.953781512605042,5.6115162915962534e-05
0.22857142857142856,0.953781512605042,5.721582786771771e-05
0.2361344537815126,0.953781512605042,5.8218861743384134e-05
0.24369747899159663,0.953781512605042,5.922189561905054e-05
0.25126050420168067,0.953781512605042,6.0224929494716965e-05
0.2588235294117647,0.953781512605042,6.122796337038337e-05
0.26638655462184874,0.953781512605042,6.223099724604981e-05
0.2739495798319328,0.953781512605042,6.323403112171622e-05
0.2815126050420168,0.953781512605042,6.423706499738264e-05
0.2890756302521008,0.953781512605042,6.524009887304905e-05
0.2966386554621849,0.953781512605042,6.624313274871547e-05
0.30420168067226894,0.953781512605042,6.712335250783118e-05
0.31176470588235294,0.953781512605042,6.790532097370631e-05
0.31932773109243695,0.953781512605042,6.868728943958143e-05
0.326890756302521,0.953781512605042,6.946925790545658e-05
0.3344537815126051,0.953781512605042,7.004129528496673e-05
0.3420168067226891,0.953781512605042,7.061333266447688e-05
0.3495798319327731,0.953781512605042,7.118537004398702e-05
0.3571428571428571,0.953781512605042,7.175740742349717e-05
0.3647058823529412,0.953781512605042,7.232944480300733e-05
0.3722689075630252,0.953781512605042,7.290148218251748e-05
0.3798319327731092,0.953781512605042,7.347351956202763e-05
0.38739495798319323,0.953781512605042,7.404555694153777e-05
0.39495798319327735,0.953781512605042,7.461759432104792e-05
0.40252100840336136,0.953781512605042,7.512895910268039e-05
0.41008403361344536,0.953781512605042,7.551897868855749e-05
0.41764705882352937,0.953781512605042,7.590899827443457e-05
0.4252100840336135,0.953781512605042,7.629901786031167e-05
0.4327731092436975,0.953781512605042,7.668903744618877e-05
0.4403361344537815,0.953781512605042,7.707905703206585e-05
0.4478991596638655,0.953781512605042,7.746907661794293e-05
0.4554621848739496,0.953781512605042,7.785909620382003e-05
0.46302521008403363,0.953781512605042,7.824911578969711e-05
0.47058823529411764,0.953781512605042,7.863913537557421e-05
0.47815126050420165,0.953781512605042,7.908598045409427e-05
0.48571428571428577,0.953781512605042,7.956123827893584e-05
0.49327731092436977,0.953781512605042,8.00364961037774e-05
0.5008403361344538,0.953781512605042,8.051426210033661e-05
0.5084033613445378,0.953781512605042,8.101209347063709e-05
0.5159663865546219,0.953781512605042,8.150992484093757e-05
0.5235294117647059,0.953781512605042,8.200775621123804e-05
0.5310924369747899,0.953781512605042,8.237837543657993e-05
0.5386554621848739,0.953781512605042,8.264722494595493e-05
0.546218487394958,0.953781512605042,8.291607445532993e-05
0.553781512605042,0.953781512605042,8.318492396470494e-05
0.561344537815126,0.953781512605042,8.345377347407994e-05
0.5689075630252101,0.953781512605042,8.372262298345495e-05
0.5764705882352942,0.953781512605042,8.399147249282995e-05
0.5840336134453782,0.953781512605042,8.426032200220497e-05
0.5915966386554622,0.953781512605042,8.452917151157997e-05
0.5991596638655462,0.953781512605042,8.479802102095497e-05
0.6067226890756302,0.953781512605042,8.49854458579516e-05
0.6142857142857142,0.953781512605042,8.516269261090093e-05
0.6218487394957983,0.953781512605042,8.533993936385027e-05
0.6294117647058823,0.953781512605042,8.55171861167996e-05
0.6369747899159663,0.953781512605042,8.569443286974894e-05
0.6445378151260504,0.953781512605042,8.587167962269827e-05
0.6521008403361345,0.953781512605042,8.60489263756476e-05
0.6596638655462185,0.953781512605042,8.622617312859693e-05
0.6672268907563025,0.953781512605042,8.640341988154627e-05
0.6747899159663865,0.953781512605042,8.659960716799408e-05
0.6823529411764706,0.953781512605042,8.686208632168657e-05
0.6899159663865546,0.953781512605042,8.712456547537905e-05
0.6974789915966386,0.953781512605042,8.738704462907151e-05
0.7050420168067226,0.953781512605042,8.752900414720654e-05
0.7126050420168067,0.953781512605042,8.761070384756284e-05
0.7201680672268908,0.953781512605042,8.769240354791915e-05
0.7277310924369748,0.953781512605042,8.778205804769264e-05
0.7352941176470588,0.953781512605042,8.793535094280363e-05
0.7428571428571429,0.953781512605042,8.808864383791461e-05
0.7504201680672269,0.953781512605042,8.824193673302559e-05
0.7579831932773109,0.953781512605042,8.839522962813658e-05
0.7655462184873949,0.953781512605042,8.854852252324756e-05
0.773109243697479,0.953781512605042,8.870181541835854e-05
0.780672268907563,0.953781512605042,8.885510831346954e-05
0.788235294117647,0.953781512605042,8.900840120858052e-05
0.795798319327731,0.953781512605042,8.91616941036915e-05
0.8033613445378152,0.953781512605042,8.925461642537947e-05
0.8109243697478992,0.953781512605042,8.92720755302887e-05
0.8184873949579832,0.953781512605042,8.928953463519791e-05
0.8260504201680672,0.953781512605042,8.930699374010712e-05
0.8336134453781512,0.953781512605042,8.932445284501634e-05
0.8411764705882353,0.953781512605042,8.934191194992555e-05
0.8487394957983193,0.953781512605042,8.935937105483476e-05
0.8563025210084033,0.953781512605042,8.937683015974399e-05
0.8638655462184873,0.953781512605042,8.93942892646532e-05
0.8714285714285714,0.953781512605042,8.941174836956242e-05
0.8789915966386554,0.953781512605042,8.955004057347101e-05
0.8865546218487395,0.953781512605042,8.972285651995084e-05
0.8941176470588235,0.953781512605042,8.989567246643068e-05
0.9016806722689076,0.953781512605042,9.006218883832244e-05
0.9092436974789916,0.953781512605042,9.0206656699156e-05
0.9168067226890756,0.953781512605042,9.035112455998958e-05
0.9243697478991596,0.953781512605042,9.049559242082314e-05
0.9319327731092437,0.953781512605042,9.064006028165671e-05
0.9394957983193277,0.953781512605042,9.078452814249028e-05
0.9470588235294117,0.953781512605042,9.092899600332385e-05
0.9546218487394957,0.953781512605042,9.107346386415741e-05
0.9621848739495799,0.953781512605042,9.121793172499099e-05
0.9697478991596639,0.953781512605042,9.136239958582455e-05
0.9773109243697479,0.953781512605042,9.149546219963248e-05
0.9848739495798319,0.953781512605042,9.161940061581986e-05
0.992436974789916,0.953781512605042,9.174333903200725e-05
1.0,0.953781512605042,9.186727744819466e-05
0.1,0.9705882352941176,3.3461399553641424e-05
0.10756302521008404,0.9705882352941176,3.487350658435759e-05
0.11512605042016807,0.9705882352941176,3.628561361507375e-05
0.12268907563025211,0.9705882352941176,3.769772064578991e-05
0.13025210084033614,0.9705882352941176,3.910982767650608e-05
0.13781512605042018,0.9705882352941176,4.052193470722225e-05
0.1453781512605042,0.9705882352941176,4.193404173793841e-05
0.15294117647058825,0.9705882352941176,4.3346148768654576e-05
0.16050420168067228,0.9705882352941176,4.475825579937074e-05
0.16806722689075632,0.9705882352941176,4.632004564859661e-05
0.17563025210084032,0.9705882352941176,4.8068939020959596e-05
0.18319327731092439,0.9705882352941176,4.9817832393322605e-05
0.1907563025210084,0.9705882352941176,5.1566725765685594e-05
0.19831932773109245,0.9705882352941176,5.33156191380486e-05
0.20588235294117646,0.9705882352941176,5.458203064462523e-05
0.21344537815126052,0.9705882352941176,5.571059018954862e-05
0.22100840336134453,0.9705882352941176,5.6839149734471996e-05
0.22857142857142856,0.9705882352941176,5.7967709279395385e-05
0.2361344537815126,0.9705882352941176,5.908232152773467e-05
0.24369747899159663,0.9705882352941176,6.008535540340108e-05
0.25126050420168067,0.9705882352941176,6.10883892790675e-05
0.2588235294117647,0.9705882352941176,6.209142315473391e-05
0.26638655462184874,0.9705882352941176,6.309445703040033e-05
0.2739495798319328,0.9705882352941176,6.409749090606675e-05
0.2815126050420168,0.9705882352941176,6.510052478173318e-05
0.2890756302521008,0.9705882352941176,6.610355865739958e-05
0.2966386554621849,0.9705882352941176,6.7106592533066e-05
0.30420168067226894,0.9705882352941176,6.798681229218172e-05
0.31176470588235294,0.9705882352941176,6.876878075805684e-05
0.31932773109243695,0.9705882352941176,6.955074922393198e-05
0.326890756302521,0.9705882352941176,7.033271768980711e-05
0.3344537815126051,0.9705882352941176,7.111468615568225e-05
0.3420168067226891,0.9705882352941176,7.171004921145517e-05
0.3495798319327731,0.9705882352941176,7.228208659096531e-05
0.3571428571428571,0.9705882352941176,7.285412397047546e-05
0.3647058823529412,0.9705882352941176,7.342616134998563e-05
0.3722689075630252,0.9705882352941176,7.399819872949577e-05
0.3798319327731092,0.9705882352941176,7.457023610900592e-05
0.38739495798319323,0.9705882352941176,7.514227348851606e-05
0.39495798319327735,0.9705882352941176,7.571431086802623e-05
0.40252100840336136,0.9705882352941176,7.62256756496587e-05
0.41008403361344536,0.9705882352941176,7.661569523553579e-05
0.41764705882352937,0.9705882352941176,7.700571482141286e-05
0.4252100840336135,0.9705882352941176,7.739573440728996e-05
0.4327731092436975,0.9705882352941176,7.778575399316706e-05
0.4403361344537815,0.9705882352941176,7.817577357904414e-05
0.4478991596638655,0.9705882352941176,7.856579316492122e-05
0.4554621848739496,0.9705882352941176,7.895581275079831e-05
0.46302521008403363,0.9705882352941176,7.93458323366754e-05
0.47058823529411764,0.9705882352941176,7.980214833063597e-05
0.47815126050420165,0.9705882352941176,8.027740615547754e-05
0.48571428571428577,0.9705882352941176,8.07526639803191e-05
0.49327731092436977,0.9705882352941176,8.122792180516066e-05
0.5008403361344538,0.9705882352941176,8.170568780171987e-05
0.5084033613445378,0.9705882352941176,8.220351917202036e-05
0.5159663865546219,0.9705882352941176,8.270135054232083e-05
0.5235294117647059,0.9705882352941176,8.31991819126213e-05
0.5310924369747899,0.9705882352941176,8.369701328292178e-05
0.5386554621848739,0.9705882352941176,8.409307493725537e-05
0.546218487394958,0.9705882352941176,8.436192444663039e-05
0.553781512605042,0.9705882352941176,8.463077395600538e-05
0.561344537815126,0.9705882352941176,8.48996234653804e-05
0.5689075630252101,0.9705882352941176,8.51684729747554e-05
0.5764705882352942,0.9705882352941176,8.543732248413041e-05
0.5840336134453782,0.9705882352941176,8.570617199350541e-05
0.5915966386554622,0.9705882352941176,8.597502150288041e-05
0.5991596638655462,0.9705882352941176,8.624387101225543e-05
0.6067226890756302,0.9705882352941176,8.643129584925205e-05
0.6142857142857142,0.9705882352941176,8.660854260220139e-05
0.6218487394957983,0.9705882352941176,8.678578935515072e-05
0.6294117647058823,0.9705882352941176,8.696303610810006e-05
0.6369747899159663,0.9705882352941176,8.71402828610494e-05
0.6445378151260504,0.9705882352941176,8.731752961399872e-05
0.6521008403361345,0.9705882352941176,8.749477636694805e-05
0.6596638655462185,0.9705882352941176,8.767202311989738e-05
0.6672268907563025,0.9705882352941176,8.787768067309445e-05
0.6747899159663865,0.9705882352941176,8.814015982678693e-05
0.6823529411764706,0.9705882352941176,8.84026389804794e-05
0.6899159663865546,0.9705882352941176,8.866511813417188e-05
0.6974789915966386,0.9705882352941176,8.892759728786436e-05
0.7050420168067226,0.9705882352941176,8.906955680599939e-05
0.7126050420168067,0.9705882352941176,8.91512565063557e-05
0.7201680672268908,0.9705882352941176,8.923295620671198e-05
0.7277310924369748,0.9705882352941176,8.931465590706829e-05
0.7352941176470588,0.9705882352941176,8.939635560742459e-05
0.7428571428571429,0.9705882352941176,8.954964850253557e-05
0.7504201680672269,0.9705882352941176,8.970294139764655e-05
0.7579831932773109,0.9705882352941176,8.985623429275755e-05
0.7655462184873949,0.9705882352941176,9.000952718786853e-05
0.773109243697479,0.9705882352941176,9.01628200829795e-05
0.780672268907563,0.9705882352941176,9.03161129780905e-05
0.788235294117647,0.9705882352941176,9.046940587320148e-05
0.795798319327731,0.9705882352941176,9.062269876831246e-05
0.8033613445378152,0.9705882352941176,9.071562109000045e-05
0.8109243697478992,0.9705882352941176,9.073308019490966e-05
0.8184873949579832,0.9705882352941176,9.075053929981887e-05
0.8260504201680672,0.9705882352941176,9.076799840472808e-05
0.8336134453781512,0.9705882352941176,9.07854575096373e-05
0.8411764705882353,0.9705882352941176,9.080291661454653e-05
0.8487394957983193,0.9705882352941176,9.082037571945574e-05
0.8563025210084033,0.9705882352941176,9.083783482436495e-05
0.8638655462184873,0.9705882352941176,9.085529392927416e-05
0.8714285714285714,0.9705882352941176,9.101084800446839e-05
0.8789915966386554,0.9705882352941176,9.118366395094821e-05
0.8865546218487395,0.9705882352941176,9.135647989742805e-05
0.8941176470588235,0.9705882352941176,9.152929584390788e-05
0.9016806722689076,0.9705882352941176,9.169581221579964e-05
0.9092436974789916,0.9705882352941176,9.184028007663322e-05
0.9168067226890756,0.9705882352941176,9.19847479374668e-05
0.9243697478991596,0.9705882352941176,9.212921579830036e-05
0.9319327731092437,0.9705882352941176,9.227368365913393e-05
0.9394957983193277,0.9705882352941176,9.24181515199675e-05
0.9470588235294117,0.9705882352941176,9.256261938080106e-05
0.9546218487394957,0.9705882352941176,9.270708724163463e-05
0.9621848739495799,0.9705882352941176,9.285155510246819e-05
0.9697478991596639,0.9705882352941176,9.298233666687097e-05
0.9773109243697479,0.9705882352941176,9.310627508305838e-05
0.9848739495798319,0.9705882352941176,9.323021349924576e-05
0.992436974789916,0.9705882352941176,9.335415191543316e-05
1.0,0.9705882352941176,9.347809033162056e-05
0.1,0.9873949579831933,3.381117932587662e-05
0.10756302521008404,0.9873949579831933,3.522328635659279e-05
0.11512605042016807,0.9873949579831933,3.663539338730895e-05
0.12268907563025211,0.9873949579831933,3.8047500418025116e-05
0.13025210084033614,0.9873949579831933,3.945960744874128e-05
0.13781512605042018,0.9873949579831933,4.0871714479457445e-05
0.1453781512605042,0.9873949579831933,4.228382151017361e-05
0.15294117647058825,0.9873949579831933,4.3695928540889774e-05
0.16050420168067228,0.9873949579831933,4.5295139094743074e-05
0.16806722689075632,0.9873949579831933,4.704403246710607e-05
0.17563025210084032,0.9873949579831933,4.879292583946906e-05
0.18319327731092439,0.9873949579831933,5.054181921183207e-05
0.1907563025210084,0.9873949579831933,5.2290712584195056e-05
0.19831932773109245,0.9873949579831933,5.403960595655806e-05
0.20588235294117646,0.9873949579831933,5.530601746313469e-05
0.21344537815126052,0.9873949579831933,5.643457700805808e-05
0.22100840336134453,0.9873949579831933,5.756313655298146e-05
0.22857142857142856,0.9873949579831933,5.869169609790485e-05
0.2361344537815126,0.9873949579831933,5.982025564282822e-05
0.24369747899159663,0.9873949579831933,6.094881518775161e-05
0.25126050420168067,0.9873949579831933,6.195184906341803e-05
0.2588235294117647,0.9873949579831933,6.295488293908444e-05
0.26638655462184874,0.9873949579831933,6.395791681475086e-05
0.2739495798319328,0.9873949579831933,6.496095069041729e-05
0.2815126050420168,0.9873949579831933,6.596398456608371e-05
0.2890756302521008,0.9873949579831933,6.696701844175012e-05
0.2966386554621849,0.9873949579831933,6.797005231741654e-05
0.30420168067226894,0.9873949579831933,6.885027207653225e-05
0.31176470588235294,0.9873949579831933,6.963224054240738e-05
0.31932773109243695,0.9873949579831933,7.041420900828252e-05
0.326890756302521,0.9873949579831933,7.119617747415764e-05
0.3344537815126051,0.9873949579831933,7.197814594003279e-05
0.3420168067226891,0.9873949579831933,7.276011440590791e-05
0.3495798319327731,0.9873949579831933,7.33788031379436e-05
0.3571428571428571,0.9873949579831933,7.395084051745376e-05
0.3647058823529412,0.9873949579831933,7.452287789696392e-05
0.3722689075630252,0.9873949579831933,7.509491527647406e-05
0.3798319327731092,0.9873949579831933,7.566695265598421e-05
0.38739495798319323,0.9873949579831933,7.623899003549438e-05
0.39495798319327735,0.9873949579831933,7.681102741500453e-05
0.40252100840336136,0.9873949579831933,7.732239219663697e-05
0.41008403361344536,0.9873949579831933,7.771241178251407e-05
0.41764705882352937,0.9873949579831933,7.810243136839115e-05
0.4252100840336135,0.9873949579831933,7.849245095426825e-05
0.4327731092436975,0.9873949579831933,7.888247054014533e-05
0.4403361344537815,0.9873949579831933,7.927249012602242e-05
0.4478991596638655,0.9873949579831933,7.966250971189952e-05
0.4554621848739496,0.9873949579831933,8.00525292977766e-05
0.46302521008403363,0.9873949579831933,8.051831620717767e-05
0.47058823529411764,0.9873949579831933,8.099357403201923e-05
0.47815126050420165,0.9873949579831933,8.146883185686079e-05
0.48571428571428577,0.9873949579831933,8.194408968170236e-05
0.49327731092436977,0.9873949579831933,8.241934750654391e-05
0.5008403361344538,0.9873949579831933,8.289711350310312e-05
0.5084033613445378,0.9873949579831933,8.33949448734036e-05
0.5159663865546219,0.9873949579831933,8.389277624370408e-05
0.5235294117647059,0.9873949579831933,8.439060761400456e-05
0.5310924369747899,0.9873949579831933,8.488843898430503e-05
0.5386554621848739,0.9873949579831933,8.538627035460551e-05
0.546218487394958,0.9873949579831933,8.580777443793083e-05
0.553781512605042,0.9873949579831933,8.607662394730584e-05
0.561344537815126,0.9873949579831933,8.634547345668083e-05
0.5689075630252101,0.9873949579831933,8.661432296605584e-05
0.5764705882352942,0.9873949579831933,8.688317247543084e-05
0.5840336134453782,0.9873949579831933,8.715202198480587e-05
0.5915966386554622,0.9873949579831933,8.742087149418087e-05
0.5991596638655462,0.9873949579831933,8.768972100355587e-05
0.6067226890756302,0.9873949579831933,8.78771458405525e-05
0.6142857142857142,0.9873949579831933,8.805439259350184e-05
0.6218487394957983,0.9873949579831933,8.823163934645116e-05
0.6294117647058823,0.9873949579831933,8.84088860994005e-05
0.6369747899159663,0.9873949579831933,8.858613285234984e-05
0.6445378151260504,0.9873949579831933,8.876337960529918e-05
0.6521008403361345,0.9873949579831933,8.89406263582485e-05
0.6596638655462185,0.9873949579831933,8.91557541781948e-05
0.6672268907563025,0.9873949579831933,8.941823333188728e-05
0.6747899159663865,0.9873949579831933,8.968071248557975e-05
0.6823529411764706,0.9873949579831933,8.994319163927224e-05
0.6899159663865546,0.9873949579831933,9.020567079296472e-05
0.6974789915966386,0.9873949579831933,9.04681499466572e-05
0.7050420168067226,0.9873949579831933,9.061010946479223e-05
0.7126050420168067,0.9873949579831933,9.069180916514853e-05
0.7201680672268908,0.9873949579831933,9.077350886550482e-05
0.7277310924369748,0.9873949579831933,9.085520856586114e-05
0.7352941176470588,0.9873949579831933,9.093690826621743e-05
0.7428571428571429,0.9873949579831933,9.101860796657373e-05
0.7504201680672269,0.9873949579831933,9.116394606226753e-05
0.7579831932773109,0.9873949579831933,9.131723895737851e-05
0.7655462184873949,0.9873949579831933,9.147053185248949e-05
0.773109243697479,0.9873949579831933,9.162382474760048e-05
0.780672268907563,0.9873949579831933,9.177711764271146e-05
0.788235294117647,0.9873949579831933,9.193041053782244e-05
0.795798319327731,0.9873949579831933,9.208370343293342e-05
0.8033613445378152,0.9873949579831933,9.217662575462141e-05
0.8109243697478992,0.9873949579831933,9.219408485953061e-05
0.8184873949579832,0.9873949579831933,9.221154396443985e-05
0.8260504201680672,0.9873949579831933,9.222900306934906e-05
0.8336134453781512,0.9873949579831933,9.224646217425827e-05
0.8411764705882353,0.9873949579831933,9.226392127916749e-05
0.8487394957983193,0.9873949579831933,9.22813803840767e-05
0.8563025210084033,0.9873949579831933,9.229883948898592e-05
0.8638655462184873,0.9873949579831933,9.247165543546575e-05
0.8714285714285714,0.9873949579831933,9.264447138194559e-05
0.8789915966386554,0.9873949579831933,9.281728732842542e-05
0.8865546218487395,0.9873949579831933,9.299010327490525e-05
0.8941176470588235,0.9873949579831933,9.316291922138509e-05
0.9016806722689076,0.9873949579831933,9.332943559327686e-05
0.9092436974789916,0.9873949579831933,9.347390345411042e-05
0.9168067226890756,0.9873949579831933,9.3618371314944e-05
0.9243697478991596,0.9873949579831933,9.376283917577756e-05
0.9319327731092437,0.9873949579831933,9.390730703661114e-05
0.9394957983193277,0.9873949579831933,9.40517748974447e-05
0.9470588235294117,0.9873949579831933,9.419624275827827e-05
0.9546218487394957,0.9873949579831933,9.434071061911183e-05
0.9621848739495799,0.9873949579831933,9.44692111341095e-05
0.9697478991596639,0.9873949579831933,9.459314955029688e-05
0.9773109243697479,0.9873949579831933,9.471708796648428e-05
0.9848739495798319,0.9873949579831933,9.484102638267168e-05
0.992436974789916,0.9873949579831933,9.496496479885907e-05
1.0,0.9873949579831933,9.508890321504646e-05
0.1,1.004201680672269,3.416095909811182e-05
0.10756302521008404,1.004201680672269,3.5573066128827986e-05
0.11512605042016807,1.004201680672269,3.698517315954415e-05
0.12268907563025211,1.004201680672269,3.8397280190260315e-05
0.13025210084033614,1.004201680672269,3.980938722097648e-05
0.13781512605042018,1.004201680672269,4.1221494251692644e-05
0.1453781512605042,1.004201680672269,4.263360128240881e-05
0.15294117647058825,1.004201680672269,4.427023254088953e-05
0.16050420168067228,1.004201680672269,4.601912591325253e-05
0.16806722689075632,1.004201680672269,4.7768019285615525e-05
0.17563025210084032,1.004201680672269,4.951691265797852e-05
0.18319327731092439,1.004201680672269,5.126580603034152e-05
0.1907563025210084,1.004201680672269,5.301469940270451e-05
0.19831932773109245,1.004201680672269,5.476359277506752e-05
0.20588235294117646,1.004201680672269,5.603000428164415e-05
0.21344537815126052,1.004201680672269,5.715856382656754e-05
0.22100840336134453,1.004201680672269,5.828712337149092e-05
0.22857142857142856,1.004201680672269,5.94156829164143e-05
0.2361344537815126,1.004201680672269,6.054424246133769e-05
0.24369747899159663,1.004201680672269,6.167280200626107e-05
0.25126050420168067,1.004201680672269,6.280136155118447e-05
0.2588235294117647,1.004201680672269,6.381834272343498e-05
0.26638655462184874,1.004201680672269,6.48213765991014e-05
0.2739495798319328,1.004201680672269,6.582441047476781e-05
0.2815126050420168,1.004201680672269,6.682744435043423e-05
0.2890756302521008,1.004201680672269,6.783047822610064e-05
0.2966386554621849,1.004201680672269,6.883351210176706e-05
0.30420168067226894,1.004201680672269,6.971373186088277e-05
0.31176470588235294,1.004201680672269,7.04957003267579e-05
0.31932773109243695,1.004201680672269,7.127766879263304e-05
0.326890756302521,1.004201680672269,7.205963725850817e-05
0.3344537815126051,1.004201680672269,7.28416057243833e-05
0.3420168067226891,1.004201680672269,7.362357419025843e-05
0.3495798319327731,1.004201680672269,7.440554265613356e-05
0.3571428571428571,1.004201680672269,7.504755706443205e-05
0.3647058823529412,1.004201680672269,7.56195944439422e-05
0.3722689075630252,1.004201680672269,7.619163182345235e-05
0.3798319327731092,1.004201680672269,7.67636692029625e-05
0.38739495798319323,1.004201680672269,7.733570658247266e-05
0.39495798319327735,1.004201680672269,7.790774396198281e-05
0.40252100840336136,1.004201680672269,7.841910874361528e-05
0.41008403361344536,1.004201680672269,7.880912832949236e-05
0.41764705882352937,1.004201680672269,7.919914791536945e-05
0.4252100840336135,1.004201680672269,7.958916750124654e-05
0.4327731092436975,1.004201680672269,7.997918708712363e-05
0.4403361344537815,1.004201680672269,8.036920667300072e-05
0.4478991596638655,1.004201680672269,8.075922625887781e-05
0.4554621848739496,1.004201680672269,8.123448408371937e-05
0.46302521008403363,1.004201680672269,8.170974190856093e-05
0.47058823529411764,1.004201680672269,8.218499973340248e-05
0.47815126050420165,1.004201680672269,8.266025755824404e-05
0.48571428571428577,1.004201680672269,8.313551538308561e-05
0.49327731092436977,1.004201680672269,8.361077320792718e-05
0.5008403361344538,1.004201680672269,8.408853920448638e-05
0.5084033613445378,1.004201680672269,8.458637057478686e-05
0.5159663865546219,1.004201680672269,8.508420194508735e-05
0.5235294117647059,1.004201680672269,8.558203331538782e-05
0.5310924369747899,1.004201680672269,8.60798646856883e-05
0.5386554621848739,1.004201680672269,8.657769605598877e-05
0.546218487394958,1.004201680672269,8.707552742628925e-05
0.553781512605042,1.004201680672269,8.752247393860628e-05
0.561344537815126,1.004201680672269,8.779132344798128e-05
0.5689075630252101,1.004201680672269,8.806017295735629e-05
0.5764705882352942,1.004201680672269,8.83290224667313e-05
0.5840336134453782,1.004201680672269,8.85978719761063e-05
0.5915966386554622,1.004201680672269,8.88667214854813e-05
0.5991596638655462,1.004201680672269,8.913557099485632e-05
0.6067226890756302,1.004201680672269,8.932299583185294e-05
0.6142857142857142,1.004201680672269,8.950024258480228e-05
0.6218487394957983,1.004201680672269,8.967748933775161e-05
0.6294117647058823,1.004201680672269,8.985473609070095e-05
0.6369747899159663,1.004201680672269,9.003198284365029e-05
0.6445378151260504,1.004201680672269,9.020922959659962e-05
0.6521008403361345,1.004201680672269,9.043382768329514e-05
0.6596638655462185,1.004201680672269,9.069630683698762e-05
0.6672268907563025,1.004201680672269,9.09587859906801e-05
0.6747899159663865,1.004201680672269,9.122126514437258e-05
0.6823529411764706,1.004201680672269,9.148374429806507e-05
0.6899159663865546,1.004201680672269,9.174622345175754e-05
0.6974789915966386,1.004201680672269,9.200870260545002e-05
0.7050420168067226,1.004201680672269,9.215066212358506e-05
0.7126050420168067,1.004201680672269,9.223236182394137e-05
0.7201680672268908,1.004201680672269,9.231406152429766e-05
0.7277310924369748,1.004201680672269,9.239576122465396e-05
0.7352941176470588,1.004201680672269,9.247746092501027e-05
0.7428571428571429,1.004201680672269,9.255916062536656e-05
0.7504201680672269,1.004201680672269,9.264086032572287e-05
0.7579831932773109,1.004201680672269,9.277824362199947e-05
0.7655462184873949,1.004201680672269,9.293153651711046e-05
0.773109243697479,1.004201680672269,9.308482941222144e-05
0.780672268907563,1.004201680672269,9.323812230733242e-05
0.788235294117647,1.004201680672269,9.339141520244342e-05
0.795798319327731,1.004201680672269,9.35447080975544e-05
0.8033613445378152,1.004201680672269,9.363763041924237e-05
0.8109243697478992,1.004201680672269,9.365508952415158e-05
0.8184873949579832,1.004201680672269,9.36725486290608e-05
0.8260504201680672,1.004201680672269,9.369000773397002e-05
0.8336134453781512,1.004201680672269,9.370746683887923e-05
0.8411764705882353,1.004201680672269,9.372492594378845e-05
0.8487394957983193,1.004201680672269,9.375964691998329e-05
0.8563025210084033,1.004201680672269,9.393246286646313e-05
0.8638655462184873,1.004201680672269,9.410527881294296e-05
0.8714285714285714,1.004201680672269,9.427809475942278e-05
0.8789915966386554,1.004201680672269,9.445091070590262e-05
0.8865546218487395,1.004201680672269,9.462372665238245e-05
0.8941176470588235,1.004201680672269,9.479654259886229e-05
0.9016806722689076,1.004201680672269,9.496305897075405e-05
0.9092436974789916,1.004201680672269,9.510752683158763e-05
0.9168067226890756,1.004201680672269,9.525199469242119e-05
0.9243697478991596,1.004201680672269,9.539646255325477e-05
0.9319327731092437,1.004201680672269,9.554093041408834e-05
0.9394957983193277,1.004201680672269,9.56853982749219e-05
0.9470588235294117,1.004201680672269,9.582986613575546e-05
0.9546218487394957,1.004201680672269,9.595608560134799e-05
0.9621848739495799,1.004201680672269,9.608002401753539e-05
0.9697478991596639,1.004201680672269,9.620396243372279e-05
0.9773109243697479,1.004201680672269,9.632790084991017e-05
0.9848739495798319,1.004201680672269,9.645183926609758e-05
0.992436974789916,1.004201680672269,9.657577768228497e-05
1.0,1.004201680672269,9.669971609847237e-05
0.1,1.0210084033613445,3.451073887034702e-05
0.10756302521008404,1.0210084033613445,3.5922845901063184e-05
0.11512605042016807,1.0210084033613445,3.733495293177934e-05
0.12268907563025211,1.0210084033613445,3.874705996249551e-05
0.13025210084033614,1.0210084033613445,4.015916699321167e-05
0.13781512605042018,1.0210084033613445,4.157127402392784e-05
0.1453781512605042,1.0210084033613445,4.324532598703598e-05
0.15294117647058825,1.0210084033613445,4.499421935939898e-05
0.16050420168067228,1.0210084033613445,4.6743112731761984e-05
0.16806722689075632,1.0210084033613445,4.849200610412498e-05
0.17563025210084032,1.0210084033613445,5.024089947648797e-05
0.18319327731092439,1.0210084033613445,5.198979284885098e-05
0.1907563025210084,1.0210084033613445,5.373868622121396e-05
0.19831932773109245,1.0210084033613445,5.5487579593576976e-05
0.20588235294117646,1.0210084033613445,5.6753991100153604e-05
0.21344537815126052,1.0210084033613445,5.788255064507699e-05
0.22100840336134453,1.0210084033613445,5.901111019000037e-05
0.22857142857142856,1.0210084033613445,6.013966973492376e-05
0.2361344537815126,1.0210084033613445,6.126822927984714e-05
0.24369747899159663,1.0210084033613445,6.239678882477052e-05
0.25126050420168067,1.0210084033613445,6.352534836969392e-05
0.2588235294117647,1.0210084033613445,6.465390791461729e-05
0.26638655462184874,1.0210084033613445,6.568483638345193e-05
0.2739495798319328,1.0210084033613445,6.668787025911834e-05
0.2815126050420168,1.0210084033613445,6.769090413478477e-05
0.2890756302521008,1.0210084033613445,6.869393801045117e-05
0.2966386554621849,1.0210084033613445,6.96969718861176e-05
0.30420168067226894,1.0210084033613445,7.05771916452333e-05
0.31176470588235294,1.0210084033613445,7.135916011110843e-05
0.31932773109243695,1.0210084033613445,7.214112857698357e-05
0.326890756302521,1.0210084033613445,7.29230970428587e-05
0.3344537815126051,1.0210084033613445,7.370506550873384e-05
0.3420168067226891,1.0210084033613445,7.448703397460897e-05
0.3495798319327731,1.0210084033613445,7.52690024404841e-05
0.3571428571428571,1.0210084033613445,7.605097090635924e-05
0.3647058823529412,1.0210084033613445,7.671631099092049e-05
0.3722689075630252,1.0210084033613445,7.728834837043064e-05
0.3798319327731092,1.0210084033613445,7.786038574994078e-05
0.38739495798319323,1.0210084033613445,7.843242312945094e-05
0.39495798319327735,1.0210084033613445,7.900446050896109e-05
0.40252100840336136,1.0210084033613445,7.951582529059356e-05
0.41008403361344536,1.0210084033613445,7.990584487647065e-05
0.41764705882352937,1.0210084033613445,8.029586446234772e-05
0.4252100840336135,1.0210084033613445,8.068588404822482e-05
0.4327731092436975,1.0210084033613445,8.107590363410192e-05
0.4403361344537815,1.0210084033613445,8.147539413541951e-05
0.4478991596638655,1.0210084033613445,8.195065196026106e-05
0.4554621848739496,1.0210084033613445,8.242590978510263e-05
0.46302521008403363,1.0210084033613445,8.290116760994418e-05
0.47058823529411764,1.0210084033613445,8.337642543478574e-05
0.47815126050420165,1.0210084033613445,8.38516832596273e-05
0.48571428571428577,1.0210084033613445,8.432694108446886e-05
0.49327731092436977,1.0210084033613445,8.480219890931043e-05
0.5008403361344538,1.0210084033613445,8.527996490586964e-05
0.5084033613445378,1.0210084033613445,8.577779627617011e-05
0.5159663865546219,1.0210084033613445,8.62756276464706e-05
0.5235294117647059,1.0210084033613445,8.677345901677106e-05
0.5310924369747899,1.0210084033613445,8.727129038707155e-05
0.5386554621848739,1.0210084033613445,8.776912175737201e-05
0.546218487394958,1.0210084033613445,8.82669531276725e-05
0.553781512605042,1.0210084033613445,8.876478449797298e-05
0.561344537815126,1.0210084033613445,8.923717343928172e-05
0.5689075630252101,1.0210084033613445,8.950602294865673e-05
0.5764705882352942,1.0210084033613445,8.977487245803175e-05
0.5840336134453782,1.0210084033613445,9.004372196740675e-05
0.5915966386554622,1.0210084033613445,9.031257147678175e-05
0.5991596638655462,1.0210084033613445,9.058142098615676e-05
0.6067226890756302,1.0210084033613445,9.076884582315339e-05
0.6142857142857142,1.0210084033613445,9.094609257610273e-05
0.6218487394957983,1.0210084033613445,9.112333932905205e-05
0.6294117647058823,1.0210084033613445,9.13005860820014e-05
0.6369747899159663,1.0210084033613445,9.147783283495072e-05
0.6445378151260504,1.0210084033613445,9.171190118839549e-05
0.6521008403361345,1.0210084033613445,9.197438034208797e-05
0.6596638655462185,1.0210084033613445,9.223685949578044e-05
0.6672268907563025,1.0210084033613445,9.249933864947292e-05
0.6747899159663865,1.0210084033613445,9.276181780316541e-05
0.6823529411764706,1.0210084033613445,9.302429695685789e-05
0.6899159663865546,1.0210084033613445,9.328677611055038e-05
0.6974789915966386,1.0210084033613445,9.354925526424286e-05
0.7050420168067226,1.0210084033613445,9.369121478237789e-05
0.7126050420168067,1.0210084033613445,9.377291448273419e-05
0.7201680672268908,1.0210084033613445,9.38546141830905e-05
0.7277310924369748,1.0210084033613445,9.393631388344678e-05
0.7352941176470588,1.0210084033613445,9.401801358380309e-05
0.7428571428571429,1.0210084033613445,9.409971328415939e-05
0.7504201680672269,1.0210084033613445,9.41814129845157e-05
0.7579831932773109,1.0210084033613445,9.4263112684872e-05
0.7655462184873949,1.0210084033613445,9.43925411817314e-05
0.773109243697479,1.0210084033613445,9.45458340768424e-05
0.780672268907563,1.0210084033613445,9.469912697195337e-05
0.788235294117647,1.0210084033613445,9.485241986706435e-05
0.795798319327731,1.0210084033613445,9.500571276217535e-05
0.8033613445378152,1.0210084033613445,9.509863508386332e-05
0.8109243697478992,1.0210084033613445,9.511609418877253e-05
0.8184873949579832,1.0210084033613445,9.513355329368176e-05
0.8260504201680672,1.0210084033613445,9.515101239859097e-05
0.8336134453781512,1.0210084033613445,9.516847150350018e-05
0.8411764705882353,1.0210084033613445,9.522045435098065e-05
0.8487394957983193,1.0210084033613445,9.53932702974605e-05
0.8563025210084033,1.0210084033613445,9.556608624394032e-05
0.8638655462184873,1.0210084033613445,9.573890219042015e-05
0.8714285714285714,1.0210084033613445,9.591171813689999e-05
0.8789915966386554,1.0210084033613445,9.608453408337981e-05
0.8865546218487395,1.0210084033613445,9.625735002985965e-05
0.8941176470588235,1.0210084033613445,9.643016597633948e-05
0.9016806722689076,1.0210084033613445,9.659668234823126e-05
0.9092436974789916,1.0210084033613445,9.674115020906483e-05
0.9168067226890756,1.0210084033613445,9.68856180698984e-05
0.9243697478991596,1.0210084033613445,9.703008593073197e-05
0.9319327731092437,1.0210084033613445,9.717455379156553e-05
0.9394957983193277,1.0210084033613445,9.73190216523991e-05
0.9470588235294117,1.0210084033613445,9.74429600685865e-05
0.9546218487394957,1.0210084033613445,9.75668984847739e-05
0.9621848739495799,1.0210084033613445,9.769083690096129e-05
0.9697478991596639,1.0210084033613445,9.781477531714868e-05
0.9773109243697479,1.0210084033613445,9.793871373333607e-05
0.9848739495798319,1.0210084033613445,9.806265214952347e-05
0.992436974789916,1.0210084033613445,9.818659056571086e-05
1.0,1.0210084033613445,9.831052898189825e-05
0.1,1.03781512605042,3.486051864258221e-05
0.10756302521008404,1.03781512605042,3.627262567329838e-05
0.11512605042016807,1.03781512605042,3.768473270401454e-05
0.12268907563025211,1.03781512605042,3.9096839734730705e-05
0.13025210084033614,1.03781512605042,4.050894676544687e-05
0.13781512605042018,1.03781512605042,4.222041943318244e-05
0.1453781512605042,1.03781512605042,4.3969312805545435e-05
0.15294117647058825,1.03781512605042,4.571820617790844e-05
0.16050420168067228,1.03781512605042,4.746709955027144e-05
0.16806722689075632,1.03781512605042,4.9215992922634435e-05
0.17563025210084032,1.03781512605042,5.0964886294997424e-05
0.18319327731092439,1.03781512605042,5.2713779667360426e-05
0.1907563025210084,1.03781512605042,5.446267303972342e-05
0.19831932773109245,1.03781512605042,5.6211566412086424e-05
0.20588235294117646,1.03781512605042,5.747797791866305e-05
0.21344537815126052,1.03781512605042,5.860653746358644e-05
0.22100840336134453,1.03781512605042,5.9735097008509823e-05
0.22857142857142856,1.03781512605042,6.0863656553433206e-05
0.2361344537815126,1.03781512605042,6.199221609835659e-05
0.24369747899159663,1.03781512605042,6.312077564327998e-05
0.25126050420168067,1.03781512605042,6.424933518820337e-05
0.2588235294117647,1.03781512605042,6.537789473312675e-05
0.26638655462184874,1.03781512605042,6.650645427805014e-05
0.2739495798319328,1.03781512605042,6.755133004346888e-05
0.2815126050420168,1.03781512605042,6.855436391913529e-05
0.2890756302521008,1.03781512605042,6.955739779480171e-05
0.2966386554621849,1.03781512605042,7.056043167046812e-05
0.30420168067226894,1.03781512605042,7.144065142958383e-05
0.31176470588235294,1.03781512605042,7.222261989545895e-05
0.31932773109243695,1.03781512605042,7.30045883613341e-05
0.326890756302521,1.03781512605042,7.378655682720922e-05
0.3344537815126051,1.03781512605042,7.456852529308436e-05
0.3420168067226891,1.03781512605042,7.53504937589595e-05
0.3495798319327731,1.03781512605042,7.613246222483463e-05
0.3571428571428571,1.03781512605042,7.691443069070976e-05
0.3647058823529412,1.03781512605042,7.76963991565849e-05
0.3722689075630252,1.03781512605042,7.838506491740893e-05
0.3798319327731092,1.03781512605042,7.895710229691907e-05
0.38739495798319323,1.03781512605042,7.952913967642923e-05
0.39495798319327735,1.03781512605042,8.010117705593938e-05
0.40252100840336136,1.03781512605042,8.061254183757183e-05
0.41008403361344536,1.03781512605042,8.100256142344893e-05
0.41764705882352937,1.03781512605042,8.139258100932601e-05
0.4252100840336135,1.03781512605042,8.178260059520311e-05
0.4327731092436975,1.03781512605042,8.219156201196119e-05
0.4403361344537815,1.03781512605042,8.266681983680276e-05
0.4478991596638655,1.03781512605042,8.314207766164431e-05
0.4554621848739496,1.03781512605042,8.361733548648588e-05
0.46302521008403363,1.03781512605042,8.409259331132744e-05
0.47058823529411764,1.03781512605042,8.4567851136169e-05
0.47815126050420165,1.03781512605042,8.504310896101055e-05
0.48571428571428577,1.03781512605042,8.551836678585213e-05
0.49327731092436977,1.03781512605042,8.599362461069368e-05
0.5008403361344538,1.03781512605042,8.647139060725289e-05
0.5084033613445378,1.03781512605042,8.696922197755336e-05
0.5159663865546219,1.03781512605042,8.746705334785385e-05
0.5235294117647059,1.03781512605042,8.796488471815433e-05
0.5310924369747899,1.03781512605042,8.84627160884548e-05
0.5386554621848739,1.03781512605042,8.896054745875528e-05
0.546218487394958,1.03781512605042,8.945837882905575e-05
0.553781512605042,1.03781512605042,8.995621019935623e-05
0.561344537815126,1.03781512605042,9.04540415696567e-05
0.5689075630252101,1.03781512605042,9.095187293995718e-05
0.5764705882352942,1.03781512605042,9.12207224493322e-05
0.5840336134453782,1.03781512605042,9.14895719587072e-05
0.5915966386554622,1.03781512605042,9.17584214680822e-05
0.5991596638655462,1.03781512605042,9.202727097745721e-05
0.6067226890756302,1.03781512605042,9.221469581445383e-05
0.6142857142857142,1.03781512605042,9.239194256740317e-05
0.6218487394957983,1.03781512605042,9.25691893203525e-05
0.6294117647058823,1.03781512605042,9.274643607330184e-05
0.6369747899159663,1.03781512605042,9.298997469349584e-05
0.6445378151260504,1.03781512605042,9.325245384718831e-05
0.6521008403361345,1.03781512605042,9.351493300088079e-05
0.6596638655462185,1.03781512605042,9.377741215457328e-05
0.6672268907563025,1.03781512605042,9.403989130826576e-05
0.6747899159663865,1.03781512605042,9.430237046195824e-05
0.6823529411764706,1.03781512605042,9.456484961565073e-05
0.6899159663865546,1.03781512605042,9.482732876934319e-05
0.6974789915966386,1.03781512605042,9.508980792303568e-05
0.7050420168067226,1.03781512605042,9.52317674411707e-05
0.7126050420168067,1.03781512605042,9.531346714152701e-05
0.7201680672268908,1.03781512605042,9.53951668418833e-05
0.7277310924369748,1.03781512605042,9.547686654223961e-05
0.7352941176470588,1.03781512605042,9.555856624259591e-05
0.7428571428571429,1.03781512605042,9.56402659429522e-05
0.7504201680672269,1.03781512605042,9.572196564330852e-05
0.7579831932773109,1.03781512605042,9.580366534366481e-05
0.7655462184873949,1.03781512605042,9.588536504402111e-05
0.773109243697479,1.03781512605042,9.600683874146337e-05
0.780672268907563,1.03781512605042,9.616013163657434e-05
0.788235294117647,1.03781512605042,9.631342453168533e-05
0.795798319327731,1.03781512605042,9.646671742679631e-05
0.8033613445378152,1.03781512605042,9.655963974848429e-05
0.8109243697478992,1.03781512605042,9.657709885339351e-05
0.8184873949579832,1.03781512605042,9.659455795830272e-05
0.8260504201680672,1.03781512605042,9.661201706321193e-05
0.8336134453781512,1.03781512605042,9.668126178197802e-05
0.8411764705882353,1.03781512605042,9.685407772845786e-05
0.8487394957983193,1.03781512605042,9.70268936749377e-05
0.8563025210084033,1.03781512605042,9.719970962141752e-05
0.8638655462184873,1.03781512605042,9.737252556789735e-05
0.8714285714285714,1.03781512605042,9.754534151437719e-05
0.8789915966386554,1.03781512605042,9.771815746085702e-05
0.8865546218487395,1.03781512605042,9.789097340733684e-05
0.8941176470588235,1.03781512605042,9.806378935381668e-05
0.9016806722689076,1.03781512605042,9.823030572570845e-05
0.9092436974789916,1.03781512605042,9.837477358654202e-05
0.9168067226890756,1.03781512605042,9.851924144737558e-05
0.9243697478991596,1.03781512605042,9.866370930820917e-05
0.9319327731092437,1.03781512605042,9.88058961196376e-05
0.9394957983193277,1.03781512605042,9.8929834535825e-05
0.9470588235294117,1.03781512605042,9.905377295201239e-05
0.9546218487394957,1.03781512605042,9.917771136819978e-05
0.9621848739495799,1.03781512605042,9.930164978438718e-05
0.9697478991596639,1.03781512605042,9.942558820057457e-05
0.9773109243697479,1.03781512605042,9.954952661676196e-05
0.9848739495798319,1.03781512605042,9.967346503294936e-05
0.992436974789916,1.03781512605042,9.979740344913675e-05
1.0,1.03781512605042,9.992134186532414e-05
0.1,1.0546218487394958,3.521029841481742e-05
0.10756302521008404,1.0546218487394958,3.6622405445533574e-05
0.11512605042016807,1.0546218487394958,3.8034512476249746e-05
0.12268907563025211,1.0546218487394958,3.9446619506965903e-05
0.13025210084033614,1.0546218487394958,4.1195512879328906e-05
0.13781512605042018,1.0546218487394958,4.29444062516919e-05
0.1453781512605042,1.0546218487394958,4.46932996240549e-05
0.15294117647058825,1.0546218487394958,4.6442192996417906e-05
0.16050420168067228,1.0546218487394958,4.81910863687809e-05
0.16806722689075632,1.0546218487394958,4.99399797411439e-05
0.17563025210084032,1.0546218487394958,5.168887311350689e-05
0.18319327731092439,1.0546218487394958,5.3437766485869895e-05
0.1907563025210084,1.0546218487394958,5.518665985823289e-05
0.19831932773109245,1.0546218487394958,5.693555323059589e-05
0.20588235294117646,1.0546218487394958,5.820196473717252e-05
0.21344537815126052,1.0546218487394958,5.933052428209591e-05
0.22100840336134453,1.0546218487394958,6.045908382701929e-05
0.22857142857142856,1.0546218487394958,6.158764337194268e-05
0.2361344537815126,1.0546218487394958,6.271620291686606e-05
0.24369747899159663,1.0546218487394958,6.384476246178945e-05
0.25126050420168067,1.0546218487394958,6.497332200671283e-05
0.2588235294117647,1.0546218487394958,6.610188155163621e-05
0.26638655462184874,1.0546218487394958,6.72304410965596e-05
0.2739495798319328,1.0546218487394958,6.835900064148299e-05
0.2815126050420168,1.0546218487394958,6.941782370348583e-05
0.2890756302521008,1.0546218487394958,7.042085757915224e-05
0.2966386554621849,1.0546218487394958,7.142389145481867e-05
0.30420168067226894,1.0546218487394958,7.230411121393437e-05
0.31176470588235294,1.0546218487394958,7.30860796798095e-05
0.31932773109243695,1.0546218487394958,7.386804814568464e-05
0.326890756302521,1.0546218487394958,7.465001661155977e-05
0.3344537815126051,1.0546218487394958,7.543198507743491e-05
0.3420168067226891,1.0546218487394958,7.621395354331004e-05
0.3495798319327731,1.0546218487394958,7.699592200918516e-05
0.3571428571428571,1.0546218487394958,7.77778904750603e-05
0.3647058823529412,1.0546218487394958,7.855985894093544e-05
0.3722689075630252,1.0546218487394958,7.934182740681057e-05
0.3798319327731092,1.0546218487394958,8.005381884389738e-05
0.38739495798319323,1.0546218487394958,8.062585622340753e-05
0.39495798319327735,1.0546218487394958,8.119789360291768e-05
0.40252100840336136,1.0546218487394958,8.170925838455015e-05
0.41008403361344536,1.0546218487394958,8.209927797042724e-05
0.41764705882352937,1.0546218487394958,8.248929755630433e-05
0.4252100840336135,1.0546218487394958,8.29077298885029e-05
0.4327731092436975,1.0546218487394958,8.338298771334446e-05
0.4403361344537815,1.0546218487394958,8.385824553818602e-05
0.4478991596638655,1.0546218487394958,8.433350336302758e-05
0.4554621848739496,1.0546218487394958,8.480876118786914e-05
0.46302521008403363,1.0546218487394958,8.528401901271071e-05
0.47058823529411764,1.0546218487394958,8.575927683755226e-05
0.47815126050420165,1.0546218487394958,8.623453466239381e-05
0.48571428571428577,1.0546218487394958,8.670979248723538e-05
0.49327731092436977,1.0546218487394958,8.718505031207693e-05
0.5008403361344538,1.0546218487394958,8.766281630863615e-05
0.5084033613445378,1.0546218487394958,8.816064767893663e-05
0.5159663865546219,1.0546218487394958,8.86584790492371e-05
0.5235294117647059,1.0546218487394958,8.915631041953758e-05
0.5310924369747899,1.0546218487394958,8.965414178983806e-05
0.5386554621848739,1.0546218487394958,9.015197316013853e-05
0.546218487394958,1.0546218487394958,9.064980453043902e-05
0.553781512605042,1.0546218487394958,9.11476359007395e-05
0.561344537815126,1.0546218487394958,9.164546727103997e-05
0.5689075630252101,1.0546218487394958,9.214329864134045e-05
0.5764705882352942,1.0546218487394958,9.264113001164092e-05
0.5840336134453782,1.0546218487394958,9.293542195000765e-05
0.5915966386554622,1.0546218487394958,9.320427145938265e-05
0.5991596638655462,1.0546218487394958,9.347312096875765e-05
0.6067226890756302,1.0546218487394958,9.366054580575429e-05
0.6142857142857142,1.0546218487394958,9.383779255870362e-05
0.6218487394957983,1.0546218487394958,9.401503931165296e-05
0.6294117647058823,1.0546218487394958,9.426804819859621e-05
0.6369747899159663,1.0546218487394958,9.453052735228869e-05
0.6445378151260504,1.0546218487394958,9.479300650598115e-05
0.6521008403361345,1.0546218487394958,9.505548565967364e-05
0.6596638655462185,1.0546218487394958,9.531796481336613e-05
0.6672268907563025,1.0546218487394958,9.558044396705861e-05
0.6747899159663865,1.0546218487394958,9.584292312075109e-05
0.6823529411764706,1.0546218487394958,9.610540227444356e-05
0.6899159663865546,1.0546218487394958,9.636788142813605e-05
0.6974789915966386,1.0546218487394958,9.663036058182853e-05
0.7050420168067226,1.0546218487394958,9.677232009996355e-05
0.7126050420168067,1.0546218487394958,9.685401980031986e-05
0.7201680672268908,1.0546218487394958,9.693571950067615e-05
0.7277310924369748,1.0546218487394958,9.701741920103246e-05
0.7352941176470588,1.0546218487394958,9.709911890138876e-05
0.7428571428571429,1.0546218487394958,9.718081860174507e-05
0.7504201680672269,1.0546218487394958,9.726251830210137e-05
0.7579831932773109,1.0546218487394958,9.734421800245767e-05
0.7655462184873949,1.0546218487394958,9.742591770281398e-05
0.773109243697479,1.0546218487394958,9.750761740317027e-05
0.780672268907563,1.0546218487394958,9.762113630119531e-05
0.788235294117647,1.0546218487394958,9.777442919630629e-05
0.795798319327731,1.0546218487394958,9.792772209141729e-05
0.8033613445378152,1.0546218487394958,9.802064441310526e-05
0.8109243697478992,1.0546218487394958,9.803810351801447e-05
0.8184873949579832,1.0546218487394958,9.80555626229237e-05
0.8260504201680672,1.0546218487394958,9.81420692129754e-05
0.8336134453781512,1.0546218487394958,9.831488515945523e-05
0.8411764705882353,1.0546218487394958,9.848770110593508e-05
0.8487394957983193,1.0546218487394958,9.86605170524149e-05
0.8563025210084033,1.0546218487394958,9.883333299889476e-05
0.8638655462184873,1.0546218487394958,9.900614894537458e-05
0.8714285714285714,1.0546218487394958,9.917896489185441e-05
0.8789915966386554,1.0546218487394958,9.935178083833424e-05
0.8865546218487395,1.0546218487394958,9.952459678481408e-05
0.8941176470588235,1.0546218487394958,9.96974127312939e-05
0.9016806722689076,1.0546218487394958,9.986392910318568e-05
0.9092436974789916,1.0546218487394958,0.00010000839696401924
0.9168067226890756,1.0546218487394958,0.00010015286482485282
0.9243697478991596,1.0546218487394958,0.00010029277058687612
0.9319327731092437,1.0546218487394958,0.00010041670900306352
0.9394957983193277,1.0546218487394958,0.00010054064741925091
0.9470588235294117,1.0546218487394958,0.0001006645858354383
0.9546218487394957,1.0546218487394958,0.0001007885242516257
0.9621848739495799,1.0546218487394958,0.00010091246266781309
0.9697478991596639,1.0546218487394958,0.00010103640108400048
0.9773109243697479,1.0546218487394958,0.00010116033950018788
0.9848739495798319,1.0546218487394958,0.00010128427791637527
0.992436974789916,1.0546218487394958,0.00010140821633256266
1.0,1.0546218487394958,0.00010153215474875006
0.1,1.0714285714285714,3.556007818705261e-05
0.10756302521008404,1.0714285714285714,3.697218521776877e-05
0.11512605042016807,1.0714285714285714,3.842171295311236e-05
0.12268907563025211,1.0714285714285714,4.0170606325475365e-05
0.13025210084033614,1.0714285714285714,4.191949969783836e-05
0.13781512605042018,1.0714285714285714,4.3668393070201357e-05
0.1453781512605042,1.0714285714285714,4.541728644256435e-05
0.15294117647058825,1.0714285714285714,4.7166179814927354e-05
0.16050420168067228,1.0714285714285714,4.891507318729036e-05
0.16806722689075632,1.0714285714285714,5.066396655965335e-05
0.17563025210084032,1.0714285714285714,5.241285993201634e-05
0.18319327731092439,1.0714285714285714,5.416175330437935e-05
0.1907563025210084,1.0714285714285714,5.5910646676742346e-05
0.19831932773109245,1.0714285714285714,5.765954004910534e-05
0.20588235294117646,1.0714285714285714,5.892595155568197e-05
0.21344537815126052,1.0714285714285714,6.005451110060536e-05
0.22100840336134453,1.0714285714285714,6.118307064552875e-05
0.22857142857142856,1.0714285714285714,6.231163019045213e-05
0.2361344537815126,1.0714285714285714,6.344018973537551e-05
0.24369747899159663,1.0714285714285714,6.45687492802989e-05
0.25126050420168067,1.0714285714285714,6.569730882522228e-05
0.2588235294117647,1.0714285714285714,6.682586837014566e-05
0.26638655462184874,1.0714285714285714,6.795442791506905e-05
0.2739495798319328,1.0714285714285714,6.908298745999244e-05
0.2815126050420168,1.0714285714285714,7.021154700491582e-05
0.2890756302521008,1.0714285714285714,7.128431736350278e-05
0.2966386554621849,1.0714285714285714,7.22873512391692e-05
0.30420168067226894,1.0714285714285714,7.316757099828491e-05
0.31176470588235294,1.0714285714285714,7.394953946416002e-05
0.31932773109243695,1.0714285714285714,7.473150793003516e-05
0.326890756302521,1.0714285714285714,7.55134763959103e-05
0.3344537815126051,1.0714285714285714,7.629544486178544e-05
0.3420168067226891,1.0714285714285714,7.707741332766056e-05
0.3495798319327731,1.0714285714285714,7.785938179353568e-05
0.3571428571428571,1.0714285714285714,7.864135025941084e-05
0.3647058823529412,1.0714285714285714,7.942331872528598e-05
0.3722689075630252,1.0714285714285714,8.02052871911611e-05
0.3798319327731092,1.0714285714285714,8.098725565703623e-05
0.38739495798319323,1.0714285714285714,8.172257277038581e-05
0.39495798319327735,1.0714285714285714,8.229461014989596e-05
0.40252100840336136,1.0714285714285714,8.280597493152843e-05
0.41008403361344536,1.0714285714285714,8.319599451740553e-05
0.41764705882352937,1.0714285714285714,8.362389776504459e-05
0.4252100840336135,1.0714285714285714,8.409915558988616e-05
0.4327731092436975,1.0714285714285714,8.457441341472772e-05
0.4403361344537815,1.0714285714285714,8.504967123956926e-05
0.4478991596638655,1.0714285714285714,8.552492906441083e-05
0.4554621848739496,1.0714285714285714,8.60001868892524e-05
0.46302521008403363,1.0714285714285714,8.647544471409396e-05
0.47058823529411764,1.0714285714285714,8.695070253893551e-05
0.47815126050420165,1.0714285714285714,8.742596036377707e-05
0.48571428571428577,1.0714285714285714,8.790121818861863e-05
0.49327731092436977,1.0714285714285714,8.837647601346018e-05
0.5008403361344538,1.0714285714285714,8.88542420100194e-05
0.5084033613445378,1.0714285714285714,8.935207338031988e-05
0.5159663865546219,1.0714285714285714,8.984990475062037e-05
0.5235294117647059,1.0714285714285714,9.034773612092085e-05
0.5310924369747899,1.0714285714285714,9.084556749122132e-05
0.5386554621848739,1.0714285714285714,9.13433988615218e-05
0.546218487394958,1.0714285714285714,9.184123023182227e-05
0.553781512605042,1.0714285714285714,9.233906160212275e-05
0.561344537815126,1.0714285714285714,9.283689297242322e-05
0.5689075630252101,1.0714285714285714,9.33347243427237e-05
0.5764705882352942,1.0714285714285714,9.383255571302417e-05
0.5840336134453782,1.0714285714285714,9.433038708332465e-05
0.5915966386554622,1.0714285714285714,9.465012145068308e-05
0.5991596638655462,1.0714285714285714,9.49189709600581e-05
0.6067226890756302,1.0714285714285714,9.510639579705474e-05
0.6142857142857142,1.0714285714285714,9.528364255000406e-05
0.6218487394957983,1.0714285714285714,9.554612170369654e-05
0.6294117647058823,1.0714285714285714,9.580860085738903e-05
0.6369747899159663,1.0714285714285714,9.607108001108151e-05
0.6445378151260504,1.0714285714285714,9.633355916477399e-05
0.6521008403361345,1.0714285714285714,9.659603831846646e-05
0.6596638655462185,1.0714285714285714,9.685851747215895e-05
0.6672268907563025,1.0714285714285714,9.712099662585143e-05
0.6747899159663865,1.0714285714285714,9.738347577954391e-05
0.6823529411764706,1.0714285714285714,9.764595493323639e-05
0.6899159663865546,1.0714285714285714,9.790843408692886e-05
0.6974789915966386,1.0714285714285714,9.817091324062134e-05
0.7050420168067226,1.0714285714285714,9.831287275875637e-05
0.7126050420168067,1.0714285714285714,9.839457245911267e-05
0.7201680672268908,1.0714285714285714,9.847627215946898e-05
0.7277310924369748,1.0714285714285714,9.855797185982528e-05
0.7352941176470588,1.0714285714285714,9.863967156018158e-05
0.7428571428571429,1.0714285714285714,9.872137126053789e-05
0.7504201680672269,1.0714285714285714,9.880307096089419e-05
0.7579831932773109,1.0714285714285714,9.888477066125048e-05
0.7655462184873949,1.0714285714285714,9.896647036160679e-05
0.773109243697479,1.0714285714285714,9.904817006196308e-05
0.780672268907563,1.0714285714285714,9.91298697623194e-05
0.788235294117647,1.0714285714285714,9.923543386092727e-05
0.795798319327731,1.0714285714285714,9.938872675603825e-05
0.8033613445378152,1.0714285714285714,9.948164907772622e-05
0.8109243697478992,1.0714285714285714,9.949910818263545e-05
0.8184873949579832,1.0714285714285714,9.960287664397279e-05
0.8260504201680672,1.0714285714285714,9.97756925904526e-05
0.8336134453781512,1.0714285714285714,9.994850853693244e-05
0.8411764705882353,1.0714285714285714,0.00010012132448341228
0.8487394957983193,1.0714285714285714,0.0001002941404298921
0.8563025210084033,1.0714285714285714,0.00010046695637637195
0.8638655462184873,1.0714285714285714,0.00010063977232285177
0.8714285714285714,1.0714285714285714,0.0001008125882693316
0.8789915966386554,1.0714285714285714,0.00010098540421581143
0.8865546218487395,1.0714285714285714,0.00010115822016229127
0.8941176470588235,1.0714285714285714,0.0001013310361087711
0.9016806722689076,1.0714285714285714,0.00010149755248066287
0.9092436974789916,1.0714285714285714,0.00010164202034149645
0.9168067226890756,1.0714285714285714,0.0001017796450541146
0.9243697478991596,1.0714285714285714,0.00010190358347030201
0.9319327731092437,1.0714285714285714,0.0001020275218864894
0.9394957983193277,1.0714285714285714,0.0001021514603026768
0.9470588235294117,1.0714285714285714,0.00010227539871886418
0.9546218487394957,1.0714285714285714,0.00010239933713505159
0.9621848739495799,1.0714285714285714,0.00010252327555123898
0.9697478991596639,1.0714285714285714,0.00010264721396742637
0.9773109243697479,1.0714285714285714,0.00010277115238361377
0.9848739495798319,1.0714285714285714,0.00010289509079980116
0.992436974789916,1.0714285714285714,0.00010301902921598855
1.0,1.0714285714285714,0.00010314296763217595
0.1,1.0882352941176472,3.5909857959287814e-05
0.10756302521008404,1.0882352941176472,3.739680639925882e-05
0.11512605042016807,1.0882352941176472,3.914569977162182e-05
0.12268907563025211,1.0882352941176472,4.089459314398482e-05
0.13025210084033614,1.0882352941176472,4.264348651634782e-05
0.13781512605042018,1.0882352941176472,4.439237988871082e-05
0.1453781512605042,1.0882352941176472,4.6141273261073814e-05
0.15294117647058825,1.0882352941176472,4.7890166633436816e-05
0.16050420168067228,1.0882352941176472,4.963906000579982e-05
0.16806722689075632,1.0882352941176472,5.1387953378162814e-05
0.17563025210084032,1.0882352941176472,5.313684675052581e-05
0.18319327731092439,1.0882352941176472,5.488574012288881e-05
0.1907563025210084,1.0882352941176472,5.66346334952518e-05
0.19831932773109245,1.0882352941176472,5.838352686761481e-05
0.20588235294117646,1.0882352941176472,5.964993837419144e-05
0.21344537815126052,1.0882352941176472,6.077849791911483e-05
0.22100840336134453,1.0882352941176472,6.190705746403821e-05
0.22857142857142856,1.0882352941176472,6.303561700896159e-05
0.2361344537815126,1.0882352941176472,6.416417655388497e-05
0.24369747899159663,1.0882352941176472,6.529273609880836e-05
0.25126050420168067,1.0882352941176472,6.642129564373174e-05
0.2588235294117647,1.0882352941176472,6.754985518865512e-05
0.26638655462184874,1.0882352941176472,6.867841473357852e-05
0.2739495798319328,1.0882352941176472,6.980697427850191e-05
0.2815126050420168,1.0882352941176472,7.093553382342528e-05
0.2890756302521008,1.0882352941176472,7.206409336834866e-05
0.2966386554621849,1.0882352941176472,7.315081102351973e-05
0.30420168067226894,1.0882352941176472,7.403103078263544e-05
0.31176470588235294,1.0882352941176472,7.481299924851057e-05
0.31932773109243695,1.0882352941176472,7.559496771438571e-05
0.326890756302521,1.0882352941176472,7.637693618026084e-05
0.3344537815126051,1.0882352941176472,7.715890464613598e-05
0.3420168067226891,1.0882352941176472,7.79408731120111e-05
0.3495798319327731,1.0882352941176472,7.872284157788623e-05
0.3571428571428571,1.0882352941176472,7.950481004376137e-05
0.3647058823529412,1.0882352941176472,8.028677850963651e-05
0.3722689075630252,1.0882352941176472,8.106874697551164e-05
0.3798319327731092,1.0882352941176472,8.185071544138677e-05
0.38739495798319323,1.0882352941176472,8.263268390726191e-05
0.39495798319327735,1.0882352941176472,8.339132669687427e-05
0.40252100840336136,1.0882352941176472,8.390269147850673e-05
0.41008403361344536,1.0882352941176472,8.43400656415863e-05
0.41764705882352937,1.0882352941176472,8.481532346642786e-05
0.4252100840336135,1.0882352941176472,8.529058129126942e-05
0.4327731092436975,1.0882352941176472,8.576583911611098e-05
0.4403361344537815,1.0882352941176472,8.624109694095254e-05
0.4478991596638655,1.0882352941176472,8.67163547657941e-05
0.4554621848739496,1.0882352941176472,8.719161259063566e-05
0.46302521008403363,1.0882352941176472,8.766687041547723e-05
0.47058823529411764,1.0882352941176472,8.814212824031878e-05
0.47815126050420165,1.0882352941176472,8.861738606516035e-05
0.48571428571428577,1.0882352941176472,8.90926438900019e-05
0.49327731092436977,1.0882352941176472,8.956790171484345e-05
0.5008403361344538,1.0882352941176472,9.004566771140267e-05
0.5084033613445378,1.0882352941176472,9.054349908170315e-05
0.5159663865546219,1.0882352941176472,9.104133045200364e-05
0.5235294117647059,1.0882352941176472,9.153916182230411e-05
0.5310924369747899,1.0882352941176472,9.203699319260459e-05
0.5386554621848739,1.0882352941176472,9.253482456290506e-05
0.546218487394958,1.0882352941176472,9.303265593320555e-05
0.553781512605042,1.0882352941176472,9.353048730350601e-05
0.561344537815126,1.0882352941176472,9.402831867380649e-05
0.5689075630252101,1.0882352941176472,9.452615004410696e-05
0.5764705882352942,1.0882352941176472,9.502398141440744e-05
0.5840336134453782,1.0882352941176472,9.552181278470791e-05
0.5915966386554622,1.0882352941176472,9.601964415500839e-05
0.5991596638655462,1.0882352941176472,9.636482095135857e-05
0.6067226890756302,1.0882352941176472,9.656171605510442e-05
0.6142857142857142,1.0882352941176472,9.68241952087969e-05
0.6218487394957983,1.0882352941176472,9.708667436248939e-05
0.6294117647058823,1.0882352941176472,9.734915351618187e-05
0.6369747899159663,1.0882352941176472,9.761163266987435e-05
0.6445378151260504,1.0882352941176472,9.787411182356682e-05
0.6521008403361345,1.0882352941176472,9.813659097725931e-05
0.6596638655462185,1.0882352941176472,9.83990701309518e-05
0.6672268907563025,1.0882352941176472,9.866154928464428e-05
0.6747899159663865,1.0882352941176472,9.892402843833676e-05
0.6823529411764706,1.0882352941176472,9.918650759202924e-05
0.6899159663865546,1.0882352941176472,9.944898674572171e-05
0.6974789915966386,1.0882352941176472,9.971146589941419e-05
0.7050420168067226,1.0882352941176472,9.985342541754922e-05
0.7126050420168067,1.0882352941176472,9.993512511790552e-05
0.7201680672268908,1.0882352941176472,0.00010001682481826184
0.7277310924369748,1.0882352941176472,0.00010009852451861813
0.7352941176470588,1.0882352941176472,0.00010018022421897443
0.7428571428571429,1.0882352941176472,0.00010026192391933074
0.7504201680672269,1.0882352941176472,0.00010034362361968703
0.7579831932773109,1.0882352941176472,0.00010042532332004333
0.7655462184873949,1.0882352941176472,0.00010050702302039964
0.773109243697479,1.0882352941176472,0.00010058872272075594
0.780672268907563,1.0882352941176472,0.00010067042242111225
0.788235294117647,1.0882352941176472,0.00010075212212146854
0.795798319327731,1.0882352941176472,0.00010084973142065922
0.8033613445378152,1.0882352941176472,0.0001009426537423472
0.8109243697478992,1.0882352941176472,0.00010106368407497016
0.8184873949579832,1.0882352941176472,0.00010123650002145
0.8260504201680672,1.0882352941176472,0.00010140931596792982
0.8336134453781512,1.0882352941176472,0.00010158213191440964
0.8411764705882353,1.0882352941176472,0.00010175494786088948
0.8487394957983193,1.0882352941176472,0.00010192776380736932
0.8563025210084033,1.0882352941176472,0.00010210057975384915
0.8638655462184873,1.0882352941176472,0.00010227339570032899
0.8714285714285714,1.0882352941176472,0.00010244621164680882
0.8789915966386554,1.0882352941176472,0.00010261902759328866
0.8865546218487395,1.0882352941176472,0.00010279184353976848
0.8941176470588235,1.0882352941176472,0.00010296465948624831
0.9016806722689076,1.0882352941176472,0.00010313117585814009
0.9092436974789916,1.0882352941176472,0.00010326651952135314
0.9168067226890756,1.0882352941176472,0.00010339045793754053
0.9243697478991596,1.0882352941176472,0.00010351439635372793
0.9319327731092437,1.0882352941176472,0.00010363833476991532
0.9394957983193277,1.0882352941176472,0.00010376227318610271
0.9470588235294117,1.0882352941176472,0.00010388621160229011
0.9546218487394957,1.0882352941176472,0.0001040101500184775
0.9621848739495799,1.0882352941176472,0.0001041340884346649
0.9697478991596639,1.0882352941176472,0.00010425802685085229
0.9773109243697479,1.0882352941176472,0.00010438196526703968
0.9848739495798319,1.0882352941176472,0.00010450590368322708
0.992436974789916,1.0882352941176472,0.00010462984209941447
1.0,1.0882352941176472,0.00010475378051560186
0.1,1.1050420168067228,3.625322938470946e-05
0.10756302521008404,1.1050420168067228,3.800212275707246e-05
0.11512605042016807,1.1050420168067228,3.975101612943546e-05
0.12268907563025211,1.1050420168067228,4.1499909501798456e-05
0.13025210084033614,1.1050420168067228,4.324880287416146e-05
0.13781512605042018,1.1050420168067228,4.4997696246524454e-05
0.1453781512605042,1.1050420168067228,4.6746589618887456e-05
0.15294117647058825,1.1050420168067228,4.849548299125045e-05
0.16050420168067228,1.1050420168067228,5.0244376363613454e-05
0.16806722689075632,1.1050420168067228,5.199326973597645e-05
0.17563025210084032,1.1050420168067228,5.374216310833944e-05
0.18319327731092439,1.1050420168067228,5.549105648070245e-05
0.1907563025210084,1.1050420168067228,5.7239949853065436e-05
0.19831932773109245,1.1050420168067228,5.902150126097476e-05
0.20588235294117646,1.1050420168067228,6.035322883864403e-05
0.21344537815126052,1.1050420168067228,6.148178838356742e-05
0.22100840336134453,1.1050420168067228,6.26103479284908e-05
0.22857142857142856,1.1050420168067228,6.373890747341418e-05
0.2361344537815126,1.1050420168067228,6.486746701833756e-05
0.24369747899159663,1.1050420168067228,6.599602656326095e-05
0.25126050420168067,1.1050420168067228,6.712458610818434e-05
0.2588235294117647,1.1050420168067228,6.825314565310772e-05
0.26638655462184874,1.1050420168067228,6.93817051980311e-05
0.2739495798319328,1.1050420168067228,7.05102647429545e-05
0.2815126050420168,1.1050420168067228,7.163882428787787e-05
0.2890756302521008,1.1050420168067228,7.276738383280127e-05
0.2966386554621849,1.1050420168067228,7.389594337772465e-05
0.30420168067226894,1.1050420168067228,7.492234288985273e-05
0.31176470588235294,1.1050420168067228,7.570431135572785e-05
0.31932773109243695,1.1050420168067228,7.6486279821603e-05
0.326890756302521,1.1050420168067228,7.726824828747812e-05
0.3344537815126051,1.1050420168067228,7.805021675335326e-05
0.3420168067226891,1.1050420168067228,7.883218521922839e-05
0.3495798319327731,1.1050420168067228,7.961415368510352e-05
0.3571428571428571,1.1050420168067228,8.039612215097866e-05
0.3647058823529412,1.1050420168067228,8.117809061685381e-05
0.3722689075630252,1.1050420168067228,8.196005908272894e-05
0.3798319327731092,1.1050420168067228,8.274202754860405e-05
0.38739495798319323,1.1050420168067228,8.352399601447919e-05
0.39495798319327735,1.1050420168067228,8.430596448035433e-05
0.40252100840336136,1.1050420168067228,8.512676434537342e-05
0.41008403361344536,1.1050420168067228,8.560202217021498e-05
0.41764705882352937,1.1050420168067228,8.607727999505654e-05
0.4252100840336135,1.1050420168067228,8.65525378198981e-05
0.4327731092436975,1.1050420168067228,8.702779564473966e-05
0.4403361344537815,1.1050420168067228,8.750305346958121e-05
0.4478991596638655,1.1050420168067228,8.797831129442278e-05
0.4554621848739496,1.1050420168067228,8.845356911926434e-05
0.46302521008403363,1.1050420168067228,8.89288269441059e-05
0.47058823529411764,1.1050420168067228,8.940408476894746e-05
0.47815126050420165,1.1050420168067228,8.987934259378902e-05
0.48571428571428577,1.1050420168067228,9.035460041863058e-05
0.49327731092436977,1.1050420168067228,9.082985824347213e-05
0.5008403361344538,1.1050420168067228,9.130762424003136e-05
0.5084033613445378,1.1050420168067228,9.180545561033183e-05
0.5159663865546219,1.1050420168067228,9.23032869806323e-05
0.5235294117647059,1.1050420168067228,9.280111835093278e-05
0.5310924369747899,1.1050420168067228,9.329894972123326e-05
0.5386554621848739,1.1050420168067228,9.379678109153373e-05
0.546218487394958,1.1050420168067228,9.429461246183422e-05
0.553781512605042,1.1050420168067228,9.479244383213468e-05
0.561344537815126,1.1050420168067228,9.529027520243517e-05
0.5689075630252101,1.1050420168067228,9.578810657273565e-05
0.5764705882352942,1.1050420168067228,9.628593794303612e-05
0.5840336134453782,1.1050420168067228,9.67837693133366e-05
0.5915966386554622,1.1050420168067228,9.728160068363707e-05
0.5991596638655462,1.1050420168067228,9.776531014468367e-05
0.6067226890756302,1.1050420168067228,9.811402934039723e-05
0.6142857142857142,1.1050420168067228,9.837650849408971e-05
0.6218487394957983,1.1050420168067228,9.863898764778219e-05
0.6294117647058823,1.1050420168067228,9.890146680147467e-05
0.6369747899159663,1.1050420168067228,9.916394595516714e-05
0.6445378151260504,1.1050420168067228,9.942642510885963e-05
0.6521008403361345,1.1050420168067228,9.968890426255211e-05
0.6596638655462185,1.1050420168067228,9.99513834162446e-05
0.6672268907563025,1.1050420168067228,0.00010021386256993706
0.6747899159663865,1.1050420168067228,0.00010047634172362956
0.6823529411764706,1.1050420168067228,0.00010073882087732203
0.6899159663865546,1.1050420168067228,0.00010100130003101451
0.6974789915966386,1.1050420168067228,0.00010126377918470699
0.7050420168067226,1.1050420168067228,0.00010142424155353698
0.7126050420168067,1.1050420168067228,0.00010150594125389328
0.7201680672268908,1.1050420168067228,0.00010158764095424958
0.7277310924369748,1.1050420168067228,0.00010166934065460589
0.7352941176470588,1.1050420168067228,0.00010175104035496218
0.7428571428571429,1.1050420168067228,0.0001018327400553185
0.7504201680672269,1.1050420168067228,0.00010191443975567479
0.7579831932773109,1.1050420168067228,0.00010199613945603109
0.7655462184873949,1.1050420168067228,0.0001020778391563874
0.773109243697479,1.1050420168067228,0.00010215953885674369
0.780672268907563,1.1050420168067228,0.00010224123855709999
0.788235294117647,1.1050420168067228,0.00010232293825745628
0.795798319327731,1.1050420168067228,0.0001024046379578126
0.8033613445378152,1.1050420168067228,0.00010252683376755714
0.8109243697478992,1.1050420168067228,0.00010269964971403698
0.8184873949579832,1.1050420168067228,0.0001028724656605168
0.8260504201680672,1.1050420168067228,0.00010304528160699665
0.8336134453781512,1.1050420168067228,0.00010321809755347646
0.8411764705882353,1.1050420168067228,0.0001033909134999563
0.8487394957983193,1.1050420168067228,0.00010356372944643613
0.8563025210084033,1.1050420168067228,0.00010373654539291597
0.8638655462184873,1.1050420168067228,0.00010390936133939581
0.8714285714285714,1.1050420168067228,0.00010408217728587563
0.8789915966386554,1.1050420168067228,0.00010425499323235546
0.8865546218487395,1.1050420168067228,0.0001044278091788353
0.8941176470588235,1.1050420168067228,0.00010460062512531513
0.9016806722689076,1.1050420168067228,0.00010480867296503613
0.9092436974789916,1.1050420168067228,0.00010491813692401008
0.9168067226890756,1.1050420168067228,0.00010504207534019747
0.9243697478991596,1.1050420168067228,0.00010516601375638488
0.9319327731092437,1.1050420168067228,0.00010528995217257228
0.9394957983193277,1.1050420168067228,0.00010541389058875967
0.9470588235294117,1.1050420168067228,0.00010553782900494706
0.9546218487394957,1.1050420168067228,0.00010566176742113446
0.9621848739495799,1.1050420168067228,0.00010578570583732185
0.9697478991596639,1.1050420168067228,0.00010590964425350923
0.9773109243697479,1.1050420168067228,0.00010603358266969664
0.9848739495798319,1.1050420168067228,0.00010615752108588402
0.992436974789916,1.1050420168067228,0.00010628145950207141
1.0,1.1050420168067228,0.00010640539791825882
0.1,1.1218487394957983,3.658164800089951e-05
0.10756302521008404,1.1218487394957983,3.8330541373262504e-05
0.11512605042016807,1.1218487394957983,4.00794347456255e-05
0.12268907563025211,1.1218487394957983,4.18283281179885e-05
0.13025210084033614,1.1218487394957983,4.35772214903515e-05
0.13781512605042018,1.1218487394957983,4.53261148627145e-05
0.1453781512605042,1.1218487394957983,4.7075008235077495e-05
0.15294117647058825,1.1218487394957983,4.88239016074405e-05
0.16050420168067228,1.1218487394957983,5.05727949798035e-05
0.16806722689075632,1.1218487394957983,5.232168835216649e-05
0.17563025210084032,1.1218487394957983,5.4070581724529484e-05
0.18319327731092439,1.1218487394957983,5.5819475096892487e-05
0.1907563025210084,1.1218487394957983,5.763368454034812e-05
0.19831932773109245,1.1218487394957983,5.9676500232628e-05
0.20588235294117646,1.1218487394957983,6.100822781029727e-05
0.21344537815126052,1.1218487394957983,6.213678735522066e-05
0.22100840336134453,1.1218487394957983,6.326534690014404e-05
0.22857142857142856,1.1218487394957983,6.439390644506742e-05
0.2361344537815126,1.1218487394957983,6.55224659899908e-05
0.24369747899159663,1.1218487394957983,6.665102553491419e-05
0.25126050420168067,1.1218487394957983,6.777958507983758e-05
0.2588235294117647,1.1218487394957983,6.890814462476096e-05
0.26638655462184874,1.1218487394957983,7.003670416968435e-05
0.2739495798319328,1.1218487394957983,7.116526371460773e-05
0.2815126050420168,1.1218487394957983,7.229382325953111e-05
0.2890756302521008,1.1218487394957983,7.34223828044545e-05
0.2966386554621849,1.1218487394957983,7.482211404940574e-05
0.30420168067226894,1.1218487394957983,7.587864375042579e-05
0.31176470588235294,1.1218487394957983,7.666061221630092e-05
0.31932773109243695,1.1218487394957983,7.744258068217606e-05
0.326890756302521,1.1218487394957983,7.822454914805118e-05
0.3344537815126051,1.1218487394957983,7.900651761392633e-05
0.3420168067226891,1.1218487394957983,7.978848607980145e-05
0.3495798319327731,1.1218487394957983,8.057045454567658e-05
0.3571428571428571,1.1218487394957983,8.13524230115517e-05
0.3647058823529412,1.1218487394957983,8.213439147742686e-05
0.3722689075630252,1.1218487394957983,8.291635994330199e-05
0.3798319327731092,1.1218487394957983,8.369832840917712e-05
0.38739495798319323,1.1218487394957983,8.448029687505224e-05
0.39495798319327735,1.1218487394957983,8.546079352571928e-05
0.40252100840336136,1.1218487394957983,8.636667689850633e-05
0.41008403361344536,1.1218487394957983,8.700988903850946e-05
0.41764705882352937,1.1218487394957983,8.750380845392451e-05
0.4252100840336135,1.1218487394957983,8.797906627876609e-05
0.4327731092436975,1.1218487394957983,8.845432410360764e-05
0.4403361344537815,1.1218487394957983,8.89295819284492e-05
0.4478991596638655,1.1218487394957983,8.940483975329076e-05
0.4554621848739496,1.1218487394957983,8.988009757813233e-05
0.46302521008403363,1.1218487394957983,9.03553554029739e-05
0.47058823529411764,1.1218487394957983,9.083061322781545e-05
0.47815126050420165,1.1218487394957983,9.1305871052657e-05
0.48571428571428577,1.1218487394957983,9.178112887749857e-05
0.49327731092436977,1.1218487394957983,9.225638670234012e-05
0.5008403361344538,1.1218487394957983,9.273415269889934e-05
0.5084033613445378,1.1218487394957983,9.323198406919981e-05
0.5159663865546219,1.1218487394957983,9.372981543950029e-05
0.5235294117647059,1.1218487394957983,9.422764680980077e-05
0.5310924369747899,1.1218487394957983,9.472547818010125e-05
0.5386554621848739,1.1218487394957983,9.522330955040173e-05
0.546218487394958,1.1218487394957983,9.57211409207022e-05
0.553781512605042,1.1218487394957983,9.621897229100267e-05
0.561344537815126,1.1218487394957983,9.671680366130314e-05
0.5689075630252101,1.1218487394957983,9.721463503160362e-05
0.5764705882352942,1.1218487394957983,9.77124664019041e-05
0.5840336134453782,1.1218487394957983,9.821029777220457e-05
0.5915966386554622,1.1218487394957983,9.868694627862424e-05
0.5991596638655462,1.1218487394957983,9.912122905728222e-05
0.6067226890756302,1.1218487394957983,9.958186617025952e-05
0.6142857142857142,1.1218487394957983,9.995626324121575e-05
0.6218487394957983,1.1218487394957983,0.00010021874239490824
0.6294117647058823,1.1218487394957983,0.0001004812215486007
0.6369747899159663,1.1218487394957983,0.00010074370070229318
0.6445378151260504,1.1218487394957983,0.00010100617985598567
0.6521008403361345,1.1218487394957983,0.00010126865900967816
0.6596638655462185,1.1218487394957983,0.00010153113816337064
0.6672268907563025,1.1218487394957983,0.00010179361731706313
0.6747899159663865,1.1218487394957983,0.00010205609647075559
0.6823529411764706,1.1218487394957983,0.00010231857562444808
0.6899159663865546,1.1218487394957983,0.00010258105477814056
0.6974789915966386,1.1218487394957983,0.00010284353393183304
0.7050420168067226,1.1218487394957983,0.00010302249915135797
0.7126050420168067,1.1218487394957983,0.00010314737217000252
0.7201680672268908,1.1218487394957983,0.00010322907187035882
0.7277310924369748,1.1218487394957983,0.00010331077157071511
0.7352941176470588,1.1218487394957983,0.00010339247127107142
0.7428571428571429,1.1218487394957983,0.00010347417097142774
0.7504201680672269,1.1218487394957983,0.00010355587067178403
0.7579831932773109,1.1218487394957983,0.00010363757037214033
0.7655462184873949,1.1218487394957983,0.00010371927007249663
0.773109243697479,1.1218487394957983,0.00010380096977285294
0.780672268907563,1.1218487394957983,0.00010388266947320924
0.788235294117647,1.1218487394957983,0.00010396436917356553
0.795798319327731,1.1218487394957983,0.00010404606887392184
0.8033613445378152,1.1218487394957983,0.00010416826468366638
0.8109243697478992,1.1218487394957983,0.00010434108063014622
0.8184873949579832,1.1218487394957983,0.00010451389657662605
0.8260504201680672,1.1218487394957983,0.00010468671252310589
0.8336134453781512,1.1218487394957983,0.0001048595284695857
0.8411764705882353,1.1218487394957983,0.00010503234441606554
0.8487394957983193,1.1218487394957983,0.00010520516036254537
0.8563025210084033,1.1218487394957983,0.0001053779763090252
0.8638655462184873,1.1218487394957983,0.00010555079225550505
0.8714285714285714,1.1218487394957983,0.00010572360820198487
0.8789915966386554,1.1218487394957983,0.0001058964241484647
0.8865546218487395,1.1218487394957983,0.00010606924009494454
0.8941176470588235,1.1218487394957983,0.00010639214100355713
0.9016806722689076,1.1218487394957983,0.0001067002454847
0.9092436974789916,1.1218487394957983,0.00010669391378596639
0.9168067226890756,1.1218487394957983,0.00010678890328772689
0.9243697478991596,1.1218487394957983,0.00010691284170391429
0.9319327731092437,1.1218487394957983,0.00010703678012010168
0.9394957983193277,1.1218487394957983,0.00010716071853628907
0.9470588235294117,1.1218487394957983,0.00010728465695247647
0.9546218487394957,1.1218487394957983,0.00010740859536866386
0.9621848739495799,1.1218487394957983,0.00010753253378485125
0.9697478991596639,1.1218487394957983,0.00010765647220103865
0.9773109243697479,1.1218487394957983,0.00010778041061722605
0.9848739495798319,1.1218487394957983,0.00010790434903341343
0.992436974789916,1.1218487394957983,0.00010802828744960083
1.0,1.1218487394957983,0.00010815222586578823
0.1,1.138655462184874,3.6910066617089555e-05
0.10756302521008404,1.138655462184874,3.865895998945255e-05
0.11512605042016807,1.138655462184874,4.0407853361815546e-05
0.12268907563025211,1.138655462184874,4.215674673417855e-05
0.13025210084033614,1.138655462184874,4.3905640106541544e-05
0.13781512605042018,1.138655462184874,4.5654533478904546e-05
0.1453781512605042,1.138655462184874,4.740342685126755e-05
0.15294117647058825,1.138655462184874,4.9152320223630544e-05
0.16050420168067228,1.138655462184874,5.090121359599354e-05
0.16806722689075632,1.138655462184874,5.2650106968356535e-05
0.17563025210084032,1.138655462184874,5.439900034071953e-05
0.18319327731092439,1.138655462184874,5.6245867819721494e-05
0.1907563025210084,1.138655462184874,5.828868351200136e-05
0.19831932773109245,1.138655462184874,6.033149920428124e-05
0.20588235294117646,1.138655462184874,6.166322678195051e-05
0.21344537815126052,1.138655462184874,6.27917863268739e-05
0.22100840336134453,1.138655462184874,6.392034587179728e-05
0.22857142857142856,1.138655462184874,6.504890541672066e-05
0.2361344537815126,1.138655462184874,6.617746496164404e-05
0.24369747899159663,1.138655462184874,6.730602450656743e-05
0.25126050420168067,1.138655462184874,6.843458405149082e-05
0.2588235294117647,1.138655462184874,6.95631435964142e-05
0.26638655462184874,1.138655462184874,7.069170314133759e-05
0.2739495798319328,1.138655462184874,7.182026268626097e-05
0.2815126050420168,1.138655462184874,7.297895242007634e-05
0.2890756302521008,1.138655462184874,7.437868366502754e-05
0.2966386554621849,1.138655462184874,7.577841490997879e-05
0.30420168067226894,1.138655462184874,7.683494461099884e-05
0.31176470588235294,1.138655462184874,7.761691307687398e-05
0.31932773109243695,1.138655462184874,7.839888154274912e-05
0.326890756302521,1.138655462184874,7.918085000862425e-05
0.3344537815126051,1.138655462184874,7.996281847449938e-05
0.3420168067226891,1.138655462184874,8.074478694037452e-05
0.3495798319327731,1.138655462184874,8.152675540624964e-05
0.3571428571428571,1.138655462184874,8.230872387212477e-05
0.3647058823529412,1.138655462184874,8.309069233799992e-05
0.3722689075630252,1.138655462184874,8.387266080387505e-05
0.3798319327731092,1.138655462184874,8.465462926975018e-05
0.38739495798319323,1.138655462184874,8.566348708967318e-05
0.39495798319327735,1.138655462184874,8.670070607885219e-05
0.40252100840336136,1.138655462184874,8.760658945163923e-05
0.41008403361344536,1.138655462184874,8.824980159164236e-05
0.41764705882352937,1.138655462184874,8.889301373164549e-05
0.4252100840336135,1.138655462184874,8.940559473763408e-05
0.4327731092436975,1.138655462184874,8.988085256247563e-05
0.4403361344537815,1.138655462184874,9.03561103873172e-05
0.4478991596638655,1.138655462184874,9.083136821215875e-05
0.4554621848739496,1.138655462184874,9.130662603700031e-05
0.46302521008403363,1.138655462184874,9.178188386184188e-05
0.47058823529411764,1.138655462184874,9.225714168668343e-05
0.47815126050420165,1.138655462184874,9.273239951152498e-05
0.48571428571428577,1.138655462184874,9.320765733636655e-05
0.49327731092436977,1.138655462184874,9.368291516120812e-05
0.5008403361344538,1.138655462184874,9.416068115776732e-05
0.5084033613445378,1.138655462184874,9.46585125280678e-05
0.5159663865546219,1.138655462184874,9.515634389836829e-05
0.5235294117647059,1.138655462184874,9.565417526866876e-05
0.5310924369747899,1.138655462184874,9.615200663896924e-05
0.5386554621848739,1.138655462184874,9.664983800926971e-05
0.546218487394958,1.138655462184874,9.71476693795702e-05
0.553781512605042,1.138655462184874,9.764550074987066e-05
0.561344537815126,1.138655462184874,9.814333212017113e-05
0.5689075630252101,1.138655462184874,9.86411634904716e-05
0.5764705882352942,1.138655462184874,9.913899486077209e-05
0.5840336134453782,1.138655462184874,9.96085824125648e-05
0.5915966386554622,1.138655462184874,0.00010004286519122279
0.5991596638655462,1.138655462184874,0.00010047714796988077
0.6067226890756302,1.138655462184874,0.00010093778508285807
0.6142857142857142,1.138655462184874,0.00010140171648762529
0.6218487394957983,1.138655462184874,0.00010179849714203429
0.6294117647058823,1.138655462184874,0.00010206097629572675
0.6369747899159663,1.138655462184874,0.00010232345544941923
0.6445378151260504,1.138655462184874,0.0001025859346031117
0.6521008403361345,1.138655462184874,0.0001028484137568042
0.6596638655462185,1.138655462184874,0.00010311089291049667
0.6672268907563025,1.138655462184874,0.00010337337206418917
0.6747899159663865,1.138655462184874,0.00010363585121788164
0.6823529411764706,1.138655462184874,0.00010389833037157412
0.6899159663865546,1.138655462184874,0.00010416080952526661
0.6974789915966386,1.138655462184874,0.00010442328867895909
0.7050420168067226,1.138655462184874,0.00010460225389848401
0.7126050420168067,1.138655462184874,0.0001047394621509252
0.7201680672268908,1.138655462184874,0.00010487050278646806
0.7277310924369748,1.138655462184874,0.00010495220248682435
0.7352941176470588,1.138655462184874,0.00010503390218718066
0.7428571428571429,1.138655462184874,0.00010511560188753697
0.7504201680672269,1.138655462184874,0.00010519730158789327
0.7579831932773109,1.138655462184874,0.00010527900128824957
0.7655462184873949,1.138655462184874,0.00010536070098860587
0.773109243697479,1.138655462184874,0.00010544240068896216
0.780672268907563,1.138655462184874,0.00010552410038931848
0.788235294117647,1.138655462184874,0.00010560580008967477
0.795798319327731,1.138655462184874,0.00010568749979003108
0.8033613445378152,1.138655462184874,0.00010580969559977562
0.8109243697478992,1.138655462184874,0.00010598251154625546
0.8184873949579832,1.138655462184874,0.00010615532749273528
0.8260504201680672,1.138655462184874,0.00010632814343921511
0.8336134453781512,1.138655462184874,0.00010650095938569494
0.8411764705882353,1.138655462184874,0.00010667377533217478
0.8487394957983193,1.138655462184874,0.0001068465912786546
0.8563025210084033,1.138655462184874,0.00010701940722513445
0.8638655462184873,1.138655462184874,0.00010719222317161427
0.8714285714285714,1.138655462184874,0.00010736503911809411
0.8789915966386554,1.138655462184874,0.00010753785506457394
0.8865546218487395,1.138655462184874,0.00010788577013354201
0.8941176470588235,1.138655462184874,0.000108283713523221
0.9016806722689076,1.138655462184874,0.00010859181800436386
0.9092436974789916,1.138655462184874,0.00010858548630563024
0.9168067226890756,1.138655462184874,0.00010857915460689663
0.9243697478991596,1.138655462184874,0.00010865966965144369
0.9319327731092437,1.138655462184874,0.00010878360806763108
0.9394957983193277,1.138655462184874,0.00010890754648381848
0.9470588235294117,1.138655462184874,0.00010903148490000588
0.9546218487394957,1.138655462184874,0.00010915542331619328
0.9621848739495799,1.138655462184874,0.00010927936173238067
0.9697478991596639,1.138655462184874,0.00010940330014856805
0.9773109243697479,1.138655462184874,0.00010952723856475546
0.9848739495798319,1.138655462184874,0.00010965117698094284
0.992436974789916,1.138655462184874,0.00010977511539713023
1.0,1.138655462184874,0.00010989905381331764
0.1,1.1554621848739495,3.72384852332796e-05
0.10756302521008404,1.1554621848739495,3.8987378605642596e-05
0.11512605042016807,1.1554621848739495,4.07362719780056e-05
0.12268907563025211,1.1554621848739495,4.2485165350368594e-05
0.13025210084033614,1.1554621848739495,4.4234058722731596e-05
0.13781512605042018,1.1554621848739495,4.598295209509459e-05
0.1453781512605042,1.1554621848739495,4.7731845467457594e-05
0.15294117647058825,1.1554621848739495,4.948073883982059e-05
0.16050420168067228,1.1554621848739495,5.1229632212183585e-05
0.16806722689075632,1.1554621848739495,5.297852558454658e-05
0.17563025210084032,1.1554621848739495,5.4858051099094854e-05
0.18319327731092439,1.1554621848739495,5.690086679137473e-05
0.1907563025210084,1.1554621848739495,5.894368248365459e-05
0.19831932773109245,1.1554621848739495,6.098649817593449e-05
0.20588235294117646,1.1554621848739495,6.231822575360375e-05
0.21344537815126052,1.1554621848739495,6.344678529852714e-05
0.22100840336134453,1.1554621848739495,6.457534484345052e-05
0.22857142857142856,1.1554621848739495,6.57039043883739e-05
0.2361344537815126,1.1554621848739495,6.68324639332973e-05
0.24369747899159663,1.1554621848739495,6.796102347822066e-05
0.25126050420168067,1.1554621848739495,6.908958302314406e-05
0.2588235294117647,1.1554621848739495,7.021814256806744e-05
0.26638655462184874,1.1554621848739495,7.134670211299084e-05
0.2739495798319328,1.1554621848739495,7.253552203569817e-05
0.2815126050420168,1.1554621848739495,7.393525328064939e-05
0.2890756302521008,1.1554621848739495,7.53349845256006e-05
0.2966386554621849,1.1554621848739495,7.673471577055184e-05
0.30420168067226894,1.1554621848739495,7.77912454715719e-05
0.31176470588235294,1.1554621848739495,7.857321393744703e-05
0.31932773109243695,1.1554621848739495,7.935518240332217e-05
0.326890756302521,1.1554621848739495,8.013715086919731e-05
0.3344537815126051,1.1554621848739495,8.091911933507244e-05
0.3420168067226891,1.1554621848739495,8.170108780094757e-05
0.3495798319327731,1.1554621848739495,8.248305626682269e-05
0.3571428571428571,1.1554621848739495,8.326502473269783e-05
0.3647058823529412,1.1554621848739495,8.404699319857297e-05
0.3722689075630252,1.1554621848739495,8.482896166444811e-05
0.3798319327731092,1.1554621848739495,8.586618065362709e-05
0.38739495798319323,1.1554621848739495,8.690339964280609e-05
0.39495798319327735,1.1554621848739495,8.794061863198509e-05
0.40252100840336136,1.1554621848739495,8.884650200477214e-05
0.41008403361344536,1.1554621848739495,8.948971414477527e-05
0.41764705882352937,1.1554621848739495,9.01329262847784e-05
0.4252100840336135,1.1554621848739495,9.077613842478152e-05
0.4327731092436975,1.1554621848739495,9.130738102134362e-05
0.4403361344537815,1.1554621848739495,9.178263884618518e-05
0.4478991596638655,1.1554621848739495,9.225789667102673e-05
0.4554621848739496,1.1554621848739495,9.27331544958683e-05
0.46302521008403363,1.1554621848739495,9.320841232070986e-05
0.47058823529411764,1.1554621848739495,9.368367014555141e-05
0.47815126050420165,1.1554621848739495,9.415892797039298e-05
0.48571428571428577,1.1554621848739495,9.463418579523455e-05
0.49327731092436977,1.1554621848739495,9.51094436200761e-05
0.5008403361344538,1.1554621848739495,9.558720961663532e-05
0.5084033613445378,1.1554621848739495,9.608504098693578e-05
0.5159663865546219,1.1554621848739495,9.658287235723627e-05
0.5235294117647059,1.1554621848739495,9.708070372753675e-05
0.5310924369747899,1.1554621848739495,9.757853509783722e-05
0.5386554621848739,1.1554621848739495,9.80763664681377e-05
0.546218487394958,1.1554621848739495,9.857419783843819e-05
0.553781512605042,1.1554621848739495,9.907202920873865e-05
0.561344537815126,1.1554621848739495,9.956986057903912e-05
0.5689075630252101,1.1554621848739495,0.0001000676919493396
0.5764705882352942,1.1554621848739495,0.00010053021854650537
0.5840336134453782,1.1554621848739495,0.00010096450132516335
0.5915966386554622,1.1554621848739495,0.00010139878410382134
0.5991596638655462,1.1554621848739495,0.0001018330668824793
0.6067226890756302,1.1554621848739495,0.00010229370399545662
0.6142857142857142,1.1554621848739495,0.00010275763540022383
0.6218487394957983,1.1554621848739495,0.00010322156680499106
0.6294117647058823,1.1554621848739495,0.0001036407310428528
0.6369747899159663,1.1554621848739495,0.0001039032101965453
0.6445378151260504,1.1554621848739495,0.00010416568935023777
0.6521008403361345,1.1554621848739495,0.00010442816850393025
0.6596638655462185,1.1554621848739495,0.00010469064765762272
0.6672268907563025,1.1554621848739495,0.0001049531268113152
0.6747899159663865,1.1554621848739495,0.00010521560596500769
0.6823529411764706,1.1554621848739495,0.00010547808511870017
0.6899159663865546,1.1554621848739495,0.00010574056427239265
0.6974789915966386,1.1554621848739495,0.00010600304342608512
0.7050420168067226,1.1554621848739495,0.00010618200864561006
0.7126050420168067,1.1554621848739495,0.00010631921689805125
0.7201680672268908,1.1554621848739495,0.00010645642515049242
0.7277310924369748,1.1554621848739495,0.00010659363340293359
0.7352941176470588,1.1554621848739495,0.00010667533310328991
0.7428571428571429,1.1554621848739495,0.0001067570328036462
0.7504201680672269,1.1554621848739495,0.0001068387325040025
0.7579831932773109,1.1554621848739495,0.00010692043220435881
0.7655462184873949,1.1554621848739495,0.00010700213190471511
0.773109243697479,1.1554621848739495,0.0001070838316050714
0.780672268907563,1.1554621848739495,0.00010716553130542771
0.788235294117647,1.1554621848739495,0.00010724723100578401
0.795798319327731,1.1554621848739495,0.00010732893070614032
0.8033613445378152,1.1554621848739495,0.00010745112651588486
0.8109243697478992,1.1554621848739495,0.0001076239424623647
0.8184873949579832,1.1554621848739495,0.00010779675840884452
0.8260504201680672,1.1554621848739495,0.00010796957435532435
0.8336134453781512,1.1554621848739495,0.00010814239030180418
0.8411764705882353,1.1554621848739495,0.00010831520624828402
0.8487394957983193,1.1554621848739495,0.00010848802219476384
0.8563025210084033,1.1554621848739495,0.00010866083814124368
0.8638655462184873,1.1554621848739495,0.00010883365408772351
0.8714285714285714,1.1554621848739495,0.00010900647003420335
0.8789915966386554,1.1554621848739495,0.00010937939926352687
0.8865546218487395,1.1554621848739495,0.00010977734265320586
0.8941176470588235,1.1554621848739495,0.00011017528604288485
0.9016806722689076,1.1554621848739495,0.00011048339052402771
0.9092436974789916,1.1554621848739495,0.0001104770588252941
0.9168067226890756,1.1554621848739495,0.00011047072712656049
0.9243697478991596,1.1554621848739495,0.00011046439542782688
0.9319327731092437,1.1554621848739495,0.00011053043601516049
0.9394957983193277,1.1554621848739495,0.00011065437443134788
0.9470588235294117,1.1554621848739495,0.00011077831284753529
0.9546218487394957,1.1554621848739495,0.00011090225126372267
0.9621848739495799,1.1554621848739495,0.00011102618967991006
0.9697478991596639,1.1554621848739495,0.00011115012809609747
0.9773109243697479,1.1554621848739495,0.00011127406651228485
0.9848739495798319,1.1554621848739495,0.00011139800492847224
0.992436974789916,1.1554621848739495,0.00011152194334465964
1.0,1.1554621848739495,0.00011164588176084704
0.1,1.172268907563025,3.756690384946965e-05
0.10756302521008404,1.172268907563025,3.931579722183265e-05
0.11512605042016807,1.172268907563025,4.1064690594195645e-05
0.12268907563025211,1.172268907563025,4.281358396655864e-05
0.13025210084033614,1.172268907563025,4.456247733892164e-05
0.13781512605042018,1.172268907563025,4.631137071128464e-05
0.1453781512605042,1.172268907563025,4.806026408364764e-05
0.15294117647058825,1.172268907563025,4.9809157456010636e-05
0.16050420168067228,1.172268907563025,5.155805082837363e-05
0.16806722689075632,1.172268907563025,5.347023437846822e-05
0.17563025210084032,1.172268907563025,5.551305007074809e-05
0.18319327731092439,1.172268907563025,5.755586576302797e-05
0.1907563025210084,1.172268907563025,5.959868145530783e-05
0.19831932773109245,1.172268907563025,6.164149714758772e-05
0.20588235294117646,1.172268907563025,6.2973224725257e-05
0.21344537815126052,1.172268907563025,6.410178427018038e-05
0.22100840336134453,1.172268907563025,6.523034381510376e-05
0.22857142857142856,1.172268907563025,6.635890336002714e-05
0.2361344537815126,1.172268907563025,6.748746290495054e-05
0.24369747899159663,1.172268907563025,6.86160224498739e-05
0.25126050420168067,1.172268907563025,6.97445819947973e-05
0.2588235294117647,1.172268907563025,7.087314153972068e-05
0.26638655462184874,1.172268907563025,7.209209165132001e-05
0.2739495798319328,1.172268907563025,7.349182289627123e-05
0.2815126050420168,1.172268907563025,7.489155414122245e-05
0.2890756302521008,1.172268907563025,7.629128538617367e-05
0.2966386554621849,1.172268907563025,7.769101663112489e-05
0.30420168067226894,1.172268907563025,7.874754633214497e-05
0.31176470588235294,1.172268907563025,7.95295147980201e-05
0.31932773109243695,1.172268907563025,8.031148326389522e-05
0.326890756302521,1.172268907563025,8.109345172977036e-05
0.3344537815126051,1.172268907563025,8.18754201956455e-05
0.3420168067226891,1.172268907563025,8.265738866152062e-05
0.3495798319327731,1.172268907563025,8.343935712739576e-05
0.3571428571428571,1.172268907563025,8.422132559327088e-05
0.3647058823529412,1.172268907563025,8.503165522840202e-05
0.3722689075630252,1.172268907563025,8.6068874217581e-05
0.3798319327731092,1.172268907563025,8.710609320676001e-05
0.38739495798319323,1.172268907563025,8.8143312195939e-05
0.39495798319327735,1.172268907563025,8.9180531185118e-05
0.40252100840336136,1.172268907563025,9.008641455790504e-05
0.41008403361344536,1.172268907563025,9.072962669790817e-05
0.41764705882352937,1.172268907563025,9.13728388379113e-05
0.4252100840336135,1.172268907563025,9.201605097791444e-05
0.4327731092436975,1.172268907563025,9.265926311791757e-05
0.4403361344537815,1.172268907563025,9.320916730505316e-05
0.4478991596638655,1.172268907563025,9.368442512989473e-05
0.4554621848739496,1.172268907563025,9.415968295473628e-05
0.46302521008403363,1.172268907563025,9.463494077957786e-05
0.47058823529411764,1.172268907563025,9.511019860441941e-05
0.47815126050420165,1.172268907563025,9.558545642926096e-05
0.48571428571428577,1.172268907563025,9.606071425410253e-05
0.49327731092436977,1.172268907563025,9.653597207894408e-05
0.5008403361344538,1.172268907563025,9.701373807550329e-05
0.5084033613445378,1.172268907563025,9.751156944580378e-05
0.5159663865546219,1.172268907563025,9.800940081610425e-05
0.5235294117647059,1.172268907563025,9.850723218640473e-05
0.5310924369747899,1.172268907563025,9.90050635567052e-05
0.5386554621848739,1.172268907563025,9.950289492700568e-05
0.546218487394958,1.172268907563025,0.00010000072629730616
0.553781512605042,1.172268907563025,0.00010049855766760663
0.561344537815126,1.172268907563025,0.00010099638903790711
0.5689075630252101,1.172268907563025,0.00010145185468044594
0.5764705882352942,1.172268907563025,0.00010188613745910392
0.5840336134453782,1.172268907563025,0.0001023204202377619
0.5915966386554622,1.172268907563025,0.00010275470301641987
0.5991596638655462,1.172268907563025,0.00010318898579507785
0.6067226890756302,1.172268907563025,0.00010364962290805516
0.6142857142857142,1.172268907563025,0.00010411355431282238
0.6218487394957983,1.172268907563025,0.00010457748571758961
0.6294117647058823,1.172268907563025,0.00010504141712235685
0.6369747899159663,1.172268907563025,0.00010548296494367133
0.6445378151260504,1.172268907563025,0.00010574544409736381
0.6521008403361345,1.172268907563025,0.0001060079232510563
0.6596638655462185,1.172268907563025,0.00010627040240474878
0.6672268907563025,1.172268907563025,0.00010653288155844125
0.6747899159663865,1.172268907563025,0.00010679536071213373
0.6823529411764706,1.172268907563025,0.00010705783986582622
0.6899159663865546,1.172268907563025,0.0001073203190195187
0.6974789915966386,1.172268907563025,0.00010758279817321117
0.7050420168067226,1.172268907563025,0.00010776176339273611
0.7126050420168067,1.172268907563025,0.0001078989716451773
0.7201680672268908,1.172268907563025,0.00010803617989761847
0.7277310924369748,1.172268907563025,0.00010817338815005963
0.7352941176470588,1.172268907563025,0.00010831059640250082
0.7428571428571429,1.172268907563025,0.00010839846371975544
0.7504201680672269,1.172268907563025,0.00010848016342011173
0.7579831932773109,1.172268907563025,0.00010856186312046803
0.7655462184873949,1.172268907563025,0.00010864356282082434
0.773109243697479,1.172268907563025,0.00010872526252118064
0.780672268907563,1.172268907563025,0.00010880696222153693
0.788235294117647,1.172268907563025,0.00010888866192189325
0.795798319327731,1.172268907563025,0.00010897036162224954
0.8033613445378152,1.172268907563025,0.0001090925574319941
0.8109243697478992,1.172268907563025,0.00010926537337847392
0.8184873949579832,1.172268907563025,0.00010943818932495376
0.8260504201680672,1.172268907563025,0.00010961100527143359
0.8336134453781512,1.172268907563025,0.00010978382121791342
0.8411764705882353,1.172268907563025,0.00010995663716439324
0.8487394957983193,1.172268907563025,0.00011012945311087308
0.8563025210084033,1.172268907563025,0.00011030226905735291
0.8638655462184873,1.172268907563025,0.00011047508500383275
0.8714285714285714,1.172268907563025,0.00011087302839351174
0.8789915966386554,1.172268907563025,0.00011127097178319073
0.8865546218487395,1.172268907563025,0.00011166891517286973
0.8941176470588235,1.172268907563025,0.00011206685856254871
0.9016806722689076,1.172268907563025,0.00011237496304369158
0.9092436974789916,1.172268907563025,0.00011236863134495797
0.9168067226890756,1.172268907563025,0.00011236229964622434
0.9243697478991596,1.172268907563025,0.00011235596794749073
0.9319327731092437,1.172268907563025,0.00011234963624875712
0.9394957983193277,1.172268907563025,0.00011240120237887728
0.9470588235294117,1.172268907563025,0.00011252514079506469
0.9546218487394957,1.172268907563025,0.00011264907921125207
0.9621848739495799,1.172268907563025,0.00011277301762743948
0.9697478991596639,1.172268907563025,0.00011289695604362687
0.9773109243697479,1.172268907563025,0.00011302089445981425
0.9848739495798319,1.172268907563025,0.00011314483287600166
0.992436974789916,1.172268907563025,0.00011326877129218905
1.0,1.172268907563025,0.00011339270970837643
0.1,1.1890756302521008,3.78953224656597e-05
0.10756302521008404,1.1890756302521008,3.964421583802269e-05
0.11512605042016807,1.1890756302521008,4.139310921038569e-05
0.12268907563025211,1.1890756302521008,4.3142002582748686e-05
0.13025210084033614,1.1890756302521008,4.489089595511169e-05
0.13781512605042018,1.1890756302521008,4.663978932747469e-05
0.1453781512605042,1.1890756302521008,4.8388682699837687e-05
0.15294117647058825,1.1890756302521008,5.013757607220068e-05
0.16050420168067228,1.1890756302521008,5.20824176578416e-05
0.16806722689075632,1.1890756302521008,5.412523335012147e-05
0.17563025210084032,1.1890756302521008,5.616804904240133e-05
0.18319327731092439,1.1890756302521008,5.821086473468121e-05
0.1907563025210084,1.1890756302521008,6.025368042696108e-05
0.19831932773109245,1.1890756302521008,6.229649611924097e-05
0.20588235294117646,1.1890756302521008,6.362822369691023e-05
0.21344537815126052,1.1890756302521008,6.475678324183363e-05
0.22100840336134453,1.1890756302521008,6.588534278675701e-05
0.22857142857142856,1.1890756302521008,6.70139023316804e-05
0.2361344537815126,1.1890756302521008,6.814246187660378e-05
0.24369747899159663,1.1890756302521008,6.927102142152716e-05
0.25126050420168067,1.1890756302521008,7.039958096645054e-05
0.2588235294117647,1.1890756302521008,7.164866126694185e-05
0.26638655462184874,1.1890756302521008,7.304839251189307e-05
0.2739495798319328,1.1890756302521008,7.444812375684431e-05
0.2815126050420168,1.1890756302521008,7.584785500179551e-05
0.2890756302521008,1.1890756302521008,7.724758624674673e-05
0.2966386554621849,1.1890756302521008,7.864731749169797e-05
0.30420168067226894,1.1890756302521008,7.970384719271803e-05
0.31176470588235294,1.1890756302521008,8.048581565859317e-05
0.31932773109243695,1.1890756302521008,8.12677841244683e-05
0.326890756302521,1.1890756302521008,8.204975259034342e-05
0.3344537815126051,1.1890756302521008,8.283172105621857e-05
0.3420168067226891,1.1890756302521008,8.361368952209369e-05
0.3495798319327731,1.1890756302521008,8.439565798796883e-05
0.3571428571428571,1.1890756302521008,8.523434879235592e-05
0.3647058823529412,1.1890756302521008,8.627156778153494e-05
0.3722689075630252,1.1890756302521008,8.730878677071393e-05
0.3798319327731092,1.1890756302521008,8.834600575989293e-05
0.38739495798319323,1.1890756302521008,8.938322474907191e-05
0.39495798319327735,1.1890756302521008,9.042044373825093e-05
0.40252100840336136,1.1890756302521008,9.132632711103796e-05
0.41008403361344536,1.1890756302521008,9.196953925104109e-05
0.41764705882352937,1.1890756302521008,9.261275139104423e-05
0.4252100840336135,1.1890756302521008,9.325596353104736e-05
0.4327731092436975,1.1890756302521008,9.38991756710505e-05
0.4403361344537815,1.1890756302521008,9.454238781105363e-05
0.4478991596638655,1.1890756302521008,9.511095358876274e-05
0.4554621848739496,1.1890756302521008,9.558621141360429e-05
0.46302521008403363,1.1890756302521008,9.606146923844586e-05
0.47058823529411764,1.1890756302521008,9.653672706328741e-05
0.47815126050420165,1.1890756302521008,9.701198488812896e-05
0.48571428571428577,1.1890756302521008,9.748724271297054e-05
0.49327731092436977,1.1890756302521008,9.79625005378121e-05
0.5008403361344538,1.1890756302521008,9.84402665343713e-05
0.5084033613445378,1.1890756302521008,9.893809790467178e-05
0.5159663865546219,1.1890756302521008,9.943592927497225e-05
0.5235294117647059,1.1890756302521008,9.993376064527274e-05
0.5310924369747899,1.1890756302521008,0.00010043159201557322
0.5386554621848739,1.1890756302521008,0.00010092942338587369
0.546218487394958,1.1890756302521008,0.00010142725475617417
0.553781512605042,1.1890756302521008,0.00010192508612647463
0.561344537815126,1.1890756302521008,0.00010237349081438652
0.5689075630252101,1.1890756302521008,0.0001028077735930445
0.5764705882352942,1.1890756302521008,0.00010324205637170248
0.5840336134453782,1.1890756302521008,0.00010367633915036047
0.5915966386554622,1.1890756302521008,0.00010411062192901845
0.5991596638655462,1.1890756302521008,0.00010454490470767643
0.6067226890756302,1.1890756302521008,0.00010500554182065375
0.6142857142857142,1.1890756302521008,0.00010546947322542097
0.6218487394957983,1.1890756302521008,0.00010593340463018819
0.6294117647058823,1.1890756302521008,0.00010639733603495541
0.6369747899159663,1.1890756302521008,0.00010686126743972264
0.6445378151260504,1.1890756302521008,0.00010732519884448986
0.6521008403361345,1.1890756302521008,0.00010758767799818236
0.6596638655462185,1.1890756302521008,0.00010785015715187484
0.6672268907563025,1.1890756302521008,0.00010811263630556732
0.6747899159663865,1.1890756302521008,0.0001083751154592598
0.6823529411764706,1.1890756302521008,0.00010863759461295228
0.6899159663865546,1.1890756302521008,0.00010890007376664477
0.6974789915966386,1.1890756302521008,0.00010916255292033724
0.7050420168067226,1.1890756302521008,0.00010934151813986217
0.7126050420168067,1.1890756302521008,0.00010947872639230336
0.7201680672268908,1.1890756302521008,0.00010961593464474453
0.7277310924369748,1.1890756302521008,0.0001097531428971857
0.7352941176470588,1.1890756302521008,0.00010989035114962688
0.7428571428571429,1.1890756302521008,0.00011002755940206807
0.7504201680672269,1.1890756302521008,0.000110121594336221
0.7579831932773109,1.1890756302521008,0.0001102032940365773
0.7655462184873949,1.1890756302521008,0.0001102849937369336
0.773109243697479,1.1890756302521008,0.00011036669343728991
0.780672268907563,1.1890756302521008,0.0001104483931376462
0.788235294117647,1.1890756302521008,0.00011053009283800252
0.795798319327731,1.1890756302521008,0.00011061179253835881
0.8033613445378152,1.1890756302521008,0.00011073398834810335
0.8109243697478992,1.1890756302521008,0.00011090680429458319
0.8184873949579832,1.1890756302521008,0.00011107962024106303
0.8260504201680672,1.1890756302521008,0.00011125243618754286
0.8336134453781512,1.1890756302521008,0.0001114252521340227
0.8411764705882353,1.1890756302521008,0.00011159806808050252
0.8487394957983193,1.1890756302521008,0.00011177088402698235
0.8563025210084033,1.1890756302521008,0.00011196871413381764
0.8638655462184873,1.1890756302521008,0.00011236665752349664
0.8714285714285714,1.1890756302521008,0.00011276460091317563
0.8789915966386554,1.1890756302521008,0.00011316254430285462
0.8865546218487395,1.1890756302521008,0.0001135604876925336
0.8941176470588235,1.1890756302521008,0.00011395843108221259
0.9016806722689076,1.1890756302521008,0.00011426653556335546
0.9092436974789916,1.1890756302521008,0.00011426020386462185
0.9168067226890756,1.1890756302521008,0.00011425387216588824
0.9243697478991596,1.1890756302521008,0.00011424754046715462
0.9319327731092437,1.1890756302521008,0.00011424120876842101
0.9394957983193277,1.1890756302521008,0.0001142348770696874
0.9470588235294117,1.1890756302521008,0.00011427196874259412
0.9546218487394957,1.1890756302521008,0.0001143959071587815
0.9621848739495799,1.1890756302521008,0.0001145198455749689
0.9697478991596639,1.1890756302521008,0.0001146437839911563
0.9773109243697479,1.1890756302521008,0.0001147677224073437
0.9848739495798319,1.1890756302521008,0.00011489166082353109
0.992436974789916,1.1890756302521008,0.00011501559923971848
1.0,1.1890756302521008,0.00011513953765590586
0.1,1.2058823529411764,3.822374108184974e-05
0.10756302521008404,1.2058823529411764,3.9972634454212735e-05
0.11512605042016807,1.2058823529411764,4.172152782657573e-05
0.12268907563025211,1.2058823529411764,4.347042119893873e-05
0.13025210084033614,1.2058823529411764,4.5219314571301735e-05
0.13781512605042018,1.2058823529411764,4.696820794366473e-05
0.1453781512605042,1.2058823529411764,4.8717101316027726e-05
0.15294117647058825,1.2058823529411764,5.069460093721496e-05
0.16050420168067228,1.2058823529411764,5.2737416629494833e-05
0.16806722689075632,1.2058823529411764,5.4780232321774707e-05
0.17563025210084032,1.2058823529411764,5.682304801405457e-05
0.18319327731092439,1.2058823529411764,5.886586370633446e-05
0.1907563025210084,1.2058823529411764,6.0908679398614326e-05
0.19831932773109245,1.2058823529411764,6.29514950908942e-05
0.20588235294117646,1.2058823529411764,6.428322266856347e-05
0.21344537815126052,1.2058823529411764,6.541178221348686e-05
0.22100840336134453,1.2058823529411764,6.654034175841024e-05
0.22857142857142856,1.2058823529411764,6.766890130333362e-05
0.2361344537815126,1.2058823529411764,6.879746084825702e-05
0.24369747899159663,1.2058823529411764,6.99260203931804e-05
0.25126050420168067,1.2058823529411764,7.12052308825637e-05
0.2588235294117647,1.2058823529411764,7.26049621275149e-05
0.26638655462184874,1.2058823529411764,7.400469337246614e-05
0.2739495798319328,1.2058823529411764,7.540442461741736e-05
0.2815126050420168,1.2058823529411764,7.680415586236858e-05
0.2890756302521008,1.2058823529411764,7.82038871073198e-05
0.2966386554621849,1.2058823529411764,7.960361835227102e-05
0.30420168067226894,1.2058823529411764,8.066014805329109e-05
0.31176470588235294,1.2058823529411764,8.144211651916622e-05
0.31932773109243695,1.2058823529411764,8.222408498504136e-05
0.326890756302521,1.2058823529411764,8.300605345091649e-05
0.3344537815126051,1.2058823529411764,8.378802191679162e-05
0.3420168067226891,1.2058823529411764,8.456999038266676e-05
0.3495798319327731,1.2058823529411764,8.543704235630984e-05
0.3571428571428571,1.2058823529411764,8.647426134548884e-05
0.3647058823529412,1.2058823529411764,8.751148033466784e-05
0.3722689075630252,1.2058823529411764,8.854869932384683e-05
0.3798319327731092,1.2058823529411764,8.958591831302583e-05
0.38739495798319323,1.2058823529411764,9.062313730220482e-05
0.39495798319327735,1.2058823529411764,9.166035629138383e-05
0.40252100840336136,1.2058823529411764,9.256623966417087e-05
0.41008403361344536,1.2058823529411764,9.3209451804174e-05
0.41764705882352937,1.2058823529411764,9.385266394417714e-05
0.4252100840336135,1.2058823529411764,9.449587608418027e-05
0.4327731092436975,1.2058823529411764,9.513908822418341e-05
0.4403361344537815,1.2058823529411764,9.578230036418654e-05
0.4478991596638655,1.2058823529411764,9.642551250418967e-05
0.4554621848739496,1.2058823529411764,9.701273987247227e-05
0.46302521008403363,1.2058823529411764,9.748799769731383e-05
0.47058823529411764,1.2058823529411764,9.796325552215538e-05
0.47815126050420165,1.2058823529411764,9.843851334699695e-05
0.48571428571428577,1.2058823529411764,9.891377117183851e-05
0.49327731092436977,1.2058823529411764,9.938902899668006e-05
0.5008403361344538,1.2058823529411764,9.986679499323928e-05
0.5084033613445378,1.2058823529411764,0.00010036462636353977
0.5159663865546219,1.2058823529411764,0.00010086245773384025
0.5235294117647059,1.2058823529411764,0.00010136028910414072
0.5310924369747899,1.2058823529411764,0.0001018581204744412
0.5386554621848739,1.2058823529411764,0.00010235595184474168
0.546218487394958,1.2058823529411764,0.00010285378321504215
0.553781512605042,1.2058823529411764,0.00010329512694832709
0.561344537815126,1.2058823529411764,0.00010372940972698507
0.5689075630252101,1.2058823529411764,0.00010416369250564305
0.5764705882352942,1.2058823529411764,0.00010459797528430103
0.5840336134453782,1.2058823529411764,0.00010503225806295902
0.5915966386554622,1.2058823529411764,0.000105466540841617
0.5991596638655462,1.2058823529411764,0.00010590082362027498
0.6067226890756302,1.2058823529411764,0.00010636146073325228
0.6142857142857142,1.2058823529411764,0.00010682539213801952
0.6218487394957983,1.2058823529411764,0.00010728932354278674
0.6294117647058823,1.2058823529411764,0.00010775325494755396
0.6369747899159663,1.2058823529411764,0.00010821718635232119
0.6445378151260504,1.2058823529411764,0.00010868111775708841
0.6521008403361345,1.2058823529411764,0.00010914504916185566
0.6596638655462185,1.2058823529411764,0.00010942991189900088
0.6672268907563025,1.2058823529411764,0.00010969239105269335
0.6747899159663865,1.2058823529411764,0.00010995487020638583
0.6823529411764706,1.2058823529411764,0.00011021734936007832
0.6899159663865546,1.2058823529411764,0.0001104798285137708
0.6974789915966386,1.2058823529411764,0.00011074230766746327
0.7050420168067226,1.2058823529411764,0.00011092127288698821
0.7126050420168067,1.2058823529411764,0.0001110584811394294
0.7201680672268908,1.2058823529411764,0.00011119568939187058
0.7277310924369748,1.2058823529411764,0.00011133289764431174
0.7352941176470588,1.2058823529411764,0.00011147010589675292
0.7428571428571429,1.2058823529411764,0.00011160731414919412
0.7504201680672269,1.2058823529411764,0.00011174452240163528
0.7579831932773109,1.2058823529411764,0.00011184472495268654
0.7655462184873949,1.2058823529411764,0.00011192642465304284
0.773109243697479,1.2058823529411764,0.00011200812435339915
0.780672268907563,1.2058823529411764,0.00011208982405375545
0.788235294117647,1.2058823529411764,0.00011217152375411174
0.795798319327731,1.2058823529411764,0.00011225322345446805
0.8033613445378152,1.2058823529411764,0.00011237541926421259
0.8109243697478992,1.2058823529411764,0.00011254823521069243
0.8184873949579832,1.2058823529411764,0.00011272105115717226
0.8260504201680672,1.2058823529411764,0.0001128938671036521
0.8336134453781512,1.2058823529411764,0.00011306668305013192
0.8411764705882353,1.2058823529411764,0.00011323949899661175
0.8487394957983193,1.2058823529411764,0.00011346234326380249
0.8563025210084033,1.2058823529411764,0.0001138602866534815
0.8638655462184873,1.2058823529411764,0.0001142582300431605
0.8714285714285714,1.2058823529411764,0.00011465617343283948
0.8789915966386554,1.2058823529411764,0.00011505411682251847
0.8865546218487395,1.2058823529411764,0.00011545206021219747
0.8941176470588235,1.2058823529411764,0.00011585000360187646
0.9016806722689076,1.2058823529411764,0.00011615810808301931
0.9092436974789916,1.2058823529411764,0.0001161517763842857
0.9168067226890756,1.2058823529411764,0.00011614544468555209
0.9243697478991596,1.2058823529411764,0.00011613911298681848
0.9319327731092437,1.2058823529411764,0.00011613278128808487
0.9394957983193277,1.2058823529411764,0.00011612644958935125
0.9470588235294117,1.2058823529411764,0.00011612011789061763
0.9546218487394957,1.2058823529411764,0.00011614273510631092
0.9621848739495799,1.2058823529411764,0.00011626667352249831
0.9697478991596639,1.2058823529411764,0.0001163906119386857
0.9773109243697479,1.2058823529411764,0.0001165145503548731
0.9848739495798319,1.2058823529411764,0.00011663848877106048
0.992436974789916,1.2058823529411764,0.00011676242718724787
1.0,1.2058823529411764,0.00011688636560343528
0.1,1.2226890756302522,3.855215969803979e-05
0.10756302521008404,1.2226890756302522,4.030105307040279e-05
0.11512605042016807,1.2226890756302522,4.204994644276578e-05
0.12268907563025211,1.2226890756302522,4.3798839815128785e-05
0.13025210084033614,1.2226890756302522,4.554773318749178e-05
0.13781512605042018,1.2226890756302522,4.729662655985478e-05
0.1453781512605042,1.2226890756302522,4.9306784216588334e-05
0.15294117647058825,1.2226890756302522,5.1349599908868214e-05
0.16050420168067228,1.2226890756302522,5.339241560114809e-05
0.16806722689075632,1.2226890756302522,5.543523129342796e-05
0.17563025210084032,1.2226890756302522,5.7478046985707826e-05
0.18319327731092439,1.2226890756302522,5.9520862677987706e-05
0.1907563025210084,1.2226890756302522,6.156367837026757e-05
0.19831932773109245,1.2226890756302522,6.360649406254745e-05
0.20588235294117646,1.2226890756302522,6.493822164021671e-05
0.21344537815126052,1.2226890756302522,6.606678118514011e-05
0.22100840336134453,1.2226890756302522,6.719534073006349e-05
0.22857142857142856,1.2226890756302522,6.832390027498689e-05
0.2361344537815126,1.2226890756302522,6.945245981991027e-05
0.24369747899159663,1.2226890756302522,7.076180049818554e-05
0.25126050420168067,1.2226890756302522,7.216153174313676e-05
0.2588235294117647,1.2226890756302522,7.356126298808798e-05
0.26638655462184874,1.2226890756302522,7.49609942330392e-05
0.2739495798319328,1.2226890756302522,7.636072547799043e-05
0.2815126050420168,1.2226890756302522,7.776045672294165e-05
0.2890756302521008,1.2226890756302522,7.916018796789287e-05
0.2966386554621849,1.2226890756302522,8.055991921284409e-05
0.30420168067226894,1.2226890756302522,8.161644891386416e-05
0.31176470588235294,1.2226890756302522,8.239841737973928e-05
0.31932773109243695,1.2226890756302522,8.318038584561442e-05
0.326890756302521,1.2226890756302522,8.396235431148955e-05
0.3344537815126051,1.2226890756302522,8.474432277736469e-05
0.3420168067226891,1.2226890756302522,8.563973592026377e-05
0.3495798319327731,1.2226890756302522,8.667695490944276e-05
0.3571428571428571,1.2226890756302522,8.771417389862175e-05
0.3647058823529412,1.2226890756302522,8.875139288780076e-05
0.3722689075630252,1.2226890756302522,8.978861187697975e-05
0.3798319327731092,1.2226890756302522,9.082583086615875e-05
0.38739495798319323,1.2226890756302522,9.186304985533775e-05
0.39495798319327735,1.2226890756302522,9.290026884451675e-05
0.40252100840336136,1.2226890756302522,9.38061522173038e-05
0.41008403361344536,1.2226890756302522,9.444936435730693e-05
0.41764705882352937,1.2226890756302522,9.509257649731006e-05
0.4252100840336135,1.2226890756302522,9.57357886373132e-05
0.4327731092436975,1.2226890756302522,9.637900077731633e-05
0.4403361344537815,1.2226890756302522,9.702221291731946e-05
0.4478991596638655,1.2226890756302522,9.766542505732259e-05
0.4554621848739496,1.2226890756302522,9.830863719732573e-05
0.46302521008403363,1.2226890756302522,9.891452615618184e-05
0.47058823529411764,1.2226890756302522,9.938978398102339e-05
0.47815126050420165,1.2226890756302522,9.986504180586496e-05
0.48571428571428577,1.2226890756302522,0.00010034029963070651
0.49327731092436977,1.2226890756302522,0.00010081555745554806
0.5008403361344538,1.2226890756302522,0.0001012933234521073
0.5084033613445378,1.2226890756302522,0.00010179115482240777
0.5159663865546219,1.2226890756302522,0.00010228898619270825
0.5235294117647059,1.2226890756302522,0.00010278681756300872
0.5310924369747899,1.2226890756302522,0.00010328464893330921
0.5386554621848739,1.2226890756302522,0.00010378248030360969
0.546218487394958,1.2226890756302522,0.00010421676308226767
0.553781512605042,1.2226890756302522,0.00010465104586092565
0.561344537815126,1.2226890756302522,0.00010508532863958363
0.5689075630252101,1.2226890756302522,0.00010551961141824162
0.5764705882352942,1.2226890756302522,0.0001059538941968996
0.5840336134453782,1.2226890756302522,0.00010638817697555759
0.5915966386554622,1.2226890756302522,0.00010682245975421558
0.5991596638655462,1.2226890756302522,0.00010725674253287356
0.6067226890756302,1.2226890756302522,0.00010771737964585086
0.6142857142857142,1.2226890756302522,0.0001081813110506181
0.6218487394957983,1.2226890756302522,0.00010864524245538532
0.6294117647058823,1.2226890756302522,0.00010910917386015254
0.6369747899159663,1.2226890756302522,0.00010957310526491976
0.6445378151260504,1.2226890756302522,0.00011003703666968698
0.6521008403361345,1.2226890756302522,0.00011050096807445423
0.6596638655462185,1.2226890756302522,0.00011096489947922146
0.6672268907563025,1.2226890756302522,0.00011127214579981942
0.6747899159663865,1.2226890756302522,0.00011153462495351191
0.6823529411764706,1.2226890756302522,0.00011179710410720438
0.6899159663865546,1.2226890756302522,0.00011205958326089688
0.6974789915966386,1.2226890756302522,0.00011232206241458934
0.7050420168067226,1.2226890756302522,0.00011250102763411427
0.7126050420168067,1.2226890756302522,0.00011263823588655546
0.7201680672268908,1.2226890756302522,0.00011277544413899665
0.7277310924369748,1.2226890756302522,0.00011291265239143781
0.7352941176470588,1.2226890756302522,0.000113049860643879
0.7428571428571429,1.2226890756302522,0.00011318706889632018
0.7504201680672269,1.2226890756302522,0.00011332427714876134
0.7579831932773109,1.2226890756302522,0.00011346148540120251
0.7655462184873949,1.2226890756302522,0.0001135678555691521
0.773109243697479,1.2226890756302522,0.0001136495552695084
0.780672268907563,1.2226890756302522,0.0001137312549698647
0.788235294117647,1.2226890756302522,0.000113812954670221
0.795798319327731,1.2226890756302522,0.00011389465437057731
0.8033613445378152,1.2226890756302522,0.00011401685018032184
0.8109243697478992,1.2226890756302522,0.00011418966612680168
0.8184873949579832,1.2226890756302522,0.00011436248207328151
0.8260504201680672,1.2226890756302522,0.00011453529801976135
0.8336134453781512,1.2226890756302522,0.00011470811396624118
0.8411764705882353,1.2226890756302522,0.0001149559723937874
0.8487394957983193,1.2226890756302522,0.00011535391578346639
0.8563025210084033,1.2226890756302522,0.00011575185917314539
0.8638655462184873,1.2226890756302522,0.00011614980256282437
0.8714285714285714,1.2226890756302522,0.00011654774595250336
0.8789915966386554,1.2226890756302522,0.00011694568934218235
0.8865546218487395,1.2226890756302522,0.00011734363273186135
0.8941176470588235,1.2226890756302522,0.00011774157612154035
0.9016806722689076,1.2226890756302522,0.0001180496806026832
0.9092436974789916,1.2226890756302522,0.00011804334890394959
0.9168067226890756,1.2226890756302522,0.00011803701720521597
0.9243697478991596,1.2226890756302522,0.00011803068550648236
0.9319327731092437,1.2226890756302522,0.00011802435380774876
0.9394957983193277,1.2226890756302522,0.00011801802210901513
0.9470588235294117,1.2226890756302522,0.00011801169041028152
0.9546218487394957,1.2226890756302522,0.00011800535871154791
0.9621848739495799,1.2226890756302522,0.00011801350147002774
0.9697478991596639,1.2226890756302522,0.00011813743988621512
0.9773109243697479,1.2226890756302522,0.00011826137830240253
0.9848739495798319,1.2226890756302522,0.00011838531671858991
0.992436974789916,1.2226890756302522,0.0001185092551347773
1.0,1.2226890756302522,0.00011863319355096471
0.1,1.2394957983193278,3.888057831422983e-05
0.10756302521008404,1.2394957983193278,4.0629471686592834e-05
0.11512605042016807,1.2394957983193278,4.237836505895583e-05
0.12268907563025211,1.2394957983193278,4.4127258431318825e-05
0.13025210084033614,1.2394957983193278,4.587615180368183e-05
0.13781512605042018,1.2394957983193278,4.79189674959617e-05
0.1453781512605042,1.2394957983193278,4.996178318824157e-05
0.15294117647058825,1.2394957983193278,5.2004598880521446e-05
0.16050420168067228,1.2394957983193278,5.404741457280132e-05
0.16806722689075632,1.2394957983193278,5.60902302650812e-05
0.17563025210084032,1.2394957983193278,5.8133045957361066e-05
0.18319327731092439,1.2394957983193278,6.0175861649640946e-05
0.1907563025210084,1.2394957983193278,6.221867734192081e-05
0.19831932773109245,1.2394957983193278,6.426149303420069e-05
0.20588235294117646,1.2394957983193278,6.559322061186995e-05
0.21344537815126052,1.2394957983193278,6.672178015679335e-05
0.22100840336134453,1.2394957983193278,6.785033970171673e-05
0.22857142857142856,1.2394957983193278,6.897889924664011e-05
0.2361344537815126,1.2394957983193278,7.031837011380737e-05
0.24369747899159663,1.2394957983193278,7.17181013587586e-05
0.25126050420168067,1.2394957983193278,7.311783260370983e-05
0.2588235294117647,1.2394957983193278,7.451756384866103e-05
0.26638655462184874,1.2394957983193278,7.591729509361226e-05
0.2739495798319328,1.2394957983193278,7.73170263385635e-05
0.2815126050420168,1.2394957983193278,7.87167575835147e-05
0.2890756302521008,1.2394957983193278,8.011648882846592e-05
0.2966386554621849,1.2394957983193278,8.151622007341716e-05
0.30420168067226894,1.2394957983193278,8.25727497744372e-05
0.31176470588235294,1.2394957983193278,8.335471824031235e-05
0.31932773109243695,1.2394957983193278,8.413668670618749e-05
0.326890756302521,1.2394957983193278,8.491865517206261e-05
0.3344537815126051,1.2394957983193278,8.584242948421768e-05
0.3420168067226891,1.2394957983193278,8.687964847339668e-05
0.3495798319327731,1.2394957983193278,8.791686746257566e-05
0.3571428571428571,1.2394957983193278,8.895408645175465e-05
0.3647058823529412,1.2394957983193278,8.999130544093367e-05
0.3722689075630252,1.2394957983193278,9.102852443011265e-05
0.3798319327731092,1.2394957983193278,9.206574341929166e-05
0.38739495798319323,1.2394957983193278,9.310296240847064e-05
0.39495798319327735,1.2394957983193278,9.414018139764966e-05
0.40252100840336136,1.2394957983193278,9.50460647704367e-05
0.41008403361344536,1.2394957983193278,9.568927691043983e-05
0.41764705882352937,1.2394957983193278,9.633248905044296e-05
0.4252100840336135,1.2394957983193278,9.69757011904461e-05
0.4327731092436975,1.2394957983193278,9.761891333044923e-05
0.4403361344537815,1.2394957983193278,9.826212547045236e-05
0.4478991596638655,1.2394957983193278,9.890533761045549e-05
0.4554621848739496,1.2394957983193278,9.954854975045863e-05
0.46302521008403363,1.2394957983193278,0.00010019176189046176
0.47058823529411764,1.2394957983193278,0.00010081631243989139
0.47815126050420165,1.2394957983193278,0.00010129157026473294
0.48571428571428577,1.2394957983193278,0.0001017668280895745
0.49327731092436977,1.2394957983193278,0.00010224208591441606
0.5008403361344538,1.2394957983193278,0.00010271985191097528
0.5084033613445378,1.2394957983193278,0.00010321768328127576
0.5159663865546219,1.2394957983193278,0.00010371551465157623
0.5235294117647059,1.2394957983193278,0.0001042133460218767
0.5310924369747899,1.2394957983193278,0.00010470411643755024
0.5386554621848739,1.2394957983193278,0.00010513839921620822
0.546218487394958,1.2394957983193278,0.0001055726819948662
0.553781512605042,1.2394957983193278,0.0001060069647735242
0.561344537815126,1.2394957983193278,0.00010644124755218218
0.5689075630252101,1.2394957983193278,0.00010687553033084017
0.5764705882352942,1.2394957983193278,0.00010730981310949816
0.5840336134453782,1.2394957983193278,0.00010774409588815614
0.5915966386554622,1.2394957983193278,0.00010817837866681413
0.5991596638655462,1.2394957983193278,0.00010861266144547211
0.6067226890756302,1.2394957983193278,0.00010907329855844941
0.6142857142857142,1.2394957983193278,0.00010953722996321663
0.6218487394957983,1.2394957983193278,0.00011000116136798387
0.6294117647058823,1.2394957983193278,0.00011046509277275109
0.6369747899159663,1.2394957983193278,0.00011092902417751831
0.6445378151260504,1.2394957983193278,0.00011139295558228555
0.6521008403361345,1.2394957983193278,0.00011185688698705278
0.6596638655462185,1.2394957983193278,0.00011232081839182
0.6672268907563025,1.2394957983193278,0.00011278474979658723
0.6747899159663865,1.2394957983193278,0.00011311437970063794
0.6823529411764706,1.2394957983193278,0.00011337685885433043
0.6899159663865546,1.2394957983193278,0.00011363933800802291
0.6974789915966386,1.2394957983193278,0.00011390181716171539
0.7050420168067226,1.2394957983193278,0.00011408078238124033
0.7126050420168067,1.2394957983193278,0.00011421799063368151
0.7201680672268908,1.2394957983193278,0.0001143551988861227
0.7277310924369748,1.2394957983193278,0.00011449240713856386
0.7352941176470588,1.2394957983193278,0.00011462961539100503
0.7428571428571429,1.2394957983193278,0.00011476682364344623
0.7504201680672269,1.2394957983193278,0.00011490403189588739
0.7579831932773109,1.2394957983193278,0.00011504124014832858
0.7655462184873949,1.2394957983193278,0.00011517844840076974
0.773109243697479,1.2394957983193278,0.00011529098618561764
0.780672268907563,1.2394957983193278,0.00011537268588597395
0.788235294117647,1.2394957983193278,0.00011545438558633024
0.795798319327731,1.2394957983193278,0.00011553608528668654
0.8033613445378152,1.2394957983193278,0.00011565828109643108
0.8109243697478992,1.2394957983193278,0.00011583109704291092
0.8184873949579832,1.2394957983193278,0.00011600391298939075
0.8260504201680672,1.2394957983193278,0.00011617672893587059
0.8336134453781512,1.2394957983193278,0.00011644960152377226
0.8411764705882353,1.2394957983193278,0.00011684754491345125
0.8487394957983193,1.2394957983193278,0.00011724548830313024
0.8563025210084033,1.2394957983193278,0.00011764343169280924
0.8638655462184873,1.2394957983193278,0.00011804137508248824
0.8714285714285714,1.2394957983193278,0.00011843931847216723
0.8789915966386554,1.2394957983193278,0.0001188372618618462
0.8865546218487395,1.2394957983193278,0.0001192352052515252
0.8941176470588235,1.2394957983193278,0.00011963314864120419
0.9016806722689076,1.2394957983193278,0.00011994125312234705
0.9092436974789916,1.2394957983193278,0.00011993492142361344
0.9168067226890756,1.2394957983193278,0.00011992858972487983
0.9243697478991596,1.2394957983193278,0.00011992225802614622
0.9319327731092437,1.2394957983193278,0.00011991592632741261
0.9394957983193277,1.2394957983193278,0.000119909594628679
0.9470588235294117,1.2394957983193278,0.00011990326292994537
0.9546218487394957,1.2394957983193278,0.00011989693123121175
0.9621848739495799,1.2394957983193278,0.00011989059953247815
0.9697478991596639,1.2394957983193278,0.00011988426783374453
0.9773109243697479,1.2394957983193278,0.00012000820624993194
0.9848739495798319,1.2394957983193278,0.00012013214466611932
0.992436974789916,1.2394957983193278,0.00012025608308230671
1.0,1.2394957983193278,0.00012038002149849412
0.1,1.2563025210084033,3.920899693041988e-05
0.10756302521008404,1.2563025210084033,4.095789030278288e-05
0.11512605042016807,1.2563025210084033,4.2706783675145875e-05
0.12268907563025211,1.2563025210084033,4.4488335083055194e-05
0.13025210084033614,1.2563025210084033,4.653115077533507e-05
0.13781512605042018,1.2563025210084033,4.857396646761494e-05
0.1453781512605042,1.2563025210084033,5.061678215989481e-05
0.15294117647058825,1.2563025210084033,5.265959785217469e-05
0.16050420168067228,1.2563025210084033,5.470241354445456e-05
0.16806722689075632,1.2563025210084033,5.674522923673444e-05
0.17563025210084032,1.2563025210084033,5.8788044929014306e-05
0.18319327731092439,1.2563025210084033,6.0830860621294186e-05
0.1907563025210084,1.2563025210084033,6.287367631357405e-05
0.19831932773109245,1.2563025210084033,6.491649200585393e-05
0.20588235294117646,1.2563025210084033,6.624821958352319e-05
0.21344537815126052,1.2563025210084033,6.737677912844659e-05
0.22100840336134453,1.2563025210084033,6.850533867336997e-05
0.22857142857142856,1.2563025210084033,6.98749397294292e-05
0.2361344537815126,1.2563025210084033,7.127467097438044e-05
0.24369747899159663,1.2563025210084033,7.267440221933166e-05
0.25126050420168067,1.2563025210084033,7.407413346428287e-05
0.2588235294117647,1.2563025210084033,7.54738647092341e-05
0.26638655462184874,1.2563025210084033,7.687359595418531e-05
0.2739495798319328,1.2563025210084033,7.827332719913655e-05
0.2815126050420168,1.2563025210084033,7.967305844408775e-05
0.2890756302521008,1.2563025210084033,8.107278968903899e-05
0.2966386554621849,1.2563025210084033,8.24725209339902e-05
0.30420168067226894,1.2563025210084033,8.352905063501027e-05
0.31176470588235294,1.2563025210084033,8.43110191008854e-05
0.31932773109243695,1.2563025210084033,8.509298756676054e-05
0.326890756302521,1.2563025210084033,8.604512304817158e-05
0.3344537815126051,1.2563025210084033,8.708234203735058e-05
0.3420168067226891,1.2563025210084033,8.811956102652958e-05
0.3495798319327731,1.2563025210084033,8.915678001570857e-05
0.3571428571428571,1.2563025210084033,9.019399900488756e-05
0.3647058823529412,1.2563025210084033,9.123121799406657e-05
0.3722689075630252,1.2563025210084033,9.226843698324557e-05
0.3798319327731092,1.2563025210084033,9.330565597242457e-05
0.38739495798319323,1.2563025210084033,9.434287496160355e-05
0.39495798319327735,1.2563025210084033,9.538009395078256e-05
0.40252100840336136,1.2563025210084033,9.628597732356961e-05
0.41008403361344536,1.2563025210084033,9.692918946357274e-05
0.41764705882352937,1.2563025210084033,9.757240160357587e-05
0.4252100840336135,1.2563025210084033,9.821561374357901e-05
0.4327731092436975,1.2563025210084033,9.885882588358214e-05
0.4403361344537815,1.2563025210084033,9.950203802358527e-05
0.4478991596638655,1.2563025210084033,0.0001001452501635884
0.4554621848739496,1.2563025210084033,0.00010078846230359154
0.46302521008403363,1.2563025210084033,0.00010143167444359467
0.47058823529411764,1.2563025210084033,0.00010207488658359781
0.47815126050420165,1.2563025210084033,0.00010271809872360094
0.48571428571428577,1.2563025210084033,0.00010319335654844249
0.49327731092436977,1.2563025210084033,0.00010366861437328404
0.5008403361344538,1.2563025210084033,0.00010414638036984326
0.5084033613445378,1.2563025210084033,0.00010464421174014374
0.5159663865546219,1.2563025210084033,0.00010514204311044423
0.5235294117647059,1.2563025210084033,0.00010562575257149082
0.5310924369747899,1.2563025210084033,0.0001060600353501488
0.5386554621848739,1.2563025210084033,0.00010649431812880677
0.546218487394958,1.2563025210084033,0.00010692860090746477
0.553781512605042,1.2563025210084033,0.00010736288368612276
0.561344537815126,1.2563025210084033,0.00010779716646478073
0.5689075630252101,1.2563025210084033,0.00010823144924343872
0.5764705882352942,1.2563025210084033,0.00010866573202209671
0.5840336134453782,1.2563025210084033,0.00010910001480075469
0.5915966386554622,1.2563025210084033,0.00010953429757941268
0.5991596638655462,1.2563025210084033,0.00010996858035807066
0.6067226890756302,1.2563025210084033,0.00011042921747104796
0.6142857142857142,1.2563025210084033,0.00011089314887581518
0.6218487394957983,1.2563025210084033,0.00011135708028058242
0.6294117647058823,1.2563025210084033,0.00011182101168534964
0.6369747899159663,1.2563025210084033,0.00011228494309011686
0.6445378151260504,1.2563025210084033,0.00011274887449488408
0.6521008403361345,1.2563025210084033,0.00011321280589965132
0.6596638655462185,1.2563025210084033,0.00011367673730441856
0.6672268907563025,1.2563025210084033,0.00011414066870918578
0.6747899159663865,1.2563025210084033,0.000114604600113953
0.6823529411764706,1.2563025210084033,0.00011495661360145649
0.6899159663865546,1.2563025210084033,0.00011521909275514896
0.6974789915966386,1.2563025210084033,0.00011548157190884143
0.7050420168067226,1.2563025210084033,0.00011566053712836638
0.7126050420168067,1.2563025210084033,0.00011579774538080756
0.7201680672268908,1.2563025210084033,0.00011593495363324873
0.7277310924369748,1.2563025210084033,0.00011607216188568991
0.7352941176470588,1.2563025210084033,0.00011620937013813108
0.7428571428571429,1.2563025210084033,0.00011634657839057227
0.7504201680672269,1.2563025210084033,0.00011648378664301343
0.7579831932773109,1.2563025210084033,0.00011662099489545463
0.7655462184873949,1.2563025210084033,0.0001167582031478958
0.773109243697479,1.2563025210084033,0.00011689541140033697
0.780672268907563,1.2563025210084033,0.00011701411680208318
0.788235294117647,1.2563025210084033,0.00011709581650243947
0.795798319327731,1.2563025210084033,0.00011717751620279578
0.8033613445378152,1.2563025210084033,0.00011729971201254033
0.8109243697478992,1.2563025210084033,0.00011747252795902016
0.8184873949579832,1.2563025210084033,0.00011764534390549999
0.8260504201680672,1.2563025210084033,0.00011794323065375713
0.8336134453781512,1.2563025210084033,0.00011834117404343611
0.8411764705882353,1.2563025210084033,0.00011873911743311511
0.8487394957983193,1.2563025210084033,0.00011913706082279412
0.8563025210084033,1.2563025210084033,0.0001195350042124731
0.8638655462184873,1.2563025210084033,0.00011993294760215209
0.8714285714285714,1.2563025210084033,0.00012033089099183109
0.8789915966386554,1.2563025210084033,0.00012072883438151006
0.8865546218487395,1.2563025210084033,0.00012112677777118907
0.8941176470588235,1.2563025210084033,0.00012152472116086805
0.9016806722689076,1.2563025210084033,0.00012183282564201092
0.9092436974789916,1.2563025210084033,0.00012182649394327731
0.9168067226890756,1.2563025210084033,0.00012182016224454368
0.9243697478991596,1.2563025210084033,0.00012181383054581007
0.9319327731092437,1.2563025210084033,0.00012180749884707647
0.9394957983193277,1.2563025210084033,0.00012180116714834285
0.9470588235294117,1.2563025210084033,0.00012179483544960924
0.9546218487394957,1.2563025210084033,0.00012178850375087562
0.9621848739495799,1.2563025210084033,0.000121782172052142
0.9697478991596639,1.2563025210084033,0.0001217758403534084
0.9773109243697479,1.2563025210084033,0.0001217695086546748
0.9848739495798319,1.2563025210084033,0.00012187897261364872
0.992436974789916,1.2563025210084033,0.00012200291102983611
1.0,1.2563025210084033,0.00012212684944602352
0.1,1.273109243697479,3.9537415546609924e-05
0.10756302521008404,1.273109243697479,4.128630891897292e-05
0.11512605042016807,1.273109243697479,4.310051836242856e-05
0.12268907563025211,1.273109243697479,4.514333405470843e-05
0.13025210084033614,1.273109243697479,4.7186149746988306e-05
0.13781512605042018,1.273109243697479,4.922896543926818e-05
0.1453781512605042,1.273109243697479,5.127178113154805e-05
0.15294117647058825,1.273109243697479,5.331459682382793e-05
0.16050420168067228,1.273109243697479,5.53574125161078e-05
0.16806722689075632,1.273109243697479,5.740022820838768e-05
0.17563025210084032,1.273109243697479,5.9443043900667545e-05
0.18319327731092439,1.273109243697479,6.148585959294743e-05
0.1907563025210084,1.273109243697479,6.352867528522729e-05
0.19831932773109245,1.273109243697479,6.557149097750717e-05
0.20588235294117646,1.273109243697479,6.690321855517645e-05
0.21344537815126052,1.273109243697479,6.803177810009983e-05
0.22100840336134453,1.273109243697479,6.943150934505105e-05
0.22857142857142856,1.273109243697479,7.083124059000227e-05
0.2361344537815126,1.273109243697479,7.223097183495349e-05
0.24369747899159663,1.273109243697479,7.363070307990472e-05
0.25126050420168067,1.273109243697479,7.503043432485594e-05
0.2588235294117647,1.273109243697479,7.643016556980716e-05
0.26638655462184874,1.273109243697479,7.782989681475838e-05
0.2739495798319328,1.273109243697479,7.922962805970961e-05
0.2815126050420168,1.273109243697479,8.062935930466082e-05
0.2890756302521008,1.273109243697479,8.202909054961204e-05
0.2966386554621849,1.273109243697479,8.342882179456327e-05
0.30420168067226894,1.273109243697479,8.448535149558333e-05
0.31176470588235294,1.273109243697479,8.526731996145846e-05
0.31932773109243695,1.273109243697479,8.624781661212548e-05
0.326890756302521,1.273109243697479,8.728503560130449e-05
0.3344537815126051,1.273109243697479,8.832225459048349e-05
0.3420168067226891,1.273109243697479,8.935947357966247e-05
0.3495798319327731,1.273109243697479,9.039669256884148e-05
0.3571428571428571,1.273109243697479,9.143391155802048e-05
0.3647058823529412,1.273109243697479,9.247113054719948e-05
0.3722689075630252,1.273109243697479,9.350834953637848e-05
0.3798319327731092,1.273109243697479,9.454556852555748e-05
0.38739495798319323,1.273109243697479,9.558278751473645e-05
0.39495798319327735,1.273109243697479,9.662000650391547e-05
0.40252100840336136,1.273109243697479,9.752588987670252e-05
0.41008403361344536,1.273109243697479,9.816910201670565e-05
0.41764705882352937,1.273109243697479,9.881231415670877e-05
0.4252100840336135,1.273109243697479,9.945552629671192e-05
0.4327731092436975,1.273109243697479,0.00010009873843671504
0.4403361344537815,1.273109243697479,0.00010074195057671817
0.4478991596638655,1.273109243697479,0.0001013851627167213
0.4554621848739496,1.273109243697479,0.00010202837485672444
0.46302521008403363,1.273109243697479,0.00010267158699672757
0.47058823529411764,1.273109243697479,0.00010331479913673071
0.47815126050420165,1.273109243697479,0.00010395801127673383
0.48571428571428577,1.273109243697479,0.00010460122341673697
0.49327731092436977,1.273109243697479,0.00010509514283215203
0.5008403361344538,1.273109243697479,0.00010557290882871125
0.5084033613445378,1.273109243697479,0.00010607074019901172
0.5159663865546219,1.273109243697479,0.00010654738870543139
0.5235294117647059,1.273109243697479,0.00010698167148408937
0.5310924369747899,1.273109243697479,0.00010741595426274734
0.5386554621848739,1.273109243697479,0.00010785023704140532
0.546218487394958,1.273109243697479,0.00010828451982006332
0.553781512605042,1.273109243697479,0.0001087188025987213
0.561344537815126,1.273109243697479,0.00010915308537737928
0.5689075630252101,1.273109243697479,0.00010958736815603726
0.5764705882352942,1.273109243697479,0.00011002165093469526
0.5840336134453782,1.273109243697479,0.00011045593371335324
0.5915966386554622,1.273109243697479,0.00011089021649201123
0.5991596638655462,1.273109243697479,0.00011132449927066921
0.6067226890756302,1.273109243697479,0.00011178513638364651
0.6142857142857142,1.273109243697479,0.00011224906778841373
0.6218487394957983,1.273109243697479,0.00011271299919318097
0.6294117647058823,1.273109243697479,0.0001131769305979482
0.6369747899159663,1.273109243697479,0.00011364086200271541
0.6445378151260504,1.273109243697479,0.00011410479340748265
0.6521008403361345,1.273109243697479,0.00011456872481224987
0.6596638655462185,1.273109243697479,0.00011503265621701709
0.6672268907563025,1.273109243697479,0.00011549658762178433
0.6747899159663865,1.273109243697479,0.00011596051902655155
0.6823529411764706,1.273109243697479,0.00011642445043131879
0.6899159663865546,1.273109243697479,0.00011679884750227501
0.6974789915966386,1.273109243697479,0.00011706132665596748
0.7050420168067226,1.273109243697479,0.00011724029187549241
0.7126050420168067,1.273109243697479,0.0001173775001279336
0.7201680672268908,1.273109243697479,0.00011751470838037477
0.7277310924369748,1.273109243697479,0.00011765191663281594
0.7352941176470588,1.273109243697479,0.00011778912488525712
0.7428571428571429,1.273109243697479,0.0001179263331376983
0.7504201680672269,1.273109243697479,0.00011806354139013948
0.7579831932773109,1.273109243697479,0.00011820074964258066
0.7655462184873949,1.273109243697479,0.00011833795789502184
0.773109243697479,1.273109243697479,0.00011847516614746301
0.780672268907563,1.273109243697479,0.00011861237439990418
0.788235294117647,1.273109243697479,0.00011873724741854871
0.795798319327731,1.273109243697479,0.00011881894711890502
0.8033613445378152,1.273109243697479,0.00011894114292864956
0.8109243697478992,1.273109243697479,0.00011911395887512939
0.8184873949579832,1.273109243697479,0.000119436859783742
0.8260504201680672,1.273109243697479,0.00011983480317342099
0.8336134453781512,1.273109243697479,0.00012023274656309998
0.8411764705882353,1.273109243697479,0.00012063068995277898
0.8487394957983193,1.273109243697479,0.00012102863334245797
0.8563025210084033,1.273109243697479,0.00012142657673213694
0.8638655462184873,1.273109243697479,0.00012182452012181594
0.8714285714285714,1.273109243697479,0.00012222246351149493
0.8789915966386554,1.273109243697479,0.00012262040690117393
0.8865546218487395,1.273109243697479,0.0001230183502908529
0.8941176470588235,1.273109243697479,0.0001234162936805319
0.9016806722689076,1.273109243697479,0.00012372439816167477
0.9092436974789916,1.273109243697479,0.00012371806646294115
0.9168067226890756,1.273109243697479,0.00012371173476420755
0.9243697478991596,1.273109243697479,0.00012370540306547392
0.9319327731092437,1.273109243697479,0.00012369907136674033
0.9394957983193277,1.273109243697479,0.0001236927396680067
0.9470588235294117,1.273109243697479,0.0001236864079692731
0.9546218487394957,1.273109243697479,0.00012368007627053948
0.9621848739495799,1.273109243697479,0.00012367374457180588
0.9697478991596639,1.273109243697479,0.00012366741287307226
0.9773109243697479,1.273109243697479,0.00012366108117433863
0.9848739495798319,1.273109243697479,0.00012365474947560504
0.992436974789916,1.273109243697479,0.00012374973897736553
1.0,1.273109243697479,0.0001238736773935529
0.1,1.2899159663865545,3.9865834162799976e-05
0.10756302521008404,1.2899159663865545,4.171270164180192e-05
0.11512605042016807,1.2899159663865545,4.375551733408179e-05
0.12268907563025211,1.2899159663865545,4.579833302636167e-05
0.13025210084033614,1.2899159663865545,4.7841148718641546e-05
0.13781512605042018,1.2899159663865545,4.988396441092142e-05
0.1453781512605042,1.2899159663865545,5.192678010320129e-05
0.15294117647058825,1.2899159663865545,5.396959579548117e-05
0.16050420168067228,1.2899159663865545,5.601241148776104e-05
0.16806722689075632,1.2899159663865545,5.805522718004092e-05
0.17563025210084032,1.2899159663865545,6.0098042872320785e-05
0.18319327731092439,1.2899159663865545,6.214085856460066e-05
0.1907563025210084,1.2899159663865545,6.418367425688053e-05
0.19831932773109245,1.2899159663865545,6.622648994916041e-05
0.20588235294117646,1.2899159663865545,6.758834771572166e-05
0.21344537815126052,1.2899159663865545,6.898807896067289e-05
0.22100840336134453,1.2899159663865545,7.03878102056241e-05
0.22857142857142856,1.2899159663865545,7.178754145057532e-05
0.2361344537815126,1.2899159663865545,7.318727269552655e-05
0.24369747899159663,1.2899159663865545,7.458700394047777e-05
0.25126050420168067,1.2899159663865545,7.598673518542899e-05
0.2588235294117647,1.2899159663865545,7.738646643038021e-05
0.26638655462184874,1.2899159663865545,7.878619767533144e-05
0.2739495798319328,1.2899159663865545,8.018592892028266e-05
0.2815126050420168,1.2899159663865545,8.158566016523387e-05
0.2890756302521008,1.2899159663865545,8.29853914101851e-05
0.2966386554621849,1.2899159663865545,8.438512265513632e-05
0.30420168067226894,1.2899159663865545,8.544165235615638e-05
0.31176470588235294,1.2899159663865545,8.64505101760794e-05
0.31932773109243695,1.2899159663865545,8.748772916525839e-05
0.326890756302521,1.2899159663865545,8.852494815443739e-05
0.3344537815126051,1.2899159663865545,8.956216714361639e-05
0.3420168067226891,1.2899159663865545,9.059938613279538e-05
0.3495798319327731,1.2899159663865545,9.163660512197438e-05
0.3571428571428571,1.2899159663865545,9.267382411115338e-05
0.3647058823529412,1.2899159663865545,9.371104310033238e-05
0.3722689075630252,1.2899159663865545,9.474826208951138e-05
0.3798319327731092,1.2899159663865545,9.578548107869037e-05
0.38739495798319323,1.2899159663865545,9.682270006786936e-05
0.39495798319327735,1.2899159663865545,9.785991905704837e-05
0.40252100840336136,1.2899159663865545,9.876580242983542e-05
0.41008403361344536,1.2899159663865545,9.940901456983855e-05
0.41764705882352937,1.2899159663865545,0.00010005222670984168
0.4252100840336135,1.2899159663865545,0.00010069543884984482
0.4327731092436975,1.2899159663865545,0.00010133865098984795
0.4403361344537815,1.2899159663865545,0.00010198186312985108
0.4478991596638655,1.2899159663865545,0.0001026250752698542
0.4554621848739496,1.2899159663865545,0.00010326828740985735
0.46302521008403363,1.2899159663865545,0.00010391149954986048
0.47058823529411764,1.2899159663865545,0.00010455471168986362
0.47815126050420165,1.2899159663865545,0.00010519792382986673
0.48571428571428577,1.2899159663865545,0.00010584113596986988
0.49327731092436977,1.2899159663865545,0.000106484348109873
0.5008403361344538,1.2899159663865545,0.00010699943728757924
0.5084033613445378,1.2899159663865545,0.00010746902483937194
0.5159663865546219,1.2899159663865545,0.00010790330761802994
0.5235294117647059,1.2899159663865545,0.00010833759039668792
0.5310924369747899,1.2899159663865545,0.00010877187317534589
0.5386554621848739,1.2899159663865545,0.00010920615595400387
0.546218487394958,1.2899159663865545,0.00010964043873266187
0.553781512605042,1.2899159663865545,0.00011007472151131985
0.561344537815126,1.2899159663865545,0.00011050900428997783
0.5689075630252101,1.2899159663865545,0.00011094328706863581
0.5764705882352942,1.2899159663865545,0.00011137756984729381
0.5840336134453782,1.2899159663865545,0.00011181185262595179
0.5915966386554622,1.2899159663865545,0.00011224613540460977
0.5991596638655462,1.2899159663865545,0.00011268041818326774
0.6067226890756302,1.2899159663865545,0.00011314105529624506
0.6142857142857142,1.2899159663865545,0.00011360498670101228
0.6218487394957983,1.2899159663865545,0.00011406891810577952
0.6294117647058823,1.2899159663865545,0.00011453284951054675
0.6369747899159663,1.2899159663865545,0.00011499678091531398
0.6445378151260504,1.2899159663865545,0.0001154607123200812
0.6521008403361345,1.2899159663865545,0.00011592464372484842
0.6596638655462185,1.2899159663865545,0.00011638857512961564
0.6672268907563025,1.2899159663865545,0.00011685250653438286
0.6747899159663865,1.2899159663865545,0.0001173164379391501
0.6823529411764706,1.2899159663865545,0.00011778036934391732
0.6899159663865546,1.2899159663865545,0.00011824430074868456
0.6974789915966386,1.2899159663865545,0.00011864108140309353
0.7050420168067226,1.2899159663865545,0.00011882004662261846
0.7126050420168067,1.2899159663865545,0.00011895725487505965
0.7201680672268908,1.2899159663865545,0.00011909446312750082
0.7277310924369748,1.2899159663865545,0.000119231671379942
0.7352941176470588,1.2899159663865545,0.00011936887963238317
0.7428571428571429,1.2899159663865545,0.00011950608788482435
0.7504201680672269,1.2899159663865545,0.00011964329613726553
0.7579831932773109,1.2899159663865545,0.00011978050438970671
0.7655462184873949,1.2899159663865545,0.00011991771264214789
0.773109243697479,1.2899159663865545,0.00012005492089458906
0.780672268907563,1.2899159663865545,0.00012019212914703023
0.788235294117647,1.2899159663865545,0.00012032933739947142
0.795798319327731,1.2899159663865545,0.00012046037803501427
0.8033613445378152,1.2899159663865545,0.0001205825738447588
0.8109243697478992,1.2899159663865545,0.00012093048891372687
0.8184873949579832,1.2899159663865545,0.00012132843230340586
0.8260504201680672,1.2899159663865545,0.00012172637569308484
0.8336134453781512,1.2899159663865545,0.00012212431908276383
0.8411764705882353,1.2899159663865545,0.00012252226247244283
0.8487394957983193,1.2899159663865545,0.00012292020586212183
0.8563025210084033,1.2899159663865545,0.0001233181492518008
0.8638655462184873,1.2899159663865545,0.00012371609264147978
0.8714285714285714,1.2899159663865545,0.00012411403603115878
0.8789915966386554,1.2899159663865545,0.00012451197942083778
0.8865546218487395,1.2899159663865545,0.00012490992281051678
0.8941176470588235,1.2899159663865545,0.00012530786620019578
0.9016806722689076,1.2899159663865545,0.00012561597068133862
0.9092436974789916,1.2899159663865545,0.00012560963898260502
0.9168067226890756,1.2899159663865545,0.0001256033072838714
0.9243697478991596,1.2899159663865545,0.0001255969755851378
0.9319327731092437,1.2899159663865545,0.00012559064388640418
0.9394957983193277,1.2899159663865545,0.00012558431218767058
0.9470588235294117,1.2899159663865545,0.00012557798048893696
0.9546218487394957,1.2899159663865545,0.00012557164879020333
0.9621848739495799,1.2899159663865545,0.0001255653170914697
0.9697478991596639,1.2899159663865545,0.0001255589853927361
0.9773109243697479,1.2899159663865545,0.00012555265369400249
0.9848739495798319,1.2899159663865545,0.0001255463219952689
0.992436974789916,1.2899159663865545,0.00012553999029653526
1.0,1.2899159663865545,0.00012562050534108233
0.1,1.3067226890756303,4.020255882130156e-05
0.10756302521008404,1.3067226890756303,4.2408932500266665e-05
0.11512605042016807,1.3067226890756303,4.445174819254654e-05
0.12268907563025211,1.3067226890756303,4.649456388482641e-05
0.13025210084033614,1.3067226890756303,4.8537379577106284e-05
0.13781512605042018,1.3067226890756303,5.058019526938616e-05
0.1453781512605042,1.3067226890756303,5.262301096166603e-05
0.15294117647058825,1.3067226890756303,5.4665826653945904e-05
0.16050420168067228,1.3067226890756303,5.670864234622579e-05
0.16806722689075632,1.3067226890756303,5.875145803850566e-05
0.17563025210084032,1.3067226890756303,6.079427373078552e-05
0.18319327731092439,1.3067226890756303,6.283708942306541e-05
0.1907563025210084,1.3067226890756303,6.487990511534528e-05
0.19831932773109245,1.3067226890756303,6.692272080762516e-05
0.20588235294117646,1.3067226890756303,6.84653597075383e-05
0.21344537815126052,1.3067226890756303,6.986509095248951e-05
0.22100840336134453,1.3067226890756303,7.126482219744073e-05
0.22857142857142856,1.3067226890756303,7.266455344239197e-05
0.2361344537815126,1.3067226890756303,7.406428468734319e-05
0.24369747899159663,1.3067226890756303,7.54640159322944e-05
0.25126050420168067,1.3067226890756303,7.686374717724562e-05
0.2588235294117647,1.3067226890756303,7.826347842219684e-05
0.26638655462184874,1.3067226890756303,7.966320966714808e-05
0.2739495798319328,1.3067226890756303,8.106294091209931e-05
0.2815126050420168,1.3067226890756303,8.246267215705052e-05
0.2890756302521008,1.3067226890756303,8.386240340200174e-05
0.2966386554621849,1.3067226890756303,8.526213464695297e-05
0.30420168067226894,1.3067226890756303,8.651054608309386e-05
0.31176470588235294,1.3067226890756303,8.754776507227288e-05
0.31932773109243695,1.3067226890756303,8.858498406145188e-05
0.326890756302521,1.3067226890756303,8.962220305063086e-05
0.3344537815126051,1.3067226890756303,9.065942203980987e-05
0.3420168067226891,1.3067226890756303,9.169664102898887e-05
0.3495798319327731,1.3067226890756303,9.273386001816785e-05
0.3571428571428571,1.3067226890756303,9.377107900734686e-05
0.3647058823529412,1.3067226890756303,9.480829799652586e-05
0.3722689075630252,1.3067226890756303,9.584551698570486e-05
0.3798319327731092,1.3067226890756303,9.688273597488383e-05
0.38739495798319323,1.3067226890756303,9.791995496406283e-05
0.39495798319327735,1.3067226890756303,9.895717395324185e-05
0.40252100840336136,1.3067226890756303,9.997905822581779e-05
0.41008403361344536,1.3067226890756303,0.00010062227036582092
0.41764705882352937,1.3067226890756303,0.00010126548250582405
0.4252100840336135,1.3067226890756303,0.00010190869464582717
0.4327731092436975,1.3067226890756303,0.0001025519067858303
0.4403361344537815,1.3067226890756303,0.00010319511892583345
0.4478991596638655,1.3067226890756303,0.00010383833106583657
0.4554621848739496,1.3067226890756303,0.00010448154320583973
0.46302521008403363,1.3067226890756303,0.00010512475534584284
0.47058823529411764,1.3067226890756303,0.00010576796748584599
0.47815126050420165,1.3067226890756303,0.00010641117962584912
0.48571428571428577,1.3067226890756303,0.00010705439176585226
0.49327731092436977,1.3067226890756303,0.00010769760390585537
0.5008403361344538,1.3067226890756303,0.00010840740099347983
0.5084033613445378,1.3067226890756303,0.00010891377112484706
0.5159663865546219,1.3067226890756303,0.00010934805390350504
0.5235294117647059,1.3067226890756303,0.00010978233668216302
0.5310924369747899,1.3067226890756303,0.00011021661946082101
0.5386554621848739,1.3067226890756303,0.00011065090223947899
0.546218487394958,1.3067226890756303,0.00011108518501813699
0.553781512605042,1.3067226890756303,0.00011151946779679497
0.561344537815126,1.3067226890756303,0.00011195375057545295
0.5689075630252101,1.3067226890756303,0.00011238803335411093
0.5764705882352942,1.3067226890756303,0.00011282231613276891
0.5840336134453782,1.3067226890756303,0.0001132565989114269
0.5915966386554622,1.3067226890756303,0.00011369088169008488
0.5991596638655462,1.3067226890756303,0.00011412516446874286
0.6067226890756302,1.3067226890756303,0.00011458580158172018
0.6142857142857142,1.3067226890756303,0.0001150497329864874
0.6218487394957983,1.3067226890756303,0.00011551366439125464
0.6294117647058823,1.3067226890756303,0.00011597759579602186
0.6369747899159663,1.3067226890756303,0.00011644152720078908
0.6445378151260504,1.3067226890756303,0.00011690545860555631
0.6521008403361345,1.3067226890756303,0.00011736939001032352
0.6596638655462185,1.3067226890756303,0.00011783332141509076
0.6672268907563025,1.3067226890756303,0.00011829725281985798
0.6747899159663865,1.3067226890756303,0.0001187611842246252
0.6823529411764706,1.3067226890756303,0.00011922511562939244
0.6899159663865546,1.3067226890756303,0.00011968904703415966
0.6974789915966386,1.3067226890756303,0.00012014607709812016
0.7050420168067226,1.3067226890756303,0.00012037148904558318
0.7126050420168067,1.3067226890756303,0.00012050869729802437
0.7201680672268908,1.3067226890756303,0.00012064590555046554
0.7277310924369748,1.3067226890756303,0.00012078311380290673
0.7352941176470588,1.3067226890756303,0.0001209203220553479
0.7428571428571429,1.3067226890756303,0.00012105753030778907
0.7504201680672269,1.3067226890756303,0.00012119473856023025
0.7579831932773109,1.3067226890756303,0.00012133194681267143
0.7655462184873949,1.3067226890756303,0.0001214691550651126
0.773109243697479,1.3067226890756303,0.00012160636331755378
0.780672268907563,1.3067226890756303,0.00012174357156999495
0.788235294117647,1.3067226890756303,0.00012188077982243614
0.795798319327731,1.3067226890756303,0.0001220179880748773
0.8033613445378152,1.3067226890756303,0.00012232604768185293
0.8109243697478992,1.3067226890756303,0.00012272399107153193
0.8184873949579832,1.3067226890756303,0.0001231219344612109
0.8260504201680672,1.3067226890756303,0.0001235198778508899
0.8336134453781512,1.3067226890756303,0.00012391782124056888
0.8411764705882353,1.3067226890756303,0.00012431576463024788
0.8487394957983193,1.3067226890756303,0.00012471370801992688
0.8563025210084033,1.3067226890756303,0.00012511165140960588
0.8638655462184873,1.3067226890756303,0.00012550959479928488
0.8714285714285714,1.3067226890756303,0.00012590753818896385
0.8789915966386554,1.3067226890756303,0.00012630548157864285
0.8865546218487395,1.3067226890756303,0.00012670342496832185
0.8941176470588235,1.3067226890756303,0.00012710136835800083
0.9016806722689076,1.3067226890756303,0.0001274094728391437
0.9092436974789916,1.3067226890756303,0.00012740314114041007
0.9168067226890756,1.3067226890756303,0.00012739680944167647
0.9243697478991596,1.3067226890756303,0.00012739047774294285
0.9319327731092437,1.3067226890756303,0.00012738414604420925
0.9394957983193277,1.3067226890756303,0.00012737781434547563
0.9470588235294117,1.3067226890756303,0.00012737148264674203
0.9546218487394957,1.3067226890756303,0.0001273651509480084
0.9621848739495799,1.3067226890756303,0.00012735881924927478
0.9697478991596639,1.3067226890756303,0.00012735248755054118
0.9773109243697479,1.3067226890756303,0.00012734615585180756
0.9848739495798319,1.3067226890756303,0.00012733982415307396
0.992436974789916,1.3067226890756303,0.00012733349245434034
1.0,1.3067226890756303,0.00012740908538374116
0.1,1.3235294117647058,4.055174254327046e-05
0.10756302521008404,1.3235294117647058,4.2962563705592106e-05
0.11512605042016807,1.3235294117647058,4.520982688122851e-05
0.12268907563025211,1.3235294117647058,4.725264257350839e-05
0.13025210084033614,1.3235294117647058,4.929545826578826e-05
0.13781512605042018,1.3235294117647058,5.1338273958068134e-05
0.1453781512605042,1.3235294117647058,5.338108965034801e-05
0.15294117647058825,1.3235294117647058,5.542390534262788e-05
0.16050420168067228,1.3235294117647058,5.746672103490776e-05
0.16806722689075632,1.3235294117647058,5.950953672718763e-05
0.17563025210084032,1.3235294117647058,6.155235241946749e-05
0.18319327731092439,1.3235294117647058,6.359516811174737e-05
0.1907563025210084,1.3235294117647058,6.563798380402724e-05
0.19831932773109245,1.3235294117647058,6.768079949630713e-05
0.20588235294117646,1.3235294117647058,6.922343839622027e-05
0.21344537815126052,1.3235294117647058,7.062316964117149e-05
0.22100840336134453,1.3235294117647058,7.202290088612271e-05
0.22857142857142856,1.3235294117647058,7.342263213107393e-05
0.2361344537815126,1.3235294117647058,7.482236337602516e-05
0.24369747899159663,1.3235294117647058,7.622209462097638e-05
0.25126050420168067,1.3235294117647058,7.76218258659276e-05
0.2588235294117647,1.3235294117647058,7.902155711087882e-05
0.26638655462184874,1.3235294117647058,8.042128835583005e-05
0.2739495798319328,1.3235294117647058,8.182101960078127e-05
0.2815126050420168,1.3235294117647058,8.322075084573249e-05
0.2890756302521008,1.3235294117647058,8.463300106289394e-05
0.2966386554621849,1.3235294117647058,8.614540305773725e-05
0.30420168067226894,1.3235294117647058,8.739381449387815e-05
0.31176470588235294,1.3235294117647058,8.843103348305715e-05
0.31932773109243695,1.3235294117647058,8.946825247223616e-05
0.326890756302521,1.3235294117647058,9.050547146141514e-05
0.3344537815126051,1.3235294117647058,9.154269045059416e-05
0.3420168067226891,1.3235294117647058,9.257990943977316e-05
0.3495798319327731,1.3235294117647058,9.361712842895215e-05
0.3571428571428571,1.3235294117647058,9.465434741813113e-05
0.3647058823529412,1.3235294117647058,9.569156640731015e-05
0.3722689075630252,1.3235294117647058,9.672878539648914e-05
0.3798319327731092,1.3235294117647058,9.776600438566814e-05
0.38739495798319323,1.3235294117647058,9.880322337484713e-05
0.39495798319327735,1.3235294117647058,0.00010007244416360391
0.40252100840336136,1.3235294117647058,0.0001011523288860743
0.41008403361344536,1.3235294117647058,0.00010179554102607742
0.41764705882352937,1.3235294117647058,0.00010243875316608057
0.4252100840336135,1.3235294117647058,0.0001030819653060837
0.4327731092436975,1.3235294117647058,0.00010372517744608682
0.4403361344537815,1.3235294117647058,0.00010436838958608997
0.4478991596638655,1.3235294117647058,0.00010501160172609308
0.4554621848739496,1.3235294117647058,0.00010565481386609624
0.46302521008403363,1.3235294117647058,0.00010629802600609935
0.47058823529411764,1.3235294117647058,0.00010694123814610249
0.47815126050420165,1.3235294117647058,0.00010758445028610562
0.48571428571428577,1.3235294117647058,0.00010822766242610876
0.49327731092436977,1.3235294117647058,0.00010896952987141345
0.5008403361344538,1.3235294117647058,0.00010974509716257226
0.5084033613445378,1.3235294117647058,0.00011039564199935797
0.5159663865546219,1.3235294117647058,0.00011092604124829496
0.5235294117647059,1.3235294117647058,0.00011136032402695294
0.5310924369747899,1.3235294117647058,0.00011179460680561092
0.5386554621848739,1.3235294117647058,0.0001122288895842689
0.546218487394958,1.3235294117647058,0.0001126631723629269
0.553781512605042,1.3235294117647058,0.00011309745514158487
0.561344537815126,1.3235294117647058,0.00011353173792024286
0.5689075630252101,1.3235294117647058,0.00011396602069890084
0.5764705882352942,1.3235294117647058,0.00011440030347755884
0.5840336134453782,1.3235294117647058,0.00011483458625621681
0.5915966386554622,1.3235294117647058,0.00011526886903487479
0.5991596638655462,1.3235294117647058,0.00011570315181353277
0.6067226890756302,1.3235294117647058,0.00011616378892651009
0.6142857142857142,1.3235294117647058,0.00011662772033127731
0.6218487394957983,1.3235294117647058,0.00011709165173604455
0.6294117647058823,1.3235294117647058,0.00011755558314081177
0.6369747899159663,1.3235294117647058,0.00011801951454557899
0.6445378151260504,1.3235294117647058,0.00011848344595034623
0.6521008403361345,1.3235294117647058,0.00011894737735511345
0.6596638655462185,1.3235294117647058,0.00011941130875988067
0.6672268907563025,1.3235294117647058,0.0001198752401646479
0.6747899159663865,1.3235294117647058,0.00012033917156941512
0.6823529411764706,1.3235294117647058,0.00012080310297418235
0.6899159663865546,1.3235294117647058,0.00012125323169733613
0.6974789915966386,1.3235294117647058,0.00012165505103484286
0.7050420168067226,1.3235294117647058,0.00012188046298230586
0.7126050420168067,1.3235294117647058,0.00012201767123474705
0.7201680672268908,1.3235294117647058,0.00012215487948718823
0.7277310924369748,1.3235294117647058,0.00012229208773962942
0.7352941176470588,1.3235294117647058,0.00012242929599207058
0.7428571428571429,1.3235294117647058,0.00012256650424451176
0.7504201680672269,1.3235294117647058,0.00012270371249695292
0.7579831932773109,1.3235294117647058,0.0001228409207493941
0.7655462184873949,1.3235294117647058,0.0001229781290018353
0.773109243697479,1.3235294117647058,0.00012311533725427646
0.780672268907563,1.3235294117647058,0.00012325254550671764
0.788235294117647,1.3235294117647058,0.00012338975375915883
0.795798319327731,1.3235294117647058,0.00012394099589774956
0.8033613445378152,1.3235294117647058,0.00012429505926985293
0.8109243697478992,1.3235294117647058,0.00012440264918384705
0.8184873949579832,1.3235294117647058,0.00012476833107622772
0.8260504201680672,1.3235294117647058,0.0001251662744659067
0.8336134453781512,1.3235294117647058,0.0001255642178555857
0.8411764705882353,1.3235294117647058,0.0001259621612452647
0.8487394957983193,1.3235294117647058,0.0001263601046349437
0.8563025210084033,1.3235294117647058,0.00012675804802462267
0.8638655462184873,1.3235294117647058,0.00012715599141430167
0.8714285714285714,1.3235294117647058,0.00012755393480398067
0.8789915966386554,1.3235294117647058,0.00012795187819365965
0.8865546218487395,1.3235294117647058,0.00012834982158333865
0.8941176470588235,1.3235294117647058,0.00012874776497301765
0.9016806722689076,1.3235294117647058,0.0001290558694541605
0.9092436974789916,1.3235294117647058,0.0001290495377554269
0.9168067226890756,1.3235294117647058,0.00012904320605669326
0.9243697478991596,1.3235294117647058,0.00012903687435795967
0.9319327731092437,1.3235294117647058,0.00012903054265922604
0.9394957983193277,1.3235294117647058,0.00012902421096049242
0.9470588235294117,1.3235294117647058,0.00012901787926175882
0.9546218487394957,1.3235294117647058,0.0001290115475630252
0.9621848739495799,1.3235294117647058,0.00012900521586429157
0.9697478991596639,1.3235294117647058,0.00012899888416555798
0.9773109243697479,1.3235294117647058,0.00012899255246682435
0.9848739495798319,1.3235294117647058,0.00012898622076809075
0.992436974789916,1.3235294117647058,0.0001290822948545252
1.0,1.3235294117647058,0.0001292602935690941
0.1,1.3403361344537816,4.090092626523937e-05
0.10756302521008404,1.3403361344537816,4.331174742756102e-05
0.11512605042016807,1.3403361344537816,4.572256858988265e-05
0.12268907563025211,1.3403361344537816,4.801072126219037e-05
0.13025210084033614,1.3403361344537816,5.005353695447024e-05
0.13781512605042018,1.3403361344537816,5.2096352646750116e-05
0.1453781512605042,1.3403361344537816,5.413916833902999e-05
0.15294117647058825,1.3403361344537816,5.618198403130987e-05
0.16050420168067228,1.3403361344537816,5.8224799723589736e-05
0.16806722689075632,1.3403361344537816,6.0267615415869616e-05
0.17563025210084032,1.3403361344537816,6.231043110814948e-05
0.18319327731092439,1.3403361344537816,6.435324680042936e-05
0.1907563025210084,1.3403361344537816,6.639606249270923e-05
0.19831932773109245,1.3403361344537816,6.843887818498911e-05
0.20588235294117646,1.3403361344537816,6.998151708490225e-05
0.21344537815126052,1.3403361344537816,7.138124832985348e-05
0.22100840336134453,1.3403361344537816,7.278097957480469e-05
0.22857142857142856,1.3403361344537816,7.418071081975592e-05
0.2361344537815126,1.3403361344537816,7.558044206470714e-05
0.24369747899159663,1.3403361344537816,7.698017330965836e-05
0.25126050420168067,1.3403361344537816,7.837990455460958e-05
0.2588235294117647,1.3403361344537816,7.97796357995608e-05
0.26638655462184874,1.3403361344537816,8.117936704451203e-05
0.2739495798319328,1.3403361344537816,8.257909828946326e-05
0.2815126050420168,1.3403361344537816,8.400386747883493e-05
0.2890756302521008,1.3403361344537816,8.551626947367823e-05
0.2966386554621849,1.3403361344537816,8.702867146852155e-05
0.30420168067226894,1.3403361344537816,8.827708290466245e-05
0.31176470588235294,1.3403361344537816,8.931430189384146e-05
0.31932773109243695,1.3403361344537816,9.035152088302045e-05
0.326890756302521,1.3403361344537816,9.138873987219945e-05
0.3344537815126051,1.3403361344537816,9.242595886137844e-05
0.3420168067226891,1.3403361344537816,9.346317785055745e-05
0.3495798319327731,1.3403361344537816,9.450039683973644e-05
0.3571428571428571,1.3403361344537816,9.553761582891544e-05
0.3647058823529412,1.3403361344537816,9.657483481809444e-05
0.3722689075630252,1.3403361344537816,9.761205380727344e-05
0.3798319327731092,1.3403361344537816,9.864927279645242e-05
0.38739495798319323,1.3403361344537816,9.994749381015643e-05
0.39495798319327735,1.3403361344537816,0.00010124571482386045
0.40252100840336136,1.3403361344537816,0.00010232559954633083
0.41008403361344536,1.3403361344537816,0.00010296881168633396
0.41764705882352937,1.3403361344537816,0.00010361202382633709
0.4252100840336135,1.3403361344537816,0.00010425523596634021
0.4327731092436975,1.3403361344537816,0.00010489844810634334
0.4403361344537815,1.3403361344537816,0.00010554166024634647
0.4478991596638655,1.3403361344537816,0.00010618487238634961
0.4554621848739496,1.3403361344537816,0.00010682808452635276
0.46302521008403363,1.3403361344537816,0.00010747129666635588
0.47058823529411764,1.3403361344537816,0.00010811450880635901
0.47815126050420165,1.3403361344537816,0.00010875772094636214
0.48571428571428577,1.3403361344537816,0.00010951603094255044
0.49327731092436977,1.3403361344537816,0.00011030722604050589
0.5008403361344538,1.3403361344537816,0.0001110827933316647
0.5084033613445378,1.3403361344537816,0.00011173333816845042
0.5159663865546219,1.3403361344537816,0.00011238388300523615
0.5235294117647059,1.3403361344537816,0.00011293831137174286
0.5310924369747899,1.3403361344537816,0.00011337259415040086
0.5386554621848739,1.3403361344537816,0.00011380687692905884
0.546218487394958,1.3403361344537816,0.00011424115970771682
0.553781512605042,1.3403361344537816,0.00011467544248637481
0.561344537815126,1.3403361344537816,0.00011510972526503279
0.5689075630252101,1.3403361344537816,0.00011554400804369077
0.5764705882352942,1.3403361344537816,0.00011597829082234877
0.5840336134453782,1.3403361344537816,0.00011641257360100675
0.5915966386554622,1.3403361344537816,0.00011684685637966473
0.5991596638655462,1.3403361344537816,0.00011728113915832271
0.6067226890756302,1.3403361344537816,0.00011774177627130002
0.6142857142857142,1.3403361344537816,0.00011820570767606724
0.6218487394957983,1.3403361344537816,0.00011866963908083447
0.6294117647058823,1.3403361344537816,0.0001191335704856017
0.6369747899159663,1.3403361344537816,0.00011959750189036892
0.6445378151260504,1.3403361344537816,0.00012006143329513617
0.6521008403361345,1.3403361344537816,0.00012052536469990338
0.6596638655462185,1.3403361344537816,0.0001209892961046706
0.6672268907563025,1.3403361344537816,0.00012145322750943782
0.6747899159663865,1.3403361344537816,0.00012191715891420506
0.6823529411764706,1.3403361344537816,0.0001223603862965521
0.6899159663865546,1.3403361344537816,0.00012276220563405883
0.6974789915966386,1.3403361344537816,0.00012316402497156555
0.7050420168067226,1.3403361344537816,0.00012338943691902858
0.7126050420168067,1.3403361344537816,0.00012352664517146974
0.7201680672268908,1.3403361344537816,0.00012366385342391093
0.7277310924369748,1.3403361344537816,0.0001238010616763521
0.7352941176470588,1.3403361344537816,0.00012393826992879327
0.7428571428571429,1.3403361344537816,0.00012407547818123446
0.7504201680672269,1.3403361344537816,0.00012421268643367562
0.7579831932773109,1.3403361344537816,0.0001243498946861168
0.7655462184873949,1.3403361344537816,0.000124487102938558
0.773109243697479,1.3403361344537816,0.00012462431119099918
0.780672268907563,1.3403361344537816,0.00012480752320856808
0.788235294117647,1.3403361344537816,0.00012535876534715883
0.795798319327731,1.3403361344537816,0.0001259100074857496
0.8033613445378152,1.3403361344537816,0.00012626407085785293
0.8109243697478992,1.3403361344537816,0.00012637166077184706
0.8184873949579832,1.3403361344537816,0.00012647925068584118
0.8260504201680672,1.3403361344537816,0.00012681267108092354
0.8336134453781512,1.3403361344537816,0.00012721061447060252
0.8411764705882353,1.3403361344537816,0.00012760855786028152
0.8487394957983193,1.3403361344537816,0.00012800650124996052
0.8563025210084033,1.3403361344537816,0.0001284044446396395
0.8638655462184873,1.3403361344537816,0.0001288023880293185
0.8714285714285714,1.3403361344537816,0.0001292003314189975
0.8789915966386554,1.3403361344537816,0.00012959827480867647
0.8865546218487395,1.3403361344537816,0.00012999621819835547
0.8941176470588235,1.3403361344537816,0.00013039416158803447
0.9016806722689076,1.3403361344537816,0.0001307022660691773
0.9092436974789916,1.3403361344537816,0.0001306959343704437
0.9168067226890756,1.3403361344537816,0.00013068960267171009
0.9243697478991596,1.3403361344537816,0.0001306832709729765
0.9319327731092437,1.3403361344537816,0.0001306769392742429
0.9394957983193277,1.3403361344537816,0.00013067060757550927
0.9470588235294117,1.3403361344537816,0.00013066427587677564
0.9546218487394957,1.3403361344537816,0.00013065794417804202
0.9621848739495799,1.3403361344537816,0.00013065161247930842
0.9697478991596639,1.3403361344537816,0.0001306452807805748
0.9773109243697479,1.3403361344537816,0.0001306389490818412
0.9848739495798319,1.3403361344537816,0.00013075550432530925
0.992436974789916,1.3403361344537816,0.00013093350303987816
1.0,1.3403361344537816,0.00013111150175444707
0.1,1.3571428571428572,4.125010998720827e-05
0.10756302521008404,1.3571428571428572,4.366093114952991e-05
0.11512605042016807,1.3571428571428572,4.6071752311851555e-05
0.12268907563025211,1.3571428571428572,4.8482573474173186e-05
0.13025210084033614,1.3571428571428572,5.081161564315221e-05
0.13781512605042018,1.3571428571428572,5.2854431335432086e-05
0.1453781512605042,1.3571428571428572,5.489724702771196e-05
0.15294117647058825,1.3571428571428572,5.694006271999184e-05
0.16050420168067228,1.3571428571428572,5.898287841227171e-05
0.16806722689075632,1.3571428571428572,6.102569410455159e-05
0.17563025210084032,1.3571428571428572,6.306850979683146e-05
0.18319327731092439,1.3571428571428572,6.511132548911134e-05
0.1907563025210084,1.3571428571428572,6.71541411813912e-05
0.19831932773109245,1.3571428571428572,6.919695687367108e-05
0.20588235294117646,1.3571428571428572,7.073959577358422e-05
0.21344537815126052,1.3571428571428572,7.213932701853544e-05
0.22100840336134453,1.3571428571428572,7.353905826348666e-05
0.22857142857142856,1.3571428571428572,7.49387895084379e-05
0.2361344537815126,1.3571428571428572,7.633852075338911e-05
0.24369747899159663,1.3571428571428572,7.773825199834032e-05
0.25126050420168067,1.3571428571428572,7.913798324329155e-05
0.2588235294117647,1.3571428571428572,8.053771448824277e-05
0.26638655462184874,1.3571428571428572,8.1937445733194e-05
0.2739495798319328,1.3571428571428572,8.337473389477592e-05
0.2815126050420168,1.3571428571428572,8.488713588961922e-05
0.2890756302521008,1.3571428571428572,8.639953788446253e-05
0.2966386554621849,1.3571428571428572,8.791193987930583e-05
0.30420168067226894,1.3571428571428572,8.916035131544674e-05
0.31176470588235294,1.3571428571428572,9.019757030462574e-05
0.31932773109243695,1.3571428571428572,9.123478929380474e-05
0.326890756302521,1.3571428571428572,9.227200828298373e-05
0.3344537815126051,1.3571428571428572,9.330922727216273e-05
0.3420168067226891,1.3571428571428572,9.434644626134173e-05
0.3495798319327731,1.3571428571428572,9.538366525052073e-05
0.3571428571428571,1.3571428571428572,9.642088423969972e-05
0.3647058823529412,1.3571428571428572,9.745810322887873e-05
0.3722689075630252,1.3571428571428572,9.852432244300495e-05
0.3798319327731092,1.3571428571428572,9.982254345670894e-05
0.38739495798319323,1.3571428571428572,0.00010112076447041295
0.39495798319327735,1.3571428571428572,0.00010241898548411695
0.40252100840336136,1.3571428571428572,0.00010349887020658734
0.41008403361344536,1.3571428571428572,0.00010414208234659046
0.41764705882352937,1.3571428571428572,0.00010478529448659359
0.4252100840336135,1.3571428571428572,0.00010542850662659673
0.4327731092436975,1.3571428571428572,0.00010607171876659988
0.4403361344537815,1.3571428571428572,0.000106714930906603
0.4478991596638655,1.3571428571428572,0.00010735814304660612
0.4554621848739496,1.3571428571428572,0.00010800135518660926
0.46302521008403363,1.3571428571428572,0.00010864456732661239
0.47058823529411764,1.3571428571428572,0.00010928777946661552
0.47815126050420165,1.3571428571428572,0.0001100625320136874
0.48571428571428577,1.3571428571428572,0.00011085372711164287
0.49327731092436977,1.3571428571428572,0.00011164492220959832
0.5008403361344538,1.3571428571428572,0.00011242048950075715
0.5084033613445378,1.3571428571428572,0.00011307103433754286
0.5159663865546219,1.3571428571428572,0.00011372157917432859
0.5235294117647059,1.3571428571428572,0.00011437212401111429
0.5310924369747899,1.3571428571428572,0.00011495058149519077
0.5386554621848739,1.3571428571428572,0.00011538486427384876
0.546218487394958,1.3571428571428572,0.00011581914705250674
0.553781512605042,1.3571428571428572,0.00011625342983116472
0.561344537815126,1.3571428571428572,0.0001166877126098227
0.5689075630252101,1.3571428571428572,0.00011712199538848068
0.5764705882352942,1.3571428571428572,0.00011755627816713867
0.5840336134453782,1.3571428571428572,0.00011799056094579666
0.5915966386554622,1.3571428571428572,0.00011842484372445464
0.5991596638655462,1.3571428571428572,0.00011885912650311263
0.6067226890756302,1.3571428571428572,0.00011931976361608993
0.6142857142857142,1.3571428571428572,0.00011978369502085715
0.6218487394957983,1.3571428571428572,0.00012024762642562439
0.6294117647058823,1.3571428571428572,0.00012071155783039161
0.6369747899159663,1.3571428571428572,0.00012117548923515883
0.6445378151260504,1.3571428571428572,0.00012163942063992605
0.6521008403361345,1.3571428571428572,0.0001221033520446933
0.6596638655462185,1.3571428571428572,0.0001225672834494605
0.6672268907563025,1.3571428571428572,0.00012303121485422773
0.6747899159663865,1.3571428571428572,0.00012346754089576808
0.6823529411764706,1.3571428571428572,0.0001238693602332748
0.6899159663865546,1.3571428571428572,0.00012427117957078152
0.6974789915966386,1.3571428571428572,0.00012467299890828824
0.7050420168067226,1.3571428571428572,0.00012489841085575124
0.7126050420168067,1.3571428571428572,0.00012503561910819243
0.7201680672268908,1.3571428571428572,0.00012517282736063362
0.7277310924369748,1.3571428571428572,0.00012531003561307478
0.7352941176470588,1.3571428571428572,0.00012544724386551596
0.7428571428571429,1.3571428571428572,0.00012558445211795715
0.7504201680672269,1.3571428571428572,0.0001257216603703983
0.7579831932773109,1.3571428571428572,0.0001258588686228395
0.7655462184873949,1.3571428571428572,0.00012599607687528065
0.773109243697479,1.3571428571428572,0.0001262252926579773
0.780672268907563,1.3571428571428572,0.00012677653479656805
0.788235294117647,1.3571428571428572,0.00012732777693515884
0.795798319327731,1.3571428571428572,0.00012787901907374956
0.8033613445378152,1.3571428571428572,0.00012823308244585294
0.8109243697478992,1.3571428571428572,0.00012834067235984706
0.8184873949579832,1.3571428571428572,0.00012844826227384118
0.8260504201680672,1.3571428571428572,0.0001285558521878353
0.8336134453781512,1.3571428571428572,0.00012885701108561934
0.8411764705882353,1.3571428571428572,0.00012925495447529834
0.8487394957983193,1.3571428571428572,0.0001296528978649773
0.8563025210084033,1.3571428571428572,0.0001300508412546563
0.8638655462184873,1.3571428571428572,0.0001304487846443353
0.8714285714285714,1.3571428571428572,0.0001308467280340143
0.8789915966386554,1.3571428571428572,0.0001312446714236933
0.8865546218487395,1.3571428571428572,0.00013164261481337226
0.8941176470588235,1.3571428571428572,0.00013204055820305126
0.9016806722689076,1.3571428571428572,0.00013234866268419413
0.9092436974789916,1.3571428571428572,0.0001323423309854605
0.9168067226890756,1.3571428571428572,0.0001323359992867269
0.9243697478991596,1.3571428571428572,0.00013232966758799328
0.9319327731092437,1.3571428571428572,0.00013232333588925966
0.9394957983193277,1.3571428571428572,0.00013231700419052606
0.9470588235294117,1.3571428571428572,0.00013231067249179244
0.9546218487394957,1.3571428571428572,0.0001323043407930588
0.9621848739495799,1.3571428571428572,0.00013229800909432521
0.9697478991596639,1.3571428571428572,0.00013229167739559162
0.9773109243697479,1.3571428571428572,0.00013242871379609328
0.9848739495798319,1.3571428571428572,0.0001326067125106622
0.992436974789916,1.3571428571428572,0.0001327847112252311
1.0,1.3571428571428572,0.00013296270993980001
0.1,1.3739495798319328,4.159929370917718e-05
0.10756302521008404,1.3739495798319328,4.4010114871498815e-05
0.11512605042016807,1.3739495798319328,4.642093603382045e-05
0.12268907563025211,1.3739495798319328,4.883175719614209e-05
0.13025210084033614,1.3739495798319328,5.124257835846373e-05
0.13781512605042018,1.3739495798319328,5.361251002411406e-05
0.1453781512605042,1.3739495798319328,5.5655325716393935e-05
0.15294117647058825,1.3739495798319328,5.769814140867381e-05
0.16050420168067228,1.3739495798319328,5.974095710095368e-05
0.16806722689075632,1.3739495798319328,6.178377279323355e-05
0.17563025210084032,1.3739495798319328,6.382658848551342e-05
0.18319327731092439,1.3739495798319328,6.58694041777933e-05
0.1907563025210084,1.3739495798319328,6.791221987007317e-05
0.19831932773109245,1.3739495798319328,6.995503556235306e-05
0.20588235294117646,1.3739495798319328,7.14976744622662e-05
0.21344537815126052,1.3739495798319328,7.289740570721742e-05
0.22100840336134453,1.3739495798319328,7.429713695216864e-05
0.22857142857142856,1.3739495798319328,7.569686819711986e-05
0.2361344537815126,1.3739495798319328,7.709659944207109e-05
0.24369747899159663,1.3739495798319328,7.84963306870223e-05
0.25126050420168067,1.3739495798319328,7.989606193197352e-05
0.2588235294117647,1.3739495798319328,8.129579317692475e-05
0.26638655462184874,1.3739495798319328,8.27456003107169e-05
0.2739495798319328,1.3739495798319328,8.425800230556021e-05
0.2815126050420168,1.3739495798319328,8.577040430040351e-05
0.2890756302521008,1.3739495798319328,8.72828062952468e-05
0.2966386554621849,1.3739495798319328,8.879520829009012e-05
0.30420168067226894,1.3739495798319328,9.004361972623103e-05
0.31176470588235294,1.3739495798319328,9.108083871541003e-05
0.31932773109243695,1.3739495798319328,9.211805770458902e-05
0.326890756302521,1.3739495798319328,9.315527669376802e-05
0.3344537815126051,1.3739495798319328,9.419249568294702e-05
0.3420168067226891,1.3739495798319328,9.522971467212601e-05
0.3495798319327731,1.3739495798319328,9.626693366130501e-05
0.3571428571428571,1.3739495798319328,9.7304152650484e-05
0.3647058823529412,1.3739495798319328,9.839937208955747e-05
0.3722689075630252,1.3739495798319328,9.969759310326145e-05
0.3798319327731092,1.3739495798319328,0.00010099581411696546
0.38739495798319323,1.3739495798319328,0.00010229403513066946
0.39495798319327735,1.3739495798319328,0.00010359225614437347
0.40252100840336136,1.3739495798319328,0.00010467214086684385
0.41008403361344536,1.3739495798319328,0.00010531535300684698
0.41764705882352937,1.3739495798319328,0.00010595856514685011
0.4252100840336135,1.3739495798319328,0.00010660177728685324
0.4327731092436975,1.3739495798319328,0.00010724498942685638
0.4403361344537815,1.3739495798319328,0.00010788820156685951
0.4478991596638655,1.3739495798319328,0.00010853141370686264
0.4554621848739496,1.3739495798319328,0.00010917462584686578
0.46302521008403363,1.3739495798319328,0.00010981783798686891
0.47058823529411764,1.3739495798319328,0.00011060903308482437
0.47815126050420165,1.3739495798319328,0.00011140022818277982
0.48571428571428577,1.3739495798319328,0.0001121914232807353
0.49327731092436977,1.3739495798319328,0.00011298261837869077
0.5008403361344538,1.3739495798319328,0.00011375818566984958
0.5084033613445378,1.3739495798319328,0.00011440873050663529
0.5159663865546219,1.3739495798319328,0.00011505927534342102
0.5235294117647059,1.3739495798319328,0.00011570982018020672
0.5310924369747899,1.3739495798319328,0.00011636036501699244
0.5386554621848739,1.3739495798319328,0.00011696285161863866
0.546218487394958,1.3739495798319328,0.00011739713439729665
0.553781512605042,1.3739495798319328,0.00011783141717595462
0.561344537815126,1.3739495798319328,0.0001182656999546126
0.5689075630252101,1.3739495798319328,0.0001186999827332706
0.5764705882352942,1.3739495798319328,0.00011913426551192858
0.5840336134453782,1.3739495798319328,0.00011956854829058658
0.5915966386554622,1.3739495798319328,0.00012000283106924454
0.5991596638655462,1.3739495798319328,0.00012043711384790253
0.6067226890756302,1.3739495798319328,0.00012089775096087984
0.6142857142857142,1.3739495798319328,0.00012136168236564707
0.6218487394957983,1.3739495798319328,0.00012182561377041429
0.6294117647058823,1.3739495798319328,0.00012228954517518154
0.6369747899159663,1.3739495798319328,0.00012275347657994876
0.6445378151260504,1.3739495798319328,0.00012321740798471598
0.6521008403361345,1.3739495798319328,0.0001236813393894832
0.6596638655462185,1.3739495798319328,0.00012414527079425042
0.6672268907563025,1.3739495798319328,0.00012457469549498405
0.6747899159663865,1.3739495798319328,0.00012497651483249077
0.6823529411764706,1.3739495798319328,0.0001253783341699975
0.6899159663865546,1.3739495798319328,0.0001257801535075042
0.6974789915966386,1.3739495798319328,0.0001261819728450109
0.7050420168067226,1.3739495798319328,0.00012640738479247394
0.7126050420168067,1.3739495798319328,0.00012654459304491512
0.7201680672268908,1.3739495798319328,0.0001266818012973563
0.7277310924369748,1.3739495798319328,0.00012681900954979747
0.7352941176470588,1.3739495798319328,0.00012695621780223866
0.7428571428571429,1.3739495798319328,0.00012709342605467984
0.7504201680672269,1.3739495798319328,0.000127230634307121
0.7579831932773109,1.3739495798319328,0.0001273678425595622
0.7655462184873949,1.3739495798319328,0.00012764306210738655
0.773109243697479,1.3739495798319328,0.0001281943042459773
0.780672268907563,1.3739495798319328,0.00012874554638456806
0.788235294117647,1.3739495798319328,0.00012929678852315884
0.795798319327731,1.3739495798319328,0.00012984803066174957
0.8033613445378152,1.3739495798319328,0.00013020209403385294
0.8109243697478992,1.3739495798319328,0.00013030968394784706
0.8184873949579832,1.3739495798319328,0.00013041727386184116
0.8260504201680672,1.3739495798319328,0.00013052486377583528
0.8336134453781512,1.3739495798319328,0.0001306324536898294
0.8411764705882353,1.3739495798319328,0.00013090135109031513
0.8487394957983193,1.3739495798319328,0.0001312992944799941
0.8563025210084033,1.3739495798319328,0.0001316972378696731
0.8638655462184873,1.3739495798319328,0.0001320951812593521
0.8714285714285714,1.3739495798319328,0.0001324931246490311
0.8789915966386554,1.3739495798319328,0.00013289106803871008
0.8865546218487395,1.3739495798319328,0.00013328901142838908
0.8941176470588235,1.3739495798319328,0.00013368695481806808
0.9016806722689076,1.3739495798319328,0.00013399505929921092
0.9092436974789916,1.3739495798319328,0.00013398872760047732
0.9168067226890756,1.3739495798319328,0.0001339823959017437
0.9243697478991596,1.3739495798319328,0.00013397606420301007
0.9319327731092437,1.3739495798319328,0.00013396973250427648
0.9394957983193277,1.3739495798319328,0.00013396340080554285
0.9470588235294117,1.3739495798319328,0.00013395706910680926
0.9546218487394957,1.3739495798319328,0.00013395073740807563
0.9621848739495799,1.3739495798319328,0.000133944405709342
0.9697478991596639,1.3739495798319328,0.00013410192326687733
0.9773109243697479,1.3739495798319328,0.00013427992198144622
0.9848739495798319,1.3739495798319328,0.00013445792069601513
0.992436974789916,1.3739495798319328,0.00013463591941058402
1.0,1.3739495798319328,0.00013481391812515293
0.1,1.3907563025210083,4.1948477431146076e-05
0.10756302521008404,1.3907563025210083,4.4359298593467714e-05
0.11512605042016807,1.3907563025210083,4.677011975578935e-05
0.12268907563025211,1.3907563025210083,4.9180940918111e-05
0.13025210084033614,1.3907563025210083,5.159176208043263e-05
0.13781512605042018,1.3907563025210083,5.400258324275427e-05
0.1453781512605042,1.3907563025210083,5.641340440507591e-05
0.15294117647058825,1.3907563025210083,5.845622009735578e-05
0.16050420168067228,1.3907563025210083,6.049903578963566e-05
0.16806722689075632,1.3907563025210083,6.254185148191553e-05
0.17563025210084032,1.3907563025210083,6.45846671741954e-05
0.18319327731092439,1.3907563025210083,6.662748286647528e-05
0.1907563025210084,1.3907563025210083,6.867029855875514e-05
0.19831932773109245,1.3907563025210083,7.071311425103502e-05
0.20588235294117646,1.3907563025210083,7.225575315094816e-05
0.21344537815126052,1.3907563025210083,7.36554843958994e-05
0.22100840336134453,1.3907563025210083,7.505521564085061e-05
0.22857142857142856,1.3907563025210083,7.645494688580183e-05
0.2361344537815126,1.3907563025210083,7.785467813075305e-05
0.24369747899159663,1.3907563025210083,7.925440937570426e-05
0.25126050420168067,1.3907563025210083,8.065414062065549e-05
0.2588235294117647,1.3907563025210083,8.211646672665786e-05
0.26638655462184874,1.3907563025210083,8.362886872150118e-05
0.2739495798319328,1.3907563025210083,8.514127071634449e-05
0.2815126050420168,1.3907563025210083,8.665367271118779e-05
0.2890756302521008,1.3907563025210083,8.81660747060311e-05
0.2966386554621849,1.3907563025210083,8.96784767008744e-05
0.30420168067226894,1.3907563025210083,9.092688813701531e-05
0.31176470588235294,1.3907563025210083,9.196410712619431e-05
0.31932773109243695,1.3907563025210083,9.300132611537331e-05
0.326890756302521,1.3907563025210083,9.40385451045523e-05
0.3344537815126051,1.3907563025210083,9.50757640937313e-05
0.3420168067226891,1.3907563025210083,9.61129830829103e-05
0.3495798319327731,1.3907563025210083,9.71502020720893e-05
0.3571428571428571,1.3907563025210083,9.827442173610996e-05
0.3647058823529412,1.3907563025210083,9.957264274981397e-05
0.3722689075630252,1.3907563025210083,0.00010087086376351796
0.3798319327731092,1.3907563025210083,0.00010216908477722196
0.38739495798319323,1.3907563025210083,0.00010346730579092596
0.39495798319327735,1.3907563025210083,0.00010476552680462998
0.40252100840336136,1.3907563025210083,0.00010584541152710036
0.41008403361344536,1.3907563025210083,0.00010648862366710349
0.41764705882352937,1.3907563025210083,0.00010713183580710663
0.4252100840336135,1.3907563025210083,0.00010777504794710976
0.4327731092436975,1.3907563025210083,0.00010841826008711289
0.4403361344537815,1.3907563025210083,0.00010906147222711602
0.4478991596638655,1.3907563025210083,0.00010970468436711915
0.4554621848739496,1.3907563025210083,0.00011036433905800589
0.46302521008403363,1.3907563025210083,0.00011115553415596135
0.47058823529411764,1.3907563025210083,0.0001119467292539168
0.47815126050420165,1.3907563025210083,0.00011273792435187225
0.48571428571428577,1.3907563025210083,0.00011352911944982773
0.49327731092436977,1.3907563025210083,0.0001143203145477832
0.5008403361344538,1.3907563025210083,0.000115095881838942
0.5084033613445378,1.3907563025210083,0.00011574642667572772
0.5159663865546219,1.3907563025210083,0.00011639697151251345
0.5235294117647059,1.3907563025210083,0.00011704751634929915
0.5310924369747899,1.3907563025210083,0.00011769806118608487
0.5386554621848739,1.3907563025210083,0.00011834860602287058
0.546218487394958,1.3907563025210083,0.00011897512174208656
0.553781512605042,1.3907563025210083,0.00011940940452074455
0.561344537815126,1.3907563025210083,0.00011984368729940251
0.5689075630252101,1.3907563025210083,0.00012027797007806051
0.5764705882352942,1.3907563025210083,0.00012071225285671849
0.5840336134453782,1.3907563025210083,0.00012114653563537649
0.5915966386554622,1.3907563025210083,0.00012158081841403447
0.5991596638655462,1.3907563025210083,0.00012201510119269245
0.6067226890756302,1.3907563025210083,0.00012247573830566976
0.6142857142857142,1.3907563025210083,0.00012293966971043698
0.6218487394957983,1.3907563025210083,0.0001234036011152042
0.6294117647058823,1.3907563025210083,0.00012386753251997142
0.6369747899159663,1.3907563025210083,0.00012433146392473864
0.6445378151260504,1.3907563025210083,0.0001247953953295059
0.6521008403361345,1.3907563025210083,0.0001252593267342731
0.6596638655462185,1.3907563025210083,0.0001256818500942
0.6672268907563025,1.3907563025210083,0.00012608366943170672
0.6747899159663865,1.3907563025210083,0.00012648548876921344
0.6823529411764706,1.3907563025210083,0.00012688730810672016
0.6899159663865546,1.3907563025210083,0.00012728912744422688
0.6974789915966386,1.3907563025210083,0.0001276909467817336
0.7050420168067226,1.3907563025210083,0.00012791635872919663
0.7126050420168067,1.3907563025210083,0.00012805356698163782
0.7201680672268908,1.3907563025210083,0.000128190775234079
0.7277310924369748,1.3907563025210083,0.00012832798348652016
0.7352941176470588,1.3907563025210083,0.00012846519173896132
0.7428571428571429,1.3907563025210083,0.00012860239999140253
0.7504201680672269,1.3907563025210083,0.0001287396082438437
0.7579831932773109,1.3907563025210083,0.00012906083155679577
0.7655462184873949,1.3907563025210083,0.00012961207369538652
0.773109243697479,1.3907563025210083,0.0001301633158339773
0.780672268907563,1.3907563025210083,0.00013071455797256803
0.788235294117647,1.3907563025210083,0.00013126580011115882
0.795798319327731,1.3907563025210083,0.00013181704224974954
0.8033613445378152,1.3907563025210083,0.00013217110562185294
0.8109243697478992,1.3907563025210083,0.00013227869553584704
0.8184873949579832,1.3907563025210083,0.00013238628544984116
0.8260504201680672,1.3907563025210083,0.00013249387536383528
0.8336134453781512,1.3907563025210083,0.0001326014652778294
0.8411764705882353,1.3907563025210083,0.00013270905519182353
0.8487394957983193,1.3907563025210083,0.00013294569109501093
0.8563025210084033,1.3907563025210083,0.0001333436344846899
0.8638655462184873,1.3907563025210083,0.0001337415778743689
0.8714285714285714,1.3907563025210083,0.0001341395212640479
0.8789915966386554,1.3907563025210083,0.00013453746465372687
0.8865546218487395,1.3907563025210083,0.00013493540804340588
0.8941176470588235,1.3907563025210083,0.00013533335143308488
0.9016806722689076,1.3907563025210083,0.00013564145591422774
0.9092436974789916,1.3907563025210083,0.00013563512421549412
0.9168067226890756,1.3907563025210083,0.0001356287925167605
0.9243697478991596,1.3907563025210083,0.0001356224608180269
0.9319327731092437,1.3907563025210083,0.00013561612911929327
0.9394957983193277,1.3907563025210083,0.00013560979742055965
0.9470588235294117,1.3907563025210083,0.00013560346572182605
0.9546218487394957,1.3907563025210083,0.00013559713402309242
0.9621848739495799,1.3907563025210083,0.00013577513273766136
0.9697478991596639,1.3907563025210083,0.00013595313145223025
0.9773109243697479,1.3907563025210083,0.00013613113016679916
0.9848739495798319,1.3907563025210083,0.00013630912888136807
0.992436974789916,1.3907563025210083,0.00013648712759593696
1.0,1.3907563025210083,0.00013666512631050587
0.1,1.407563025210084,4.229766115311498e-05
0.10756302521008404,1.407563025210084,4.470848231543662e-05
0.11512605042016807,1.407563025210084,4.711930347775826e-05
0.12268907563025211,1.407563025210084,4.9530124640079895e-05
0.13025210084033614,1.407563025210084,5.1940945802401534e-05
0.13781512605042018,1.407563025210084,5.435176696472317e-05
0.1453781512605042,1.407563025210084,5.676258812704481e-05
0.15294117647058825,1.407563025210084,5.9173409289366455e-05
0.16050420168067228,1.407563025210084,6.125711447831763e-05
0.16806722689075632,1.407563025210084,6.32999301705975e-05
0.17563025210084032,1.407563025210084,6.534274586287737e-05
0.18319327731092439,1.407563025210084,6.738556155515725e-05
0.1907563025210084,1.407563025210084,6.942837724743712e-05
0.19831932773109245,1.407563025210084,7.1471192939717e-05
0.20588235294117646,1.407563025210084,7.301383183963014e-05
0.21344537815126052,1.407563025210084,7.441356308458137e-05
0.22100840336134453,1.407563025210084,7.581329432953258e-05
0.22857142857142856,1.407563025210084,7.721302557448381e-05
0.2361344537815126,1.407563025210084,7.861275681943503e-05
0.24369747899159663,1.407563025210084,8.001248806438625e-05
0.25126050420168067,1.407563025210084,8.148733314259886e-05
0.2588235294117647,1.407563025210084,8.299973513744215e-05
0.26638655462184874,1.407563025210084,8.451213713228549e-05
0.2739495798319328,1.407563025210084,8.602453912712878e-05
0.2815126050420168,1.407563025210084,8.753694112197208e-05
0.2890756302521008,1.407563025210084,8.904934311681538e-05
0.2966386554621849,1.407563025210084,9.05617451116587e-05
0.30420168067226894,1.407563025210084,9.18101565477996e-05
0.31176470588235294,1.407563025210084,9.284737553697859e-05
0.31932773109243695,1.407563025210084,9.38845945261576e-05
0.326890756302521,1.407563025210084,9.492181351533659e-05
0.3344537815126051,1.407563025210084,9.595903250451559e-05
0.3420168067226891,1.407563025210084,9.69962514936946e-05
0.3495798319327731,1.407563025210084,9.814947138266248e-05
0.3571428571428571,1.407563025210084,9.944769239636648e-05
0.3647058823529412,1.407563025210084,0.00010074591341007049
0.3722689075630252,1.407563025210084,0.0001020441344237745
0.3798319327731092,1.407563025210084,0.0001033423554374785
0.38739495798319323,1.407563025210084,0.00010464057645118248
0.39495798319327735,1.407563025210084,0.0001059387974648865
0.40252100840336136,1.407563025210084,0.00010701868218735688
0.41008403361344536,1.407563025210084,0.00010766189432736001
0.41764705882352937,1.407563025210084,0.00010830510646736314
0.4252100840336135,1.407563025210084,0.00010894831860736628
0.4327731092436975,1.407563025210084,0.00010959153074736941
0.4403361344537815,1.407563025210084,0.00011023474288737254
0.4478991596638655,1.407563025210084,0.00011091084012914284
0.4554621848739496,1.407563025210084,0.00011170203522709832
0.46302521008403363,1.407563025210084,0.00011249323032505378
0.47058823529411764,1.407563025210084,0.00011328442542300925
0.47815126050420165,1.407563025210084,0.0001140756205209647
0.48571428571428577,1.407563025210084,0.00011486681561892016
0.49327731092436977,1.407563025210084,0.00011565801071687563
0.5008403361344538,1.407563025210084,0.00011643357800803445
0.5084033613445378,1.407563025210084,0.00011708412284482016
0.5159663865546219,1.407563025210084,0.0001177346676816059
0.5235294117647059,1.407563025210084,0.0001183852125183916
0.5310924369747899,1.407563025210084,0.00011903575735517731
0.5386554621848739,1.407563025210084,0.00011968630219196303
0.546218487394958,1.407563025210084,0.00012033684702874874
0.553781512605042,1.407563025210084,0.00012098739186553446
0.561344537815126,1.407563025210084,0.00012142167464419243
0.5689075630252101,1.407563025210084,0.00012185595742285041
0.5764705882352942,1.407563025210084,0.0001222902402015084
0.5840336134453782,1.407563025210084,0.0001227245229801664
0.5915966386554622,1.407563025210084,0.00012315880575882436
0.5991596638655462,1.407563025210084,0.00012359308853748235
0.6067226890756302,1.407563025210084,0.00012405372565045964
0.6142857142857142,1.407563025210084,0.0001245176570552269
0.6218487394957983,1.407563025210084,0.00012498158845999411
0.6294117647058823,1.407563025210084,0.00012544551986476134
0.6369747899159663,1.407563025210084,0.00012590945126952858
0.6445378151260504,1.407563025210084,0.0001263733826742958
0.6521008403361345,1.407563025210084,0.00012678900469341597
0.6596638655462185,1.407563025210084,0.0001271908240309227
0.6672268907563025,1.407563025210084,0.0001275926433684294
0.6747899159663865,1.407563025210084,0.00012799446270593613
0.6823529411764706,1.407563025210084,0.00012839628204344285
0.6899159663865546,1.407563025210084,0.00012879810138094957
0.6974789915966386,1.407563025210084,0.0001291999207184563
0.7050420168067226,1.407563025210084,0.0001294253326659193
0.7126050420168067,1.407563025210084,0.00012956254091836048
0.7201680672268908,1.407563025210084,0.00012969974917080167
0.7277310924369748,1.407563025210084,0.00012983695742324283
0.7352941176470588,1.407563025210084,0.00012997416567568401
0.7428571428571429,1.407563025210084,0.0001301113739281252
0.7504201680672269,1.407563025210084,0.00013047860100620504
0.7579831932773109,1.407563025210084,0.0001310298431447958
0.7655462184873949,1.407563025210084,0.00013158108528338655
0.773109243697479,1.407563025210084,0.0001321323274219773
0.780672268907563,1.407563025210084,0.00013268356956056806
0.788235294117647,1.407563025210084,0.00013323481169915882
0.795798319327731,1.407563025210084,0.00013378605383774955
0.8033613445378152,1.407563025210084,0.00013414011720985292
0.8109243697478992,1.407563025210084,0.00013424770712384704
0.8184873949579832,1.407563025210084,0.00013435529703784117
0.8260504201680672,1.407563025210084,0.0001344628869518353
0.8336134453781512,1.407563025210084,0.0001345704768658294
0.8411764705882353,1.407563025210084,0.0001346780667798235
0.8487394957983193,1.407563025210084,0.00013478565669381763
0.8563025210084033,1.407563025210084,0.00013499003109970672
0.8638655462184873,1.407563025210084,0.0001353879744893857
0.8714285714285714,1.407563025210084,0.0001357859178790647
0.8789915966386554,1.407563025210084,0.00013618386126874367
0.8865546218487395,1.407563025210084,0.00013658180465842267
0.8941176470588235,1.407563025210084,0.00013697974804810167
0.9016806722689076,1.407563025210084,0.00013728785252924453
0.9092436974789916,1.407563025210084,0.0001372815208305109
0.9168067226890756,1.407563025210084,0.0001372751891317773
0.9243697478991596,1.407563025210084,0.0001372688574330437
0.9319327731092437,1.407563025210084,0.0001372625257343101
0.9394957983193277,1.407563025210084,0.00013725619403557647
0.9470588235294117,1.407563025210084,0.00013727034349387645
0.9546218487394957,1.407563025210084,0.0001374483422084454
0.9621848739495799,1.407563025210084,0.00013762634092301428
0.9697478991596639,1.407563025210084,0.0001378043396375832
0.9773109243697479,1.407563025210084,0.0001379823383521521
0.9848739495798319,1.407563025210084,0.000138160337066721
0.992436974789916,1.407563025210084,0.0001383383357812899
1.0,1.407563025210084,0.0001385163344958588
0.1,1.4243697478991595,4.264684487508388e-05
0.10756302521008404,1.4243697478991595,4.5057666037405525e-05
0.11512605042016807,1.4243697478991595,4.746848719972716e-05
0.12268907563025211,1.4243697478991595,4.98793083620488e-05
0.13025210084033614,1.4243697478991595,5.229012952437044e-05
0.13781512605042018,1.4243697478991595,5.470095068669208e-05
0.1453781512605042,1.4243697478991595,5.7111771849013715e-05
0.15294117647058825,1.4243697478991595,5.952259301133535e-05
0.16050420168067228,1.4243697478991595,6.193341417365699e-05
0.16806722689075632,1.4243697478991595,6.405800885927947e-05
0.17563025210084032,1.4243697478991595,6.610082455155934e-05
0.18319327731092439,1.4243697478991595,6.814364024383922e-05
0.1907563025210084,1.4243697478991595,7.018645593611908e-05
0.19831932773109245,1.4243697478991595,7.222927162839896e-05
0.20588235294117646,1.4243697478991595,7.377191052831211e-05
0.21344537815126052,1.4243697478991595,7.517164177326333e-05
0.22100840336134453,1.4243697478991595,7.657137301821455e-05
0.22857142857142856,1.4243697478991595,7.797110426316577e-05
0.2361344537815126,1.4243697478991595,7.937083550811699e-05
0.24369747899159663,1.4243697478991595,8.085819955853984e-05
0.25126050420168067,1.4243697478991595,8.237060155338314e-05
0.2588235294117647,1.4243697478991595,8.388300354822643e-05
0.26638655462184874,1.4243697478991595,8.539540554306977e-05
0.2739495798319328,1.4243697478991595,8.690780753791306e-05
0.2815126050420168,1.4243697478991595,8.842020953275636e-05
0.2890756302521008,1.4243697478991595,8.993261152759967e-05
0.2966386554621849,1.4243697478991595,9.144501352244299e-05
0.30420168067226894,1.4243697478991595,9.269342495858388e-05
0.31176470588235294,1.4243697478991595,9.373064394776288e-05
0.31932773109243695,1.4243697478991595,9.476786293694188e-05
0.326890756302521,1.4243697478991595,9.580508192612087e-05
0.3344537815126051,1.4243697478991595,9.684230091529989e-05
0.3420168067226891,1.4243697478991595,9.8024521029215e-05
0.3495798319327731,1.4243697478991595,9.9322742042919e-05
0.3571428571428571,1.4243697478991595,0.00010062096305662298
0.3647058823529412,1.4243697478991595,0.000101919184070327
0.3722689075630252,1.4243697478991595,0.00010321740508403101
0.3798319327731092,1.4243697478991595,0.000104515626097735
0.38739495798319323,1.4243697478991595,0.000105813847111439
0.39495798319327735,1.4243697478991595,0.00010711206812514302
0.40252100840336136,1.4243697478991595,0.00010819195284761339
0.41008403361344536,1.4243697478991595,0.00010883516498761652
0.41764705882352937,1.4243697478991595,0.00010947837712761964
0.4252100840336135,1.4243697478991595,0.00011012158926762279
0.4327731092436975,1.4243697478991595,0.00011076480140762592
0.4403361344537815,1.4243697478991595,0.00011145734120027981
0.4478991596638655,1.4243697478991595,0.00011224853629823527
0.4554621848739496,1.4243697478991595,0.00011303973139619075
0.46302521008403363,1.4243697478991595,0.00011383092649414621
0.47058823529411764,1.4243697478991595,0.00011462212159210168
0.47815126050420165,1.4243697478991595,0.00011541331669005713
0.48571428571428577,1.4243697478991595,0.00011620451178801259
0.49327731092436977,1.4243697478991595,0.00011699570688596807
0.5008403361344538,1.4243697478991595,0.00011777127417712689
0.5084033613445378,1.4243697478991595,0.00011842181901391261
0.5159663865546219,1.4243697478991595,0.00011907236385069832
0.5235294117647059,1.4243697478991595,0.00011972290868748403
0.5310924369747899,1.4243697478991595,0.00012037345352426974
0.5386554621848739,1.4243697478991595,0.00012102399836105546
0.546218487394958,1.4243697478991595,0.00012167454319784117
0.553781512605042,1.4243697478991595,0.00012232508803462688
0.561344537815126,1.4243697478991595,0.0001229756328714126
0.5689075630252101,1.4243697478991595,0.00012343394476764034
0.5764705882352942,1.4243697478991595,0.0001238682275462983
0.5840336134453782,1.4243697478991595,0.0001243025103249563
0.5915966386554622,1.4243697478991595,0.0001247367931036143
0.5991596638655462,1.4243697478991595,0.00012517107588227227
0.6067226890756302,1.4243697478991595,0.00012563171299524956
0.6142857142857142,1.4243697478991595,0.0001260956444000168
0.6218487394957983,1.4243697478991595,0.00012655957580478403
0.6294117647058823,1.4243697478991595,0.00012702350720955125
0.6369747899159663,1.4243697478991595,0.00012748743861431847
0.6445378151260504,1.4243697478991595,0.0001278961592926319
0.6521008403361345,1.4243697478991595,0.00012829797863013863
0.6596638655462185,1.4243697478991595,0.00012869979796764535
0.6672268907563025,1.4243697478991595,0.0001291016173051521
0.6747899159663865,1.4243697478991595,0.00012950343664265882
0.6823529411764706,1.4243697478991595,0.00012990525598016554
0.6899159663865546,1.4243697478991595,0.00013030707531767226
0.6974789915966386,1.4243697478991595,0.00013070889465517898
0.7050420168067226,1.4243697478991595,0.000130934306602642
0.7126050420168067,1.4243697478991595,0.00013107151485508317
0.7201680672268908,1.4243697478991595,0.00013120872310752436
0.7277310924369748,1.4243697478991595,0.00013134593135996552
0.7352941176470588,1.4243697478991595,0.0001314831396124067
0.7428571428571429,1.4243697478991595,0.00013189637045561426
0.7504201680672269,1.4243697478991595,0.00013244761259420502
0.7579831932773109,1.4243697478991595,0.00013299885473279577
0.7655462184873949,1.4243697478991595,0.00013355009687138653
0.773109243697479,1.4243697478991595,0.0001341013390099773
0.780672268907563,1.4243697478991595,0.00013465258114856807
0.788235294117647,1.4243697478991595,0.00013520382328715882
0.795798319327731,1.4243697478991595,0.00013575506542574958
0.8033613445378152,1.4243697478991595,0.00013610912879785292
0.8109243697478992,1.4243697478991595,0.00013621671871184705
0.8184873949579832,1.4243697478991595,0.00013632430862584117
0.8260504201680672,1.4243697478991595,0.00013643189853983526
0.8336134453781512,1.4243697478991595,0.00013653948845382941
0.8411764705882353,1.4243697478991595,0.0001366470783678235
0.8487394957983193,1.4243697478991595,0.00013675466828181763
0.8563025210084033,1.4243697478991595,0.00013686225819581175
0.8638655462184873,1.4243697478991595,0.00013703437110440251
0.8714285714285714,1.4243697478991595,0.0001374323144940815
0.8789915966386554,1.4243697478991595,0.0001378302578837605
0.8865546218487395,1.4243697478991595,0.0001382282012734395
0.8941176470588235,1.4243697478991595,0.00013862614466311846
0.9016806722689076,1.4243697478991595,0.00013893424914426133
0.9092436974789916,1.4243697478991595,0.00013892791744552773
0.9168067226890756,1.4243697478991595,0.0001389215857467941
0.9243697478991596,1.4243697478991595,0.0001389152540480605
0.9319327731092437,1.4243697478991595,0.00013890892234932688
0.9394957983193277,1.4243697478991595,0.00013894355296466048
0.9470588235294117,1.4243697478991595,0.0001391215516792294
0.9546218487394957,1.4243697478991595,0.0001392995503937983
0.9621848739495799,1.4243697478991595,0.00013947754910836722
0.9697478991596639,1.4243697478991595,0.0001396555478229361
0.9773109243697479,1.4243697478991595,0.00013983354653750502
0.9848739495798319,1.4243697478991595,0.00014001154525207393
0.992436974789916,1.4243697478991595,0.00014018954396664284
1.0,1.4243697478991595,0.00014036754268121176
0.1,1.4411764705882353,4.2996028597052785e-05
0.10756302521008404,1.4411764705882353,4.540684975937443e-05
0.11512605042016807,1.4411764705882353,4.781767092169606e-05
0.12268907563025211,1.4411764705882353,5.0228492084017706e-05
0.13025210084033614,1.4411764705882353,5.2639313246339344e-05
0.13781512605042018,1.4411764705882353,5.505013440866098e-05
0.1453781512605042,1.4411764705882353,5.746095557098262e-05
0.15294117647058825,1.4411764705882353,5.987177673330426e-05
0.16050420168067228,1.4411764705882353,6.22825978956259e-05
0.16806722689075632,1.4411764705882353,6.469341905794753e-05
0.17563025210084032,1.4411764705882353,6.685890324024131e-05
0.18319327731092439,1.4411764705882353,6.89017189325212e-05
0.1907563025210084,1.4411764705882353,7.094453462480107e-05
0.19831932773109245,1.4411764705882353,7.298735031708095e-05
0.20588235294117646,1.4411764705882353,7.452998921699409e-05
0.21344537815126052,1.4411764705882353,7.592972046194532e-05
0.22100840336134453,1.4411764705882353,7.732945170689653e-05
0.22857142857142856,1.4411764705882353,7.872918295184775e-05
0.2361344537815126,1.4411764705882353,8.022906597448084e-05
0.24369747899159663,1.4411764705882353,8.174146796932414e-05
0.25126050420168067,1.4411764705882353,8.325386996416743e-05
0.2588235294117647,1.4411764705882353,8.476627195901074e-05
0.26638655462184874,1.4411764705882353,8.627867395385406e-05
0.2739495798319328,1.4411764705882353,8.779107594869736e-05
0.2815126050420168,1.4411764705882353,8.930347794354066e-05
0.2890756302521008,1.4411764705882353,9.081587993838396e-05
0.2966386554621849,1.4411764705882353,9.232828193322728e-05
0.30420168067226894,1.4411764705882353,9.357669336936819e-05
0.31176470588235294,1.4411764705882353,9.461391235854717e-05
0.31932773109243695,1.4411764705882353,9.565113134772618e-05
0.326890756302521,1.4411764705882353,9.668835033690518e-05
0.3344537815126051,1.4411764705882353,9.789957067576751e-05
0.3420168067226891,1.4411764705882353,9.919779168947151e-05
0.3495798319327731,1.4411764705882353,0.00010049601270317552
0.3571428571428571,1.4411764705882353,0.00010179423371687952
0.3647058823529412,1.4411764705882353,0.00010309245473058352
0.3722689075630252,1.4411764705882353,0.00010439067574428753
0.3798319327731092,1.4411764705882353,0.00010568889675799152
0.38739495798319323,1.4411764705882353,0.00010698711777169552
0.39495798319327735,1.4411764705882353,0.00010828533878539954
0.40252100840336136,1.4411764705882353,0.00010936522350786992
0.41008403361344536,1.4411764705882353,0.00011000843564787304
0.41764705882352937,1.4411764705882353,0.00011065164778787618
0.4252100840336135,1.4411764705882353,0.00011129485992787932
0.4327731092436975,1.4411764705882353,0.00011200384227141682
0.4403361344537815,1.4411764705882353,0.00011279503736937227
0.4478991596638655,1.4411764705882353,0.00011358623246732773
0.4554621848739496,1.4411764705882353,0.0001143774275652832
0.46302521008403363,1.4411764705882353,0.00011516862266323866
0.47058823529411764,1.4411764705882353,0.00011595981776119413
0.47815126050420165,1.4411764705882353,0.00011675101285914958
0.48571428571428577,1.4411764705882353,0.00011754220795710506
0.49327731092436977,1.4411764705882353,0.00011833340305506051
0.5008403361344538,1.4411764705882353,0.00011910897034621934
0.5084033613445378,1.4411764705882353,0.00011975951518300505
0.5159663865546219,1.4411764705882353,0.00012041006001979077
0.5235294117647059,1.4411764705882353,0.00012106060485657648
0.5310924369747899,1.4411764705882353,0.0001217111496933622
0.5386554621848739,1.4411764705882353,0.00012236169453014791
0.546218487394958,1.4411764705882353,0.00012301223936693362
0.553781512605042,1.4411764705882353,0.00012366278420371935
0.561344537815126,1.4411764705882353,0.00012431332904050505
0.5689075630252101,1.4411764705882353,0.00012496387387729075
0.5764705882352942,1.4411764705882353,0.00012544621489108825
0.5840336134453782,1.4411764705882353,0.00012588049766974621
0.5915966386554622,1.4411764705882353,0.0001263147804484042
0.5991596638655462,1.4411764705882353,0.00012674906322706218
0.6067226890756302,1.4411764705882353,0.0001272097003400395
0.6142857142857142,1.4411764705882353,0.00012767363174480672
0.6218487394957983,1.4411764705882353,0.00012813756314957394
0.6294117647058823,1.4411764705882353,0.00012860149455434116
0.6369747899159663,1.4411764705882353,0.0001290033138918479
0.6445378151260504,1.4411764705882353,0.00012940513322935463
0.6521008403361345,1.4411764705882353,0.00012980695256686135
0.6596638655462185,1.4411764705882353,0.00013020877190436807
0.6672268907563025,1.4411764705882353,0.0001306105912418748
0.6747899159663865,1.4411764705882353,0.00013101241057938151
0.6823529411764706,1.4411764705882353,0.00013141422991688823
0.6899159663865546,1.4411764705882353,0.00013181604925439496
0.6974789915966386,1.4411764705882353,0.00013221786859190168
0.7050420168067226,1.4411764705882353,0.00013244328053936468
0.7126050420168067,1.4411764705882353,0.00013258048879180587
0.7201680672268908,1.4411764705882353,0.00013271769704424705
0.7277310924369748,1.4411764705882353,0.00013285490529668824
0.7352941176470588,1.4411764705882353,0.00013331413990502354
0.7428571428571429,1.4411764705882353,0.0001338653820436143
0.7504201680672269,1.4411764705882353,0.00013441662418220502
0.7579831932773109,1.4411764705882353,0.0001349678663207958
0.7655462184873949,1.4411764705882353,0.00013551910845938656
0.773109243697479,1.4411764705882353,0.00013607035059797732
0.780672268907563,1.4411764705882353,0.00013662159273656807
0.788235294117647,1.4411764705882353,0.00013717283487515883
0.795798319327731,1.4411764705882353,0.00013772407701374958
0.8033613445378152,1.4411764705882353,0.00013807814038585296
0.8109243697478992,1.4411764705882353,0.00013818573029984705
0.8184873949579832,1.4411764705882353,0.00013829332021384117
0.8260504201680672,1.4411764705882353,0.0001384009101278353
0.8336134453781512,1.4411764705882353,0.00013850850004182942
0.8411764705882353,1.4411764705882353,0.00013861608995582354
0.8487394957983193,1.4411764705882353,0.00013872367986981766
0.8563025210084033,1.4411764705882353,0.00013883126978381176
0.8638655462184873,1.4411764705882353,0.00013893885969780588
0.8714285714285714,1.4411764705882353,0.0001390787111090983
0.8789915966386554,1.4411764705882353,0.0001394766544987773
0.8865546218487395,1.4411764705882353,0.0001398745978884563
0.8941176470588235,1.4411764705882353,0.00014027254127813528
0.9016806722689076,1.4411764705882353,0.00014058064575927815
0.9092436974789916,1.4411764705882353,0.00014057431406054455
0.9168067226890756,1.4411764705882353,0.00014056798236181093
0.9243697478991596,1.4411764705882353,0.00014056165066307733
0.9319327731092437,1.4411764705882353,0.00014061676243544454
0.9394957983193277,1.4411764705882353,0.00014079476115001345
0.9470588235294117,1.4411764705882353,0.00014097275986458234
0.9546218487394957,1.4411764705882353,0.00014115075857915125
0.9621848739495799,1.4411764705882353,0.00014132875729372016
0.9697478991596639,1.4411764705882353,0.00014150675600828908
0.9773109243697479,1.4411764705882353,0.000141684754722858
0.9848739495798319,1.4411764705882353,0.0001418627534374269
0.992436974789916,1.4411764705882353,0.0001420407521519958
1.0,1.4411764705882353,0.0001422187508665647
0.1,1.4579831932773109,4.334521231902169e-05
0.10756302521008404,1.4579831932773109,4.575603348134333e-05
0.11512605042016807,1.4579831932773109,4.816685464366497e-05
0.12268907563025211,1.4579831932773109,5.0577675805986605e-05
0.13025210084033614,1.4579831932773109,5.298849696830825e-05
0.13781512605042018,1.4579831932773109,5.539931813062988e-05
0.1453781512605042,1.4579831932773109,5.7810139292951526e-05
0.15294117647058825,1.4579831932773109,6.0220960455273164e-05
0.16050420168067228,1.4579831932773109,6.26317816175948e-05
0.16806722689075632,1.4579831932773109,6.504260277991644e-05
0.17563025210084032,1.4579831932773109,6.745342394223806e-05
0.18319327731092439,1.4579831932773109,6.965979762120317e-05
0.1907563025210084,1.4579831932773109,7.170261331348305e-05
0.19831932773109245,1.4579831932773109,7.374542900576293e-05
0.20588235294117646,1.4579831932773109,7.528806790567607e-05
0.21344537815126052,1.4579831932773109,7.66877991506273e-05
0.22100840336134453,1.4579831932773109,7.80875303955785e-05
0.22857142857142856,1.4579831932773109,7.959993239042181e-05
0.2361344537815126,1.4579831932773109,8.111233438526512e-05
0.24369747899159663,1.4579831932773109,8.262473638010842e-05
0.25126050420168067,1.4579831932773109,8.413713837495173e-05
0.2588235294117647,1.4579831932773109,8.564954036979502e-05
0.26638655462184874,1.4579831932773109,8.716194236463835e-05
0.2739495798319328,1.4579831932773109,8.867434435948164e-05
0.2815126050420168,1.4579831932773109,9.018674635432496e-05
0.2890756302521008,1.4579831932773109,9.169914834916825e-05
0.2966386554621849,1.4579831932773109,9.321155034401156e-05
0.30420168067226894,1.4579831932773109,9.445996178015247e-05
0.31176470588235294,1.4579831932773109,9.549718076933147e-05
0.31932773109243695,1.4579831932773109,9.653439975851047e-05
0.326890756302521,1.4579831932773109,9.777462032232003e-05
0.3344537815126051,1.4579831932773109,9.907284133602403e-05
0.3420168067226891,1.4579831932773109,0.00010037106234972803
0.3495798319327731,1.4579831932773109,0.00010166928336343203
0.3571428571428571,1.4579831932773109,0.00010296750437713602
0.3647058823529412,1.4579831932773109,0.00010426572539084004
0.3722689075630252,1.4579831932773109,0.00010556394640454404
0.3798319327731092,1.4579831932773109,0.00010686216741824803
0.38739495798319323,1.4579831932773109,0.00010816038843195204
0.39495798319327735,1.4579831932773109,0.00010945860944565605
0.40252100840336136,1.4579831932773109,0.00011053849416812643
0.41008403361344536,1.4579831932773109,0.00011118170630812956
0.41764705882352937,1.4579831932773109,0.00011182491844813268
0.4252100840336135,1.4579831932773109,0.00011255034334255378
0.4327731092436975,1.4579831932773109,0.00011334153844050924
0.4403361344537815,1.4579831932773109,0.0001141327335384647
0.4478991596638655,1.4579831932773109,0.00011492392863642016
0.4554621848739496,1.4579831932773109,0.00011571512373437565
0.46302521008403363,1.4579831932773109,0.0001165063188323311
0.47058823529411764,1.4579831932773109,0.00011729751393028656
0.47815126050420165,1.4579831932773109,0.00011808870902824201
0.48571428571428577,1.4579831932773109,0.00011887990412619748
0.49327731092436977,1.4579831932773109,0.00011967109922415294
0.5008403361344538,1.4579831932773109,0.00012044666651531177
0.5084033613445378,1.4579831932773109,0.00012109721135209748
0.5159663865546219,1.4579831932773109,0.0001217477561888832
0.5235294117647059,1.4579831932773109,0.00012239830102566893
0.5310924369747899,1.4579831932773109,0.00012304884586245463
0.5386554621848739,1.4579831932773109,0.00012369939069924033
0.546218487394958,1.4579831932773109,0.00012434993553602606
0.553781512605042,1.4579831932773109,0.00012500048037281176
0.561344537815126,1.4579831932773109,0.0001256510252095975
0.5689075630252101,1.4579831932773109,0.0001263015700463832
0.5764705882352942,1.4579831932773109,0.00012695211488316892
0.5840336134453782,1.4579831932773109,0.00012745848501453613
0.5915966386554622,1.4579831932773109,0.00012789276779319412
0.5991596638655462,1.4579831932773109,0.0001283270505718521
0.6067226890756302,1.4579831932773109,0.0001287876876848294
0.6142857142857142,1.4579831932773109,0.00012925161908959663
0.6218487394957983,1.4579831932773109,0.00012970864915355713
0.6294117647058823,1.4579831932773109,0.00013011046849106385
0.6369747899159663,1.4579831932773109,0.00013051228782857058
0.6445378151260504,1.4579831932773109,0.0001309141071660773
0.6521008403361345,1.4579831932773109,0.00013131592650358404
0.6596638655462185,1.4579831932773109,0.00013171774584109076
0.6672268907563025,1.4579831932773109,0.00013211956517859749
0.6747899159663865,1.4579831932773109,0.0001325213845161042
0.6823529411764706,1.4579831932773109,0.00013292320385361093
0.6899159663865546,1.4579831932773109,0.00013332502319111765
0.6974789915966386,1.4579831932773109,0.00013372684252862437
0.7050420168067226,1.4579831932773109,0.00013395225447608737
0.7126050420168067,1.4579831932773109,0.00013408946272852856
0.7201680672268908,1.4579831932773109,0.00013422667098096975
0.7277310924369748,1.4579831932773109,0.00013473190935443276
0.7352941176470588,1.4579831932773109,0.00013528315149302351
0.7428571428571429,1.4579831932773109,0.0001358343936316143
0.7504201680672269,1.4579831932773109,0.00013638563577020503
0.7579831932773109,1.4579831932773109,0.0001369368779087958
0.7655462184873949,1.4579831932773109,0.00013748812004738654
0.773109243697479,1.4579831932773109,0.0001380393621859773
0.780672268907563,1.4579831932773109,0.00013859060432456805
0.788235294117647,1.4579831932773109,0.0001391418464631588
0.795798319327731,1.4579831932773109,0.00013969308860174956
0.8033613445378152,1.4579831932773109,0.00014004715197385296
0.8109243697478992,1.4579831932773109,0.00014015474188784708
0.8184873949579832,1.4579831932773109,0.00014026233180184118
0.8260504201680672,1.4579831932773109,0.0001403699217158353
0.8336134453781512,1.4579831932773109,0.0001404775116298294
0.8411764705882353,1.4579831932773109,0.00014058510154382354
0.8487394957983193,1.4579831932773109,0.00014069269145781764
0.8563025210084033,1.4579831932773109,0.00014080028137181176
0.8638655462184873,1.4579831932773109,0.00014090787128580588
0.8714285714285714,1.4579831932773109,0.0001410154611998
0.8789915966386554,1.4579831932773109,0.0001411230511137941
0.8865546218487395,1.4579831932773109,0.0001415209945034731
0.8941176470588235,1.4579831932773109,0.00014191893789315208
0.9016806722689076,1.4579831932773109,0.00014222704237429494
0.9092436974789916,1.4579831932773109,0.00014222071067556134
0.9168067226890756,1.4579831932773109,0.00014221437897682772
0.9243697478991596,1.4579831932773109,0.00014228997190622854
0.9319327731092437,1.4579831932773109,0.00014246797062079748
0.9394957983193277,1.4579831932773109,0.0001426459693353664
0.9470588235294117,1.4579831932773109,0.00014282396804993528
0.9546218487394957,1.4579831932773109,0.0001430019667645042
0.9621848739495799,1.4579831932773109,0.0001431799654790731
0.9697478991596639,1.4579831932773109,0.00014335796419364202
0.9773109243697479,1.4579831932773109,0.00014353596290821093
0.9848739495798319,1.4579831932773109,0.00014371396162277982
0.992436974789916,1.4579831932773109,0.00014389196033734873
1.0,1.4579831932773109,0.00014406995905191764
0.1,1.4747899159663866,4.3694396040990596e-05
0.10756302521008404,1.4747899159663866,4.6105217203312234e-05
0.11512605042016807,1.4747899159663866,4.851603836563387e-05
0.12268907563025211,1.4747899159663866,5.092685952795551e-05
0.13025210084033614,1.4747899159663866,5.3337680690277155e-05
0.13781512605042018,1.4747899159663866,5.5748501852598787e-05
0.1453781512605042,1.4747899159663866,5.815932301492043e-05
0.15294117647058825,1.4747899159663866,6.057014417724207e-05
0.16050420168067228,1.4747899159663866,6.298096533956371e-05
0.16806722689075632,1.4747899159663866,6.539178650188535e-05
0.17563025210084032,1.4747899159663866,6.780260766420697e-05
0.18319327731092439,1.4747899159663866,7.021342882652862e-05
0.1907563025210084,1.4747899159663866,7.246069200216501e-05
0.19831932773109245,1.4747899159663866,7.450350769444489e-05
0.20588235294117646,1.4747899159663866,7.604614659435804e-05
0.21344537815126052,1.4747899159663866,7.745839681151952e-05
0.22100840336134453,1.4747899159663866,7.897079880636281e-05
0.22857142857142856,1.4747899159663866,8.048320080120612e-05
0.2361344537815126,1.4747899159663866,8.199560279604942e-05
0.24369747899159663,1.4747899159663866,8.350800479089273e-05
0.25126050420168067,1.4747899159663866,8.502040678573603e-05
0.2588235294117647,1.4747899159663866,8.653280878057932e-05
0.26638655462184874,1.4747899159663866,8.804521077542264e-05
0.2739495798319328,1.4747899159663866,8.955761277026595e-05
0.2815126050420168,1.4747899159663866,9.107001476510925e-05
0.2890756302521008,1.4747899159663866,9.258241675995255e-05
0.2966386554621849,1.4747899159663866,9.409481875479587e-05
0.30420168067226894,1.4747899159663866,9.534323019093677e-05
0.31176470588235294,1.4747899159663866,9.638044918011576e-05
0.31932773109243695,1.4747899159663866,9.764966996887255e-05
0.326890756302521,1.4747899159663866,9.894789098257655e-05
0.3344537815126051,1.4747899159663866,0.00010024611199628055
0.3420168067226891,1.4747899159663866,0.00010154433300998455
0.3495798319327731,1.4747899159663866,0.00010284255402368855
0.3571428571428571,1.4747899159663866,0.00010414077503739256
0.3647058823529412,1.4747899159663866,0.00010543899605109657
0.3722689075630252,1.4747899159663866,0.00010673721706480056
0.3798319327731092,1.4747899159663866,0.00010803543807850456
0.38739495798319323,1.4747899159663866,0.00010933365909220856
0.39495798319327735,1.4747899159663866,0.00011063188010591258
0.40252100840336136,1.4747899159663866,0.00011171176482838295
0.41008403361344536,1.4747899159663866,0.00011235497696838608
0.41764705882352937,1.4747899159663866,0.00011309684441369076
0.4252100840336135,1.4747899159663866,0.00011388803951164622
0.4327731092436975,1.4747899159663866,0.00011467923460960169
0.4403361344537815,1.4747899159663866,0.00011547042970755714
0.4478991596638655,1.4747899159663866,0.00011626162480551262
0.4554621848739496,1.4747899159663866,0.0001170528199034681
0.46302521008403363,1.4747899159663866,0.00011784401500142356
0.47058823529411764,1.4747899159663866,0.00011863521009937902
0.47815126050420165,1.4747899159663866,0.00011942640519733447
0.48571428571428577,1.4747899159663866,0.00012021760029528993
0.49327731092436977,1.4747899159663866,0.0001210087953932454
0.5008403361344538,1.4747899159663866,0.00012178436268440421
0.5084033613445378,1.4747899159663866,0.00012243490752118994
0.5159663865546219,1.4747899159663866,0.00012308545235797564
0.5235294117647059,1.4747899159663866,0.00012373599719476137
0.5310924369747899,1.4747899159663866,0.00012438654203154707
0.5386554621848739,1.4747899159663866,0.00012503708686833277
0.546218487394958,1.4747899159663866,0.0001256876317051185
0.553781512605042,1.4747899159663866,0.0001263381765419042
0.561344537815126,1.4747899159663866,0.00012698872137868994
0.5689075630252101,1.4747899159663866,0.00012763926621547564
0.5764705882352942,1.4747899159663866,0.00012828981105226137
0.5840336134453782,1.4747899159663866,0.00012894035588904707
0.5915966386554622,1.4747899159663866,0.00012947075513798404
0.5991596638655462,1.4747899159663866,0.00012990503791664203
0.6067226890756302,1.4747899159663866,0.00013036567502961932
0.6142857142857142,1.4747899159663866,0.00013081580375277313
0.6218487394957983,1.4747899159663866,0.00013121762309027985
0.6294117647058823,1.4747899159663866,0.00013161944242778657
0.6369747899159663,1.4747899159663866,0.0001320212617652933
0.6445378151260504,1.4747899159663866,0.00013242308110280002
0.6521008403361345,1.4747899159663866,0.00013282490044030674
0.6596638655462185,1.4747899159663866,0.00013322671977781346
0.6672268907563025,1.4747899159663866,0.00013362853911532018
0.6747899159663865,1.4747899159663866,0.0001340303584528269
0.6823529411764706,1.4747899159663866,0.00013443217779033362
0.6899159663865546,1.4747899159663866,0.00013483399712784034
0.6974789915966386,1.4747899159663866,0.00013523581646534706
0.7050420168067226,1.4747899159663866,0.00013546122841281007
0.7126050420168067,1.4747899159663866,0.00013559843666525125
0.7201680672268908,1.4747899159663866,0.00013614967880384203
0.7277310924369748,1.4747899159663866,0.00013670092094243276
0.7352941176470588,1.4747899159663866,0.00013725216308102355
0.7428571428571429,1.4747899159663866,0.0001378034052196143
0.7504201680672269,1.4747899159663866,0.00013835464735820506
0.7579831932773109,1.4747899159663866,0.0001389058894967958
0.7655462184873949,1.4747899159663866,0.00013945713163538657
0.773109243697479,1.4747899159663866,0.00014000837377397732
0.780672268907563,1.4747899159663866,0.00014055961591256808
0.788235294117647,1.4747899159663866,0.00014111085805115883
0.795798319327731,1.4747899159663866,0.0001416621001897496
0.8033613445378152,1.4747899159663866,0.00014201616356185296
0.8109243697478992,1.4747899159663866,0.00014212375347584708
0.8184873949579832,1.4747899159663866,0.00014223134338984118
0.8260504201680672,1.4747899159663866,0.0001423389333038353
0.8336134453781512,1.4747899159663866,0.00014244652321782943
0.8411764705882353,1.4747899159663866,0.00014255411313182355
0.8487394957983193,1.4747899159663866,0.00014266170304581767
0.8563025210084033,1.4747899159663866,0.0001427692929598118
0.8638655462184873,1.4747899159663866,0.00014287688287380592
0.8714285714285714,1.4747899159663866,0.00014298447278780004
0.8789915966386554,1.4747899159663866,0.00014309206270179413
0.8865546218487395,1.4747899159663866,0.00014319965261578826
0.8941176470588235,1.4747899159663866,0.0001435653345081689
0.9016806722689076,1.4747899159663866,0.00014387343898931176
0.9092436974789916,1.4747899159663866,0.00014386710729057817
0.9168067226890756,1.4747899159663866,0.0001439631813770126
0.9243697478991596,1.4747899159663866,0.00014414118009158151
0.9319327731092437,1.4747899159663866,0.00014431917880615043
0.9394957983193277,1.4747899159663866,0.00014449717752071934
0.9470588235294117,1.4747899159663866,0.00014467517623528825
0.9546218487394957,1.4747899159663866,0.00014485317494985716
0.9621848739495799,1.4747899159663866,0.00014503117366442608
0.9697478991596639,1.4747899159663866,0.000145209172378995
0.9773109243697479,1.4747899159663866,0.00014538717109356387
0.9848739495798319,1.4747899159663866,0.00014556516980813278
0.992436974789916,1.4747899159663866,0.0001457431685227017
1.0,1.4747899159663866,0.0001459211672372706
0.1,1.4915966386554622,4.4043579762959495e-05
0.10756302521008404,1.4915966386554622,4.645440092528114e-05
0.11512605042016807,1.4915966386554622,4.886522208760277e-05
0.12268907563025211,1.4915966386554622,5.127604324992441e-05
0.13025210084033614,1.4915966386554622,5.3686864412246054e-05
0.13781512605042018,1.4915966386554622,5.609768557456769e-05
0.1453781512605042,1.4915966386554622,5.850850673688933e-05
0.15294117647058825,1.4915966386554622,6.091932789921097e-05
0.16050420168067228,1.4915966386554622,6.333014906153261e-05
0.16806722689075632,1.4915966386554622,6.574097022385425e-05
0.17563025210084032,1.4915966386554622,6.815179138617588e-05
0.18319327731092439,1.4915966386554622,7.056261254849753e-05
0.1907563025210084,1.4915966386554622,7.297343371081915e-05
0.19831932773109245,1.4915966386554622,7.526158638312688e-05
0.20588235294117646,1.4915966386554622,7.682926322746049e-05
0.21344537815126052,1.4915966386554622,7.83416652223038e-05
0.22100840336134453,1.4915966386554622,7.985406721714709e-05
0.22857142857142856,1.4915966386554622,8.13664692119904e-05
0.2361344537815126,1.4915966386554622,8.28788712068337e-05
0.24369747899159663,1.4915966386554622,8.439127320167702e-05
0.25126050420168067,1.4915966386554622,8.590367519652031e-05
0.2588235294117647,1.4915966386554622,8.74160771913636e-05
0.26638655462184874,1.4915966386554622,8.892847918620692e-05
0.2739495798319328,1.4915966386554622,9.044088118105023e-05
0.2815126050420168,1.4915966386554622,9.195328317589353e-05
0.2890756302521008,1.4915966386554622,9.346568517073684e-05
0.2966386554621849,1.4915966386554622,9.497808716558014e-05
0.30420168067226894,1.4915966386554622,9.622649860172105e-05
0.31176470588235294,1.4915966386554622,9.752471961542507e-05
0.31932773109243695,1.4915966386554622,9.882294062912905e-05
0.326890756302521,1.4915966386554622,0.00010012116164283307
0.3344537815126051,1.4915966386554622,0.00010141938265653707
0.3420168067226891,1.4915966386554622,0.00010271760367024106
0.3495798319327731,1.4915966386554622,0.00010401582468394506
0.3571428571428571,1.4915966386554622,0.00010531404569764906
0.3647058823529412,1.4915966386554622,0.00010661226671135308
0.3722689075630252,1.4915966386554622,0.00010791048772505707
0.3798319327731092,1.4915966386554622,0.00010920870873876107
0.38739495798319323,1.4915966386554622,0.00011050692975246507
0.39495798319327735,1.4915966386554622,0.00011180515076616908
0.40252100840336136,1.4915966386554622,0.00011288503548863947
0.41008403361344536,1.4915966386554622,0.00011364334548482774
0.41764705882352937,1.4915966386554622,0.00011443454058278319
0.4252100840336135,1.4915966386554622,0.00011522573568073865
0.4327731092436975,1.4915966386554622,0.00011601693077869412
0.4403361344537815,1.4915966386554622,0.00011680812587664957
0.4478991596638655,1.4915966386554622,0.00011759932097460503
0.4554621848739496,1.4915966386554622,0.00011839051607256052
0.46302521008403363,1.4915966386554622,0.00011918171117051599
0.47058823529411764,1.4915966386554622,0.00011997290626847145
0.47815126050420165,1.4915966386554622,0.0001207641013664269
0.48571428571428577,1.4915966386554622,0.00012155529646438236
0.49327731092436977,1.4915966386554622,0.00012234649156233783
0.5008403361344538,1.4915966386554622,0.00012312205885349665
0.5084033613445378,1.4915966386554622,0.00012377260369028235
0.5159663865546219,1.4915966386554622,0.00012442314852706808
0.5235294117647059,1.4915966386554622,0.0001250736933638538
0.5310924369747899,1.4915966386554622,0.00012572423820063952
0.5386554621848739,1.4915966386554622,0.00012637478303742522
0.546218487394958,1.4915966386554622,0.00012702532787421095
0.553781512605042,1.4915966386554622,0.00012767587271099665
0.561344537815126,1.4915966386554622,0.00012832641754778235
0.5689075630252101,1.4915966386554622,0.00012897696238456808
0.5764705882352942,1.4915966386554622,0.0001296275072213538
0.5840336134453782,1.4915966386554622,0.0001302780520581395
0.5915966386554622,1.4915966386554622,0.00013092859689492521
0.5991596638655462,1.4915966386554622,0.00013148302526143195
0.6067226890756302,1.4915966386554622,0.00013192295835198908
0.6142857142857142,1.4915966386554622,0.00013232477768949582
0.6218487394957983,1.4915966386554622,0.00013272659702700255
0.6294117647058823,1.4915966386554622,0.00013312841636450927
0.6369747899159663,1.4915966386554622,0.000133530235702016
0.6445378151260504,1.4915966386554622,0.00013393205503952268
0.6521008403361345,1.4915966386554622,0.00013433387437702943
0.6596638655462185,1.4915966386554622,0.00013473569371453615
0.6672268907563025,1.4915966386554622,0.00013513751305204287
0.6747899159663865,1.4915966386554622,0.0001355393323895496
0.6823529411764706,1.4915966386554622,0.0001359411517270563
0.6899159663865546,1.4915966386554622,0.00013634297106456303
0.6974789915966386,1.4915966386554622,0.00013674479040206975
0.7050420168067226,1.4915966386554622,0.0001370162061146605
0.7126050420168067,1.4915966386554622,0.00013756744825325126
0.7201680672268908,1.4915966386554622,0.00013811869039184204
0.7277310924369748,1.4915966386554622,0.00013866993253043277
0.7352941176470588,1.4915966386554622,0.00013922117466902352
0.7428571428571429,1.4915966386554622,0.0001397724168076143
0.7504201680672269,1.4915966386554622,0.00014032365894620506
0.7579831932773109,1.4915966386554622,0.0001408749010847958
0.7655462184873949,1.4915966386554622,0.00014142614322338654
0.773109243697479,1.4915966386554622,0.00014197738536197733
0.780672268907563,1.4915966386554622,0.00014252862750056808
0.788235294117647,1.4915966386554622,0.00014307986963915884
0.795798319327731,1.4915966386554622,0.00014363111177774957
0.8033613445378152,1.4915966386554622,0.00014398517514985297
0.8109243697478992,1.4915966386554622,0.0001440927650638471
0.8184873949579832,1.4915966386554622,0.00014420035497784118
0.8260504201680672,1.4915966386554622,0.0001443079448918353
0.8336134453781512,1.4915966386554622,0.00014441553480582943
0.8411764705882353,1.4915966386554622,0.00014452312471982355
0.8487394957983193,1.4915966386554622,0.00014463071463381765
0.8563025210084033,1.4915966386554622,0.0001447383045478118
0.8638655462184873,1.4915966386554622,0.0001448458944618059
0.8714285714285714,1.4915966386554622,0.00014495348437580001
0.8789915966386554,1.4915966386554622,0.00014506107428979414
0.8865546218487395,1.4915966386554622,0.00014516866420378826
0.8941176470588235,1.4915966386554622,0.00014527625411778235
0.9016806722689076,1.4915966386554622,0.00014551983560432856
0.9092436974789916,1.4915966386554622,0.00014563639084779663
0.9168067226890756,1.4915966386554622,0.00014581438956236554
0.9243697478991596,1.4915966386554622,0.00014599238827693446
0.9319327731092437,1.4915966386554622,0.00014617038699150337
0.9394957983193277,1.4915966386554622,0.00014634838570607228
0.9470588235294117,1.4915966386554622,0.00014652638442064117
0.9546218487394957,1.4915966386554622,0.00014670438313521008
0.9621848739495799,1.4915966386554622,0.00014688238184977902
0.9697478991596639,1.4915966386554622,0.0001470603805643479
0.9773109243697479,1.4915966386554622,0.00014723837927891681
0.9848739495798319,1.4915966386554622,0.00014741637799348573
0.992436974789916,1.4915966386554622,0.0001475943767080546
1.0,1.4915966386554622,0.00014777237542262352
0.1,1.5084033613445378,4.4378090319194494e-05
0.10756302521008404,1.5084033613445378,4.678891148151614e-05
0.11512605042016807,1.5084033613445378,4.919973264383777e-05
0.12268907563025211,1.5084033613445378,5.161055380615941e-05
0.13025210084033614,1.5084033613445378,5.402137496848105e-05
0.13781512605042018,1.5084033613445378,5.643219613080269e-05
0.1453781512605042,1.5084033613445378,5.884301729312433e-05
0.15294117647058825,1.5084033613445378,6.125383845544597e-05
0.16050420168067228,1.5084033613445378,6.366465961776761e-05
0.16806722689075632,1.5084033613445378,6.607548078008925e-05
0.17563025210084032,1.5084033613445378,6.848630194241087e-05
0.18319327731092439,1.5084033613445378,7.089712310473253e-05
0.1907563025210084,1.5084033613445378,7.330794426705415e-05
0.19831932773109245,1.5084033613445378,7.582365068865677e-05
0.20588235294117646,1.5084033613445378,7.783427066283805e-05
0.21344537815126052,1.5084033613445378,7.934667265768135e-05
0.22100840336134453,1.5084033613445378,8.085907465252465e-05
0.22857142857142856,1.5084033613445378,8.237147664736795e-05
0.2361344537815126,1.5084033613445378,8.388387864221126e-05
0.24369747899159663,1.5084033613445378,8.539628063705456e-05
0.25126050420168067,1.5084033613445378,8.690868263189787e-05
0.2588235294117647,1.5084033613445378,8.842108462674116e-05
0.26638655462184874,1.5084033613445378,8.993348662158448e-05
0.2739495798319328,1.5084033613445378,9.144588861642779e-05
0.2815126050420168,1.5084033613445378,9.295829061127109e-05
0.2890756302521008,1.5084033613445378,9.44706926061144e-05
0.2966386554621849,1.5084033613445378,9.59830946009577e-05
0.30420168067226894,1.5084033613445378,9.737650716183473e-05
0.31176470588235294,1.5084033613445378,9.867472817553872e-05
0.31932773109243695,1.5084033613445378,9.997294918924273e-05
0.326890756302521,1.5084033613445378,0.00010127117020294673
0.3344537815126051,1.5084033613445378,0.00010256939121665074
0.3420168067226891,1.5084033613445378,0.00010386761223035472
0.3495798319327731,1.5084033613445378,0.00010516583324405873
0.3571428571428571,1.5084033613445378,0.00010646405425776273
0.3647058823529412,1.5084033613445378,0.00010776227527146676
0.3722689075630252,1.5084033613445378,0.00010906049628517076
0.3798319327731092,1.5084033613445378,0.00011035871729887475
0.38739495798319323,1.5084033613445378,0.00011165693831257875
0.39495798319327735,1.5084033613445378,0.00011295515932628275
0.40252100840336136,1.5084033613445378,0.00011419988951482438
0.41008403361344536,1.5084033613445378,0.00011506403620927731
0.41764705882352937,1.5084033613445378,0.00011585523130723277
0.4252100840336135,1.5084033613445378,0.00011664642640518824
0.4327731092436975,1.5084033613445378,0.0001174376215031437
0.4403361344537815,1.5084033613445378,0.00011822881660109915
0.4478991596638655,1.5084033613445378,0.00011902001169905462
0.4554621848739496,1.5084033613445378,0.0001198112067970101
0.46302521008403363,1.5084033613445378,0.00012060240189496556
0.47058823529411764,1.5084033613445378,0.00012139359699292102
0.47815126050420165,1.5084033613445378,0.00012218479209087649
0.48571428571428577,1.5084033613445378,0.00012297598718883195
0.49327731092436977,1.5084033613445378,0.0001237671822867874
0.5008403361344538,1.5084033613445378,0.0001245427495779462
0.5084033613445378,1.5084033613445378,0.00012519329441473194
0.5159663865546219,1.5084033613445378,0.00012584383925151767
0.5235294117647059,1.5084033613445378,0.00012649438408830337
0.5310924369747899,1.5084033613445378,0.00012714492892508907
0.5386554621848739,1.5084033613445378,0.0001277954737618748
0.546218487394958,1.5084033613445378,0.00012844601859866053
0.553781512605042,1.5084033613445378,0.00012909656343544623
0.561344537815126,1.5084033613445378,0.00012974710827223194
0.5689075630252101,1.5084033613445378,0.00013039765310901766
0.5764705882352942,1.5084033613445378,0.00013104819794580337
0.5840336134453782,1.5084033613445378,0.0001316987427825891
0.5915966386554622,1.5084033613445378,0.0001323492876193748
0.5991596638655462,1.5084033613445378,0.00013305391735339748
0.6067226890756302,1.5084033613445378,0.00013348676479243027
0.6142857142857142,1.5084033613445378,0.00013388858412993697
0.6218487394957983,1.5084033613445378,0.00013429040346744372
0.6294117647058823,1.5084033613445378,0.00013469222280495044
0.6369747899159663,1.5084033613445378,0.00013509404214245716
0.6445378151260504,1.5084033613445378,0.00013549586147996385
0.6521008403361345,1.5084033613445378,0.0001358976808174706
0.6596638655462185,1.5084033613445378,0.00013629950015497732
0.6672268907563025,1.5084033613445378,0.00013670131949248404
0.6747899159663865,1.5084033613445378,0.00013710313882999076
0.6823529411764706,1.5084033613445378,0.00013750495816749748
0.6899159663865546,1.5084033613445378,0.0001379067775050042
0.6974789915966386,1.5084033613445378,0.00013830859684251092
0.7050420168067226,1.5084033613445378,0.00013881003138074033
0.7126050420168067,1.5084033613445378,0.00013936127351933108
0.7201680672268908,1.5084033613445378,0.00013991251565792186
0.7277310924369748,1.5084033613445378,0.0001404637577965126
0.7352941176470588,1.5084033613445378,0.00014101499993510335
0.7428571428571429,1.5084033613445378,0.00014156624207369413
0.7504201680672269,1.5084033613445378,0.0001421174842122849
0.7579831932773109,1.5084033613445378,0.00014266872635087564
0.7655462184873949,1.5084033613445378,0.0001432199684894664
0.773109243697479,1.5084033613445378,0.00014377121062805715
0.780672268907563,1.5084033613445378,0.00014432245276664788
0.788235294117647,1.5084033613445378,0.00014487369490523864
0.795798319327731,1.5084033613445378,0.00014542493704382942
0.8033613445378152,1.5084033613445378,0.00014598052733848994
0.8109243697478992,1.5084033613445378,0.0001461119644642252
0.8184873949579832,1.5084033613445378,0.00014621955437821933
0.8260504201680672,1.5084033613445378,0.00014632714429221343
0.8336134453781512,1.5084033613445378,0.00014643473420620755
0.8411764705882353,1.5084033613445378,0.00014654232412020167
0.8487394957983193,1.5084033613445378,0.0001466499140341958
0.8563025210084033,1.5084033613445378,0.00014675750394818995
0.8638655462184873,1.5084033613445378,0.00014686509386218407
0.8714285714285714,1.5084033613445378,0.0001469726837761782
0.8789915966386554,1.5084033613445378,0.00014708027369017229
0.8865546218487395,1.5084033613445378,0.0001471878636041664
0.8941176470588235,1.5084033613445378,0.00014729545351816053
0.9016806722689076,1.5084033613445378,0.00014739394096418992
0.9092436974789916,1.5084033613445378,0.00014753481637662017
0.9168067226890756,1.5084033613445378,0.00014771281509118908
0.9243697478991596,1.5084033613445378,0.000147890813805758
0.9319327731092437,1.5084033613445378,0.00014806881252032688
0.9394957983193277,1.5084033613445378,0.0001482468112348958
0.9470588235294117,1.5084033613445378,0.0001484248099494647
0.9546218487394957,1.5084033613445378,0.00014860280866403362
0.9621848739495799,1.5084033613445378,0.00014878080737860253
0.9697478991596639,1.5084033613445378,0.00014895880609317144
0.9773109243697479,1.5084033613445378,0.00014913680480774032
0.9848739495798319,1.5084033613445378,0.00014931480352230924
0.992436974789916,1.5084033613445378,0.00014949280223687815
1.0,1.5084033613445378,0.00014967080095144706
0.1,1.5252100840336134,4.469792770969559e-05
0.10756302521008404,1.5252100840336134,4.710874887201723e-05
0.11512605042016807,1.5252100840336134,4.951957003433887e-05
0.12268907563025211,1.5252100840336134,5.193039119666051e-05
0.13025210084033614,1.5252100840336134,5.434121235898215e-05
0.13781512605042018,1.5252100840336134,5.675203352130378e-05
0.1453781512605042,1.5252100840336134,5.916285468362543e-05
0.15294117647058825,1.5252100840336134,6.157367584594707e-05
0.16050420168067228,1.5252100840336134,6.39844970082687e-05
0.16806722689075632,1.5252100840336134,6.639531817059034e-05
0.17563025210084032,1.5252100840336134,6.880613933291197e-05
0.18319327731092439,1.5252100840336134,7.121696049523362e-05
0.1907563025210084,1.5252100840336134,7.376762866992988e-05
0.19831932773109245,1.5252100840336134,7.649310561009444e-05
0.20588235294117646,1.5252100840336134,7.859518389198235e-05
0.21344537815126052,1.5252100840336134,8.047341911765218e-05
0.22100840336134453,1.5252100840336134,8.198582111249548e-05
0.22857142857142856,1.5252100840336134,8.349822310733878e-05
0.2361344537815126,1.5252100840336134,8.501062510218208e-05
0.24369747899159663,1.5252100840336134,8.65230270970254e-05
0.25126050420168067,1.5252100840336134,8.80354290918687e-05
0.2588235294117647,1.5252100840336134,8.9547831086712e-05
0.26638655462184874,1.5252100840336134,9.106023308155532e-05
0.2739495798319328,1.5252100840336134,9.257263507639862e-05
0.2815126050420168,1.5252100840336134,9.408503707124193e-05
0.2890756302521008,1.5252100840336134,9.559743906608522e-05
0.2966386554621849,1.5252100840336134,9.710984106092854e-05
0.30420168067226894,1.5252100840336134,9.850325362180557e-05
0.31176470588235294,1.5252100840336134,9.980147463550955e-05
0.31932773109243695,1.5252100840336134,0.00010109969564921357
0.326890756302521,1.5252100840336134,0.00010239791666291756
0.3344537815126051,1.5252100840336134,0.00010369613767662157
0.3420168067226891,1.5252100840336134,0.00010499435869032556
0.3495798319327731,1.5252100840336134,0.00010629257970402956
0.3571428571428571,1.5252100840336134,0.00010759080071773356
0.3647058823529412,1.5252100840336134,0.00010888902173143758
0.3722689075630252,1.5252100840336134,0.00011018724274514158
0.3798319327731092,1.5252100840336134,0.00011148546375884557
0.38739495798319323,1.5252100840336134,0.00011278368477254958
0.39495798319327735,1.5252100840336134,0.00011409286853986723
0.40252100840336136,1.5252100840336134,0.00011533881681214369
0.41008403361344536,1.5252100840336134,0.0001164582940943378
0.41764705882352937,1.5252100840336134,0.0001173589165870395
0.4252100840336135,1.5252100840336134,0.00011815011168499496
0.4327731092436975,1.5252100840336134,0.00011894130678295041
0.4403361344537815,1.5252100840336134,0.00011973250188090588
0.4478991596638655,1.5252100840336134,0.00012052369697886134
0.4554621848739496,1.5252100840336134,0.0001213148920768168
0.46302521008403363,1.5252100840336134,0.00012210608717477228
0.47058823529411764,1.5252100840336134,0.00012289728227272775
0.47815126050420165,1.5252100840336134,0.00012368847737068318
0.48571428571428577,1.5252100840336134,0.00012447967246863867
0.49327731092436977,1.5252100840336134,0.0001252708675665941
0.5008403361344538,1.5252100840336134,0.00012604643485775293
0.5084033613445378,1.5252100840336134,0.00012669697969453866
0.5159663865546219,1.5252100840336134,0.00012734752453132437
0.5235294117647059,1.5252100840336134,0.0001279980693681101
0.5310924369747899,1.5252100840336134,0.00012864861420489583
0.5386554621848739,1.5252100840336134,0.00012929915904168153
0.546218487394958,1.5252100840336134,0.00012994970387846723
0.553781512605042,1.5252100840336134,0.00013060024871525293
0.561344537815126,1.5252100840336134,0.00013125079355203866
0.5689075630252101,1.5252100840336134,0.00013190133838882436
0.5764705882352942,1.5252100840336134,0.0001325518832256101
0.5840336134453782,1.5252100840336134,0.0001332024280623958
0.5915966386554622,1.5252100840336134,0.00013392057902072773
0.5991596638655462,1.5252100840336134,0.00013469281487629663
0.6067226890756302,1.5252100840336134,0.00013511958474170756
0.6142857142857142,1.5252100840336134,0.00013550722307409665
0.6218487394957983,1.5252100840336134,0.00013590904241160337
0.6294117647058823,1.5252100840336134,0.0001363108617491101
0.6369747899159663,1.5252100840336134,0.0001367126810866168
0.6445378151260504,1.5252100840336134,0.00013711450042412353
0.6521008403361345,1.5252100840336134,0.00013751631976163025
0.6596638655462185,1.5252100840336134,0.00013791813909913697
0.6672268907563025,1.5252100840336134,0.0001383199584366437
0.6747899159663865,1.5252100840336134,0.0001387217777741504
0.6823529411764706,1.5252100840336134,0.00013912359711165713
0.6899159663865546,1.5252100840336134,0.00013952541644916385
0.6974789915966386,1.5252100840336134,0.00013992723578667057
0.7050420168067226,1.5252100840336134,0.00014042867032489998
0.7126050420168067,1.5252100840336134,0.00014097991246349076
0.7201680672268908,1.5252100840336134,0.00014153115460208151
0.7277310924369748,1.5252100840336134,0.00014208239674067224
0.7352941176470588,1.5252100840336134,0.00014263363887926303
0.7428571428571429,1.5252100840336134,0.00014318488101785378
0.7504201680672269,1.5252100840336134,0.00014373612315644454
0.7579831932773109,1.5252100840336134,0.0001442873652950353
0.7655462184873949,1.5252100840336134,0.00014483860743362605
0.773109243697479,1.5252100840336134,0.0001453898495722168
0.780672268907563,1.5252100840336134,0.00014594109171080756
0.788235294117647,1.5252100840336134,0.0001465135614645168
0.795798319327731,1.5252100840336134,0.00014725585213917395
0.8033613445378152,1.5252100840336134,0.00014781144243383444
0.8109243697478992,1.5252100840336134,0.00014813365725349916
0.8184873949579832,1.5252100840336134,0.00014828894159097563
0.8260504201680672,1.5252100840336134,0.00014839653150496975
0.8336134453781512,1.5252100840336134,0.00014850412141896387
0.8411764705882353,1.5252100840336134,0.000148611711332958
0.8487394957983193,1.5252100840336134,0.0001487193012469521
0.8563025210084033,1.5252100840336134,0.0001488268911609462
0.8638655462184873,1.5252100840336134,0.00014893448107494034
0.8714285714285714,1.5252100840336134,0.00014904207098893446
0.8789915966386554,1.5252100840336134,0.00014914966090292855
0.8865546218487395,1.5252100840336134,0.00014925725081692268
0.8941176470588235,1.5252100840336134,0.0001493648407309168
0.9016806722689076,1.5252100840336134,0.0001494633281769462
0.9092436974789916,1.5252100840336134,0.00014952995698509915
0.9168067226890756,1.5252100840336134,0.00014965845796348319
0.9243697478991596,1.5252100840336134,0.0001498364566780521
0.9319327731092437,1.5252100840336134,0.000150014455392621
0.9394957983193277,1.5252100840336134,0.00015019245410718992
0.9470588235294117,1.5252100840336134,0.00015037045282175883
0.9546218487394957,1.5252100840336134,0.00015054845153632772
0.9621848739495799,1.5252100840336134,0.00015072645025089663
0.9697478991596639,1.5252100840336134,0.00015090444896546554
0.9773109243697479,1.5252100840336134,0.00015108244768003446
0.9848739495798319,1.5252100840336134,0.00015126044639460337
0.992436974789916,1.5252100840336134,0.00015143844510917225
1.0,1.5252100840336134,0.00015161644382374117
0.1,1.542016806722689,4.5017765100196685e-05
0.10756302521008404,1.542016806722689,4.742858626251833e-05
0.11512605042016807,1.542016806722689,4.983940742483996e-05
0.12268907563025211,1.542016806722689,5.2250228587161606e-05
0.13025210084033614,1.542016806722689,5.4661049749483244e-05
0.13781512605042018,1.542016806722689,5.707187091180488e-05
0.1453781512605042,1.542016806722689,5.948269207412652e-05
0.15294117647058825,1.542016806722689,6.189351323644816e-05
0.16050420168067228,1.542016806722689,6.43043343987698e-05
0.16806722689075632,1.542016806722689,6.671515556109143e-05
0.17563025210084032,1.542016806722689,6.912597672341306e-05
0.18319327731092439,1.542016806722689,7.1711606651203e-05
0.1907563025210084,1.542016806722689,7.443708359136756e-05
0.19831932773109245,1.542016806722689,7.716256053153212e-05
0.20588235294117646,1.542016806722689,7.926463881342003e-05
0.21344537815126052,1.542016806722689,8.118860319294317e-05
0.22100840336134453,1.542016806722689,8.311256757246631e-05
0.22857142857142856,1.542016806722689,8.462496956730961e-05
0.2361344537815126,1.542016806722689,8.613737156215292e-05
0.24369747899159663,1.542016806722689,8.764977355699622e-05
0.25126050420168067,1.542016806722689,8.916217555183953e-05
0.2588235294117647,1.542016806722689,9.067457754668282e-05
0.26638655462184874,1.542016806722689,9.218697954152614e-05
0.2739495798319328,1.542016806722689,9.369938153636945e-05
0.2815126050420168,1.542016806722689,9.521178353121275e-05
0.2890756302521008,1.542016806722689,9.672418552605606e-05
0.2966386554621849,1.542016806722689,9.823658752089936e-05
0.30420168067226894,1.542016806722689,9.963000008177639e-05
0.31176470588235294,1.542016806722689,0.00010092822109548039
0.31932773109243695,1.542016806722689,0.00010222644210918439
0.326890756302521,1.542016806722689,0.0001035246631228884
0.3344537815126051,1.542016806722689,0.00010482288413659241
0.3420168067226891,1.542016806722689,0.0001061211051502964
0.3495798319327731,1.542016806722689,0.00010741932616400039
0.3571428571428571,1.542016806722689,0.00010871754717770439
0.3647058823529412,1.542016806722689,0.0001100157681914084
0.3722689075630252,1.542016806722689,0.0001113139892051124
0.3798319327731092,1.542016806722689,0.00011261342830255125
0.38739495798319323,1.542016806722689,0.00011392261206986888
0.39495798319327735,1.542016806722689,0.00011523179583718655
0.40252100840336136,1.542016806722689,0.00011647774410946301
0.41008403361344536,1.542016806722689,0.00011759722139165713
0.41764705882352937,1.542016806722689,0.00011871669867385124
0.4252100840336135,1.542016806722689,0.00011965379696480168
0.4327731092436975,1.542016806722689,0.00012044499206275714
0.4403361344537815,1.542016806722689,0.00012123618716071259
0.4478991596638655,1.542016806722689,0.00012202738225866807
0.4554621848739496,1.542016806722689,0.00012281857735662354
0.46302521008403363,1.542016806722689,0.00012360977245457898
0.47058823529411764,1.542016806722689,0.00012440096755253445
0.47815126050420165,1.542016806722689,0.0001251921626504899
0.48571428571428577,1.542016806722689,0.00012598335774844537
0.49327731092436977,1.542016806722689,0.00012677455284640084
0.5008403361344538,1.542016806722689,0.00012755012013755966
0.5084033613445378,1.542016806722689,0.00012820066497434536
0.5159663865546219,1.542016806722689,0.0001288512098111311
0.5235294117647059,1.542016806722689,0.00012950175464791682
0.5310924369747899,1.542016806722689,0.00013015229948470252
0.5386554621848739,1.542016806722689,0.00013080284432148823
0.546218487394958,1.542016806722689,0.00013145338915827395
0.553781512605042,1.542016806722689,0.00013210393399505966
0.561344537815126,1.542016806722689,0.00013275447883184539
0.5689075630252101,1.542016806722689,0.0001334050236686311
0.5764705882352942,1.542016806722689,0.0001340555685054168
0.5840336134453782,1.542016806722689,0.00013478724068805798
0.5915966386554622,1.542016806722689,0.00013555947654362687
0.5991596638655462,1.542016806722689,0.0001363317123991958
0.6067226890756302,1.542016806722689,0.00013675848226460673
0.6142857142857142,1.542016806722689,0.00013714206888124788
0.6218487394957983,1.542016806722689,0.00013752768135576302
0.6294117647058823,1.542016806722689,0.00013792950069326974
0.6369747899159663,1.542016806722689,0.00013833132003077646
0.6445378151260504,1.542016806722689,0.00013873313936828318
0.6521008403361345,1.542016806722689,0.0001391349587057899
0.6596638655462185,1.542016806722689,0.00013953677804329662
0.6672268907563025,1.542016806722689,0.00013993859738080334
0.6747899159663865,1.542016806722689,0.0001403404167183101
0.6823529411764706,1.542016806722689,0.0001407422360558168
0.6899159663865546,1.542016806722689,0.00014114405539332353
0.6974789915966386,1.542016806722689,0.00014154587473083025
0.7050420168067226,1.542016806722689,0.00014204730926905965
0.7126050420168067,1.542016806722689,0.0001425985514076504
0.7201680672268908,1.542016806722689,0.0001431497935462412
0.7277310924369748,1.542016806722689,0.00014370103568483192
0.7352941176470588,1.542016806722689,0.00014425227782342267
0.7428571428571429,1.542016806722689,0.00014480351996201346
0.7504201680672269,1.542016806722689,0.00014535476210060419
0.7579831932773109,1.542016806722689,0.00014590600423919494
0.7655462184873949,1.542016806722689,0.0001464572463777857
0.773109243697479,1.542016806722689,0.00014700848851637645
0.780672268907563,1.542016806722689,0.00014760218588520422
0.788235294117647,1.542016806722689,0.00014834447655986133
0.795798319327731,1.542016806722689,0.00014908676723451845
0.8033613445378152,1.542016806722689,0.000149642357529179
0.8109243697478992,1.542016806722689,0.00014996457234884368
0.8184873949579832,1.542016806722689,0.0001502867871685084
0.8260504201680672,1.542016806722689,0.00015046591871772604
0.8336134453781512,1.542016806722689,0.00015057350863172014
0.8411764705882353,1.542016806722689,0.0001506810985457143
0.8487394957983193,1.542016806722689,0.0001507886884597084
0.8563025210084033,1.542016806722689,0.0001508962783737025
0.8638655462184873,1.542016806722689,0.00015100386828769663
0.8714285714285714,1.542016806722689,0.00015111145820169075
0.8789915966386554,1.542016806722689,0.00015121904811568485
0.8865546218487395,1.542016806722689,0.00015132663802967897
0.8941176470588235,1.542016806722689,0.0001514342279436731
0.9016806722689076,1.542016806722689,0.00015153271538970249
0.9092436974789916,1.542016806722689,0.00015159934419785545
0.9168067226890756,1.542016806722689,0.00015166597300600838
0.9243697478991596,1.542016806722689,0.00015178209955034623
0.9319327731092437,1.542016806722689,0.00015196009826491511
0.9394957983193277,1.542016806722689,0.00015213809697948403
0.9470588235294117,1.542016806722689,0.00015231609569405294
0.9546218487394957,1.542016806722689,0.00015249409440862185
0.9621848739495799,1.542016806722689,0.00015267209312319074
0.9697478991596639,1.542016806722689,0.00015285009183775965
0.9773109243697479,1.542016806722689,0.00015302809055232856
0.9848739495798319,1.542016806722689,0.00015320608926689747
0.992436974789916,1.542016806722689,0.00015338408798146639
1.0,1.542016806722689,0.00015356208669603527
0.1,1.5588235294117647,4.5337602490697784e-05
0.10756302521008404,1.5588235294117647,4.774842365301943e-05
0.11512605042016807,1.5588235294117647,5.015924481534106e-05
0.12268907563025211,1.5588235294117647,5.2570065977662705e-05
0.13025210084033614,1.5588235294117647,5.498088713998434e-05
0.13781512605042018,1.5588235294117647,5.739170830230599e-05
0.1453781512605042,1.5588235294117647,5.9802529464627626e-05
0.15294117647058825,1.5588235294117647,6.221335062694926e-05
0.16050420168067228,1.5588235294117647,6.46241717892709e-05
0.16806722689075632,1.5588235294117647,6.703499295159254e-05
0.17563025210084032,1.5588235294117647,6.965558463247612e-05
0.18319327731092439,1.5588235294117647,7.238106157264067e-05
0.1907563025210084,1.5588235294117647,7.510653851280523e-05
0.19831932773109245,1.5588235294117647,7.783201545296982e-05
0.20588235294117646,1.5588235294117647,7.993409373485771e-05
0.21344537815126052,1.5588235294117647,8.185805811438086e-05
0.22100840336134453,1.5588235294117647,8.3782022493904e-05
0.22857142857142856,1.5588235294117647,8.570598687342714e-05
0.2361344537815126,1.5588235294117647,8.726411802212377e-05
0.24369747899159663,1.5588235294117647,8.877652001696707e-05
0.25126050420168067,1.5588235294117647,9.028892201181038e-05
0.2588235294117647,1.5588235294117647,9.180132400665368e-05
0.26638655462184874,1.5588235294117647,9.331372600149699e-05
0.2739495798319328,1.5588235294117647,9.48261279963403e-05
0.2815126050420168,1.5588235294117647,9.63385299911836e-05
0.2890756302521008,1.5588235294117647,9.785093198602691e-05
0.2966386554621849,1.5588235294117647,9.936333398087021e-05
0.30420168067226894,1.5588235294117647,0.00010075674654174723
0.31176470588235294,1.5588235294117647,0.00010205496755545123
0.31932773109243695,1.5588235294117647,0.00010335318856915524
0.326890756302521,1.5588235294117647,0.00010465140958285923
0.3344537815126051,1.5588235294117647,0.00010594963059656323
0.3420168067226891,1.5588235294117647,0.00010724785161026722
0.3495798319327731,1.5588235294117647,0.00010854607262397124
0.3571428571428571,1.5588235294117647,0.00010984429363767524
0.3647058823529412,1.5588235294117647,0.00011114251465137925
0.3722689075630252,1.5588235294117647,0.00011244317183255295
0.3798319327731092,1.5588235294117647,0.0001137523555998706
0.38739495798319323,1.5588235294117647,0.00011506153936718823
0.39495798319327735,1.5588235294117647,0.0001163707231345059
0.40252100840336136,1.5588235294117647,0.00011761667140678236
0.41008403361344536,1.5588235294117647,0.00011873614868897646
0.41764705882352937,1.5588235294117647,0.00011985562597117058
0.4252100840336135,1.5588235294117647,0.00012097510325336472
0.4327731092436975,1.5588235294117647,0.00012194867734256388
0.4403361344537815,1.5588235294117647,0.00012273987244051934
0.4478991596638655,1.5588235294117647,0.0001235310675384748
0.4554621848739496,1.5588235294117647,0.00012432226263643027
0.46302521008403363,1.5588235294117647,0.00012511345773438573
0.47058823529411764,1.5588235294117647,0.0001259046528323412
0.47815126050420165,1.5588235294117647,0.00012669584793029666
0.48571428571428577,1.5588235294117647,0.00012748704302825213
0.49327731092436977,1.5588235294117647,0.0001282782381262076
0.5008403361344538,1.5588235294117647,0.00012905380541736639
0.5084033613445378,1.5588235294117647,0.00012970435025415211
0.5159663865546219,1.5588235294117647,0.00013035489509093784
0.5235294117647059,1.5588235294117647,0.00013100543992772355
0.5310924369747899,1.5588235294117647,0.00013165598476450928
0.5386554621848739,1.5588235294117647,0.00013230652960129495
0.546218487394958,1.5588235294117647,0.00013295707443808068
0.553781512605042,1.5588235294117647,0.0001336076192748664
0.561344537815126,1.5588235294117647,0.0001342581641116521
0.5689075630252101,1.5588235294117647,0.00013490870894843781
0.5764705882352942,1.5588235294117647,0.00013565390235538826
0.5840336134453782,1.5588235294117647,0.00013642613821095715
0.5915966386554622,1.5588235294117647,0.00013719837406652604
0.5991596638655462,1.5588235294117647,0.00013797060992209496
0.6067226890756302,1.5588235294117647,0.0001383973797875059
0.6142857142857142,1.5588235294117647,0.00013878096640414708
0.6218487394957983,1.5588235294117647,0.00013916455302078826
0.6294117647058823,1.5588235294117647,0.0001395481396374294
0.6369747899159663,1.5588235294117647,0.00013994995897493616
0.6445378151260504,1.5588235294117647,0.00014035177831244285
0.6521008403361345,1.5588235294117647,0.0001407535976499496
0.6596638655462185,1.5588235294117647,0.00014115541698745632
0.6672268907563025,1.5588235294117647,0.00014155723632496304
0.6747899159663865,1.5588235294117647,0.00014195905566246976
0.6823529411764706,1.5588235294117647,0.00014236087499997649
0.6899159663865546,1.5588235294117647,0.0001427626943374832
0.6974789915966386,1.5588235294117647,0.00014316451367498993
0.7050420168067226,1.5588235294117647,0.00014366594821321933
0.7126050420168067,1.5588235294117647,0.00014421719035181008
0.7201680672268908,1.5588235294117647,0.00014476843249040087
0.7277310924369748,1.5588235294117647,0.0001453196746289916
0.7352941176470588,1.5588235294117647,0.00014587091676758235
0.7428571428571429,1.5588235294117647,0.00014642215890617313
0.7504201680672269,1.5588235294117647,0.00014697340104476386
0.7579831932773109,1.5588235294117647,0.00014752464318335462
0.7655462184873949,1.5588235294117647,0.00014807588532194537
0.773109243697479,1.5588235294117647,0.0001486908103058916
0.780672268907563,1.5588235294117647,0.00014943310098054874
0.788235294117647,1.5588235294117647,0.00015017539165520588
0.795798319327731,1.5588235294117647,0.00015091768232986303
0.8033613445378152,1.5588235294117647,0.00015147327262452355
0.8109243697478992,1.5588235294117647,0.00015179548744418824
0.8184873949579832,1.5588235294117647,0.00015211770226385295
0.8260504201680672,1.5588235294117647,0.00015243991708351764
0.8336134453781512,1.5588235294117647,0.0001526428958444765
0.8411764705882353,1.5588235294117647,0.0001527504857584706
0.8487394957983193,1.5588235294117647,0.00015285807567246473
0.8563025210084033,1.5588235294117647,0.00015296566558645886
0.8638655462184873,1.5588235294117647,0.00015307325550045298
0.8714285714285714,1.5588235294117647,0.00015318084541444707
0.8789915966386554,1.5588235294117647,0.0001532884353284412
0.8865546218487395,1.5588235294117647,0.00015339602524243532
0.8941176470588235,1.5588235294117647,0.00015350361515642941
0.9016806722689076,1.5588235294117647,0.00015360210260245883
0.9092436974789916,1.5588235294117647,0.00015366873141061177
0.9168067226890756,1.5588235294117647,0.0001537353602187647
0.9243697478991596,1.5588235294117647,0.00015380198902691764
0.9319327731092437,1.5588235294117647,0.00015390574113720927
0.9394957983193277,1.5588235294117647,0.00015408373985177816
0.9470588235294117,1.5588235294117647,0.00015426173856634707
0.9546218487394957,1.5588235294117647,0.00015443973728091598
0.9621848739495799,1.5588235294117647,0.0001546177359954849
0.9697478991596639,1.5588235294117647,0.00015479573471005378
0.9773109243697479,1.5588235294117647,0.00015497373342462272
0.9848739495798319,1.5588235294117647,0.0001551517321391916
0.992436974789916,1.5588235294117647,0.00015532973085376052
1.0,1.5588235294117647,0.00015550772956832943
0.1,1.5756302521008403,4.565743988119888e-05
0.10756302521008404,1.5756302521008403,4.806826104352053e-05
0.11512605042016807,1.5756302521008403,5.047908220584216e-05
0.12268907563025211,1.5756302521008403,5.28899033681638e-05
0.13025210084033614,1.5756302521008403,5.5300724530485435e-05
0.13781512605042018,1.5756302521008403,5.771154569280708e-05
0.1453781512605042,1.5756302521008403,6.012236685512872e-05
0.15294117647058825,1.5756302521008403,6.253318801745036e-05
0.16050420168067228,1.5756302521008403,6.4944009179772e-05
0.16806722689075632,1.5756302521008403,6.759956261374922e-05
0.17563025210084032,1.5756302521008403,7.032503955391379e-05
0.18319327731092439,1.5756302521008403,7.305051649407836e-05
0.1907563025210084,1.5756302521008403,7.577599343424291e-05
0.19831932773109245,1.5756302521008403,7.850147037440749e-05
0.20588235294117646,1.5756302521008403,8.060354865629539e-05
0.21344537815126052,1.5756302521008403,8.252751303581854e-05
0.22100840336134453,1.5756302521008403,8.445147741534167e-05
0.22857142857142856,1.5756302521008403,8.637544179486481e-05
0.2361344537815126,1.5756302521008403,8.829940617438796e-05
0.24369747899159663,1.5756302521008403,8.99032664769379e-05
0.25126050420168067,1.5756302521008403,9.141566847178122e-05
0.2588235294117647,1.5756302521008403,9.292807046662451e-05
0.26638655462184874,1.5756302521008403,9.444047246146783e-05
0.2739495798319328,1.5756302521008403,9.595287445631113e-05
0.2815126050420168,1.5756302521008403,9.746527645115442e-05
0.2890756302521008,1.5756302521008403,9.897767844599773e-05
0.2966386554621849,1.5756302521008403,0.00010049008044084104
0.30420168067226894,1.5756302521008403,0.00010188349300171805
0.31176470588235294,1.5756302521008403,0.00010318171401542205
0.31932773109243695,1.5756302521008403,0.00010447993502912607
0.326890756302521,1.5756302521008403,0.00010577815604283007
0.3344537815126051,1.5756302521008403,0.00010707637705653407
0.3420168067226891,1.5756302521008403,0.00010837459807023806
0.3495798319327731,1.5756302521008403,0.00010967281908394206
0.3571428571428571,1.5756302521008403,0.00011097104009764606
0.3647058823529412,1.5756302521008403,0.00011227291536255462
0.3722689075630252,1.5756302521008403,0.00011358209912987226
0.3798319327731092,1.5756302521008403,0.00011489128289718992
0.38739495798319323,1.5756302521008403,0.00011620046666450755
0.39495798319327735,1.5756302521008403,0.00011750965043182521
0.40252100840336136,1.5756302521008403,0.00011875559870410169
0.41008403361344536,1.5756302521008403,0.0001198750759862958
0.41764705882352937,1.5756302521008403,0.00012099455326848992
0.4252100840336135,1.5756302521008403,0.00012211403055068404
0.4327731092436975,1.5756302521008403,0.00012323350783287814
0.4403361344537815,1.5756302521008403,0.00012424355772032607
0.4478991596638655,1.5756302521008403,0.0001250347528182815
0.4554621848739496,1.5756302521008403,0.000125825947916237
0.46302521008403363,1.5756302521008403,0.00012661714301419246
0.47058823529411764,1.5756302521008403,0.0001274083381121479
0.47815126050420165,1.5756302521008403,0.0001281995332101034
0.48571428571428577,1.5756302521008403,0.00012899072830805885
0.49327731092436977,1.5756302521008403,0.0001297819234060143
0.5008403361344538,1.5756302521008403,0.0001305574906971731
0.5084033613445378,1.5756302521008403,0.00013120803553395884
0.5159663865546219,1.5756302521008403,0.00013185858037074454
0.5235294117647059,1.5756302521008403,0.00013250912520753027
0.5310924369747899,1.5756302521008403,0.00013315967004431597
0.5386554621848739,1.5756302521008403,0.00013381021488110168
0.546218487394958,1.5756302521008403,0.0001344607597178874
0.553781512605042,1.5756302521008403,0.0001351113045546731
0.561344537815126,1.5756302521008403,0.00013576184939145884
0.5689075630252101,1.5756302521008403,0.0001365205640227185
0.5764705882352942,1.5756302521008403,0.0001372927998782874
0.5840336134453782,1.5756302521008403,0.00013806503573385632
0.5915966386554622,1.5756302521008403,0.0001388372715894252
0.5991596638655462,1.5756302521008403,0.00013960950744499413
0.6067226890756302,1.5756302521008403,0.00014003627731040504
0.6142857142857142,1.5756302521008403,0.00014041986392704622
0.6218487394957983,1.5756302521008403,0.0001408034505436874
0.6294117647058823,1.5756302521008403,0.00014118703716032858
0.6369747899159663,1.5756302521008403,0.00014157062377696976
0.6445378151260504,1.5756302521008403,0.00014197041725660253
0.6521008403361345,1.5756302521008403,0.00014237223659410925
0.6596638655462185,1.5756302521008403,0.00014277405593161597
0.6672268907563025,1.5756302521008403,0.0001431758752691227
0.6747899159663865,1.5756302521008403,0.00014357769460662941
0.6823529411764706,1.5756302521008403,0.00014397951394413614
0.6899159663865546,1.5756302521008403,0.00014438133328164286
0.6974789915966386,1.5756302521008403,0.00014478315261914958
0.7050420168067226,1.5756302521008403,0.00014528458715737898
0.7126050420168067,1.5756302521008403,0.00014583582929596976
0.7201680672268908,1.5756302521008403,0.00014638707143456052
0.7277310924369748,1.5756302521008403,0.00014693831357315125
0.7352941176470588,1.5756302521008403,0.00014748955571174203
0.7428571428571429,1.5756302521008403,0.00014804079785033278
0.7504201680672269,1.5756302521008403,0.0001485920399889235
0.7579831932773109,1.5756302521008403,0.00014914328212751427
0.7655462184873949,1.5756302521008403,0.00014977943472657898
0.773109243697479,1.5756302521008403,0.00015052172540123613
0.780672268907563,1.5756302521008403,0.0001512640160758933
0.788235294117647,1.5756302521008403,0.0001520063067505504
0.795798319327731,1.5756302521008403,0.00015274859742520755
0.8033613445378152,1.5756302521008403,0.00015330418771986807
0.8109243697478992,1.5756302521008403,0.00015362640253953276
0.8184873949579832,1.5756302521008403,0.00015394861735919748
0.8260504201680672,1.5756302521008403,0.0001542708321788622
0.8336134453781512,1.5756302521008403,0.0001545930469985269
0.8411764705882353,1.5756302521008403,0.0001548198729712269
0.8487394957983193,1.5756302521008403,0.000154927462885221
0.8563025210084033,1.5756302521008403,0.00015503505279921512
0.8638655462184873,1.5756302521008403,0.00015514264271320925
0.8714285714285714,1.5756302521008403,0.00015525023262720337
0.8789915966386554,1.5756302521008403,0.0001553578225411975
0.8865546218487395,1.5756302521008403,0.0001554654124551916
0.8941176470588235,1.5756302521008403,0.0001555730023691857
0.9016806722689076,1.5756302521008403,0.00015567148981521513
0.9092436974789916,1.5756302521008403,0.00015573811862336806
0.9168067226890756,1.5756302521008403,0.00015580474743152103
0.9243697478991596,1.5756302521008403,0.00015587137623967396
0.9319327731092437,1.5756302521008403,0.0001559380050478269
0.9394957983193277,1.5756302521008403,0.00015602938272407226
0.9470588235294117,1.5756302521008403,0.00015620738143864117
0.9546218487394957,1.5756302521008403,0.0001563853801532101
0.9621848739495799,1.5756302521008403,0.000156563378867779
0.9697478991596639,1.5756302521008403,0.0001567413775823479
0.9773109243697479,1.5756302521008403,0.00015691937629691682
0.9848739495798319,1.5756302521008403,0.0001570973750114857
0.992436974789916,1.5756302521008403,0.00015727537372605462
1.0,1.5756302521008403,0.00015745337244062353
0.1,1.5924369747899159,4.597727727169998e-05
0.10756302521008404,1.5924369747899159,4.838809843402162e-05
0.11512605042016807,1.5924369747899159,5.079891959634325e-05
0.12268907563025211,1.5924369747899159,5.320974075866489e-05
0.13025210084033614,1.5924369747899159,5.562056192098653e-05
0.13781512605042018,1.5924369747899159,5.803138308330817e-05
0.1453781512605042,1.5924369747899159,6.044220424562981e-05
0.15294117647058825,1.5924369747899159,6.285302540795145e-05
0.16050420168067228,1.5924369747899159,6.554354059502235e-05
0.16806722689075632,1.5924369747899159,6.82690175351869e-05
0.17563025210084032,1.5924369747899159,7.099449447535146e-05
0.18319327731092439,1.5924369747899159,7.371997141551604e-05
0.1907563025210084,1.5924369747899159,7.644544835568058e-05
0.19831932773109245,1.5924369747899159,7.917092529584516e-05
0.20588235294117646,1.5924369747899159,8.127300357773306e-05
0.21344537815126052,1.5924369747899159,8.319696795725621e-05
0.22100840336134453,1.5924369747899159,8.512093233677935e-05
0.22857142857142856,1.5924369747899159,8.704489671630249e-05
0.2361344537815126,1.5924369747899159,8.896886109582564e-05
0.24369747899159663,1.5924369747899159,9.089282547534877e-05
0.25126050420168067,1.5924369747899159,9.254241493175204e-05
0.2588235294117647,1.5924369747899159,9.405481692659534e-05
0.26638655462184874,1.5924369747899159,9.556721892143864e-05
0.2739495798319328,1.5924369747899159,9.707962091628196e-05
0.2815126050420168,1.5924369747899159,9.859202291112526e-05
0.2890756302521008,1.5924369747899159,0.00010010442490596857
0.2966386554621849,1.5924369747899159,0.00010161682690081187
0.30420168067226894,1.5924369747899159,0.00010301023946168889
0.31176470588235294,1.5924369747899159,0.00010430846047539287
0.31932773109243695,1.5924369747899159,0.00010560668148909689
0.326890756302521,1.5924369747899159,0.00010690490250280089
0.3344537815126051,1.5924369747899159,0.00010820312351650489
0.3420168067226891,1.5924369747899159,0.00010950134453020888
0.3495798319327731,1.5924369747899159,0.00011079956554391288
0.3571428571428571,1.5924369747899159,0.0001121026588925563
0.3647058823529412,1.5924369747899159,0.00011341184265987396
0.3722689075630252,1.5924369747899159,0.0001147210264271916
0.3798319327731092,1.5924369747899159,0.00011603021019450924
0.38739495798319323,1.5924369747899159,0.00011733939396182687
0.39495798319327735,1.5924369747899159,0.00011864857772914455
0.40252100840336136,1.5924369747899159,0.00011989452600142101
0.41008403361344536,1.5924369747899159,0.00012101400328361512
0.41764705882352937,1.5924369747899159,0.00012213348056580922
0.4252100840336135,1.5924369747899159,0.00012325295784800335
0.4327731092436975,1.5924369747899159,0.00012437243513019748
0.4403361344537815,1.5924369747899159,0.00012549191241239158
0.4478991596638655,1.5924369747899159,0.00012653843809808823
0.4554621848739496,1.5924369747899159,0.00012732963319604372
0.46302521008403363,1.5924369747899159,0.00012812082829399916
0.47058823529411764,1.5924369747899159,0.00012891202339195462
0.47815126050420165,1.5924369747899159,0.00012970321848991009
0.48571428571428577,1.5924369747899159,0.00013049441358786555
0.49327731092436977,1.5924369747899159,0.000131285608685821
0.5008403361344538,1.5924369747899159,0.00013206117597697984
0.5084033613445378,1.5924369747899159,0.00013271172081376554
0.5159663865546219,1.5924369747899159,0.00013336226565055127
0.5235294117647059,1.5924369747899159,0.000134012810487337
0.5310924369747899,1.5924369747899159,0.0001346633553241227
0.5386554621848739,1.5924369747899159,0.0001353139001609084
0.546218487394958,1.5924369747899159,0.00013596444499769413
0.553781512605042,1.5924369747899159,0.00013661498983447983
0.561344537815126,1.5924369747899159,0.00013738722569004875
0.5689075630252101,1.5924369747899159,0.00013815946154561765
0.5764705882352942,1.5924369747899159,0.00013893169740118657
0.5840336134453782,1.5924369747899159,0.00013970393325675546
0.5915966386554622,1.5924369747899159,0.00014047616911232435
0.5991596638655462,1.5924369747899159,0.00014124840496789327
0.6067226890756302,1.5924369747899159,0.0001416751748333042
0.6142857142857142,1.5924369747899159,0.0001420587614499454
0.6218487394957983,1.5924369747899159,0.00014244234806658654
0.6294117647058823,1.5924369747899159,0.00014282593468322772
0.6369747899159663,1.5924369747899159,0.0001432095212998689
0.6445378151260504,1.5924369747899159,0.00014359310791651008
0.6521008403361345,1.5924369747899159,0.0001439908755382689
0.6596638655462185,1.5924369747899159,0.00014439269487577565
0.6672268907563025,1.5924369747899159,0.00014479451421328234
0.6747899159663865,1.5924369747899159,0.00014519633355078906
0.6823529411764706,1.5924369747899159,0.0001455981528882958
0.6899159663865546,1.5924369747899159,0.00014599997222580253
0.6974789915966386,1.5924369747899159,0.00014640179156330923
0.7050420168067226,1.5924369747899159,0.00014690322610153865
0.7126050420168067,1.5924369747899159,0.0001474544682401294
0.7201680672268908,1.5924369747899159,0.00014800571037872017
0.7277310924369748,1.5924369747899159,0.00014855695251731092
0.7352941176470588,1.5924369747899159,0.00014910819465590168
0.7428571428571429,1.5924369747899159,0.00014965943679449243
0.7504201680672269,1.5924369747899159,0.0001502106789330832
0.7579831932773109,1.5924369747899159,0.0001508680591472664
0.7655462184873949,1.5924369747899159,0.0001516103498219235
0.773109243697479,1.5924369747899159,0.00015235264049658065
0.780672268907563,1.5924369747899159,0.00015309493117123782
0.788235294117647,1.5924369747899159,0.00015383722184589494
0.795798319327731,1.5924369747899159,0.00015457951252055208
0.8033613445378152,1.5924369747899159,0.0001551351028152126
0.8109243697478992,1.5924369747899159,0.0001554573176348773
0.8184873949579832,1.5924369747899159,0.000155779532454542
0.8260504201680672,1.5924369747899159,0.00015610174727420672
0.8336134453781512,1.5924369747899159,0.0001564239620938714
0.8411764705882353,1.5924369747899159,0.0001567461769135361
0.8487394957983193,1.5924369747899159,0.00015699685009797732
0.8563025210084033,1.5924369747899159,0.00015710444001197142
0.8638655462184873,1.5924369747899159,0.00015721202992596557
0.8714285714285714,1.5924369747899159,0.00015731961983995966
0.8789915966386554,1.5924369747899159,0.00015742720975395378
0.8865546218487395,1.5924369747899159,0.00015753479966794788
0.8941176470588235,1.5924369747899159,0.000157642389581942
0.9016806722689076,1.5924369747899159,0.00015774087702797142
0.9092436974789916,1.5924369747899159,0.00015780750583612436
0.9168067226890756,1.5924369747899159,0.00015787413464427732
0.9243697478991596,1.5924369747899159,0.00015794076345243026
0.9319327731092437,1.5924369747899159,0.0001580073922605832
0.9394957983193277,1.5924369747899159,0.00015807402106873613
0.9470588235294117,1.5924369747899159,0.00015815302431093528
0.9546218487394957,1.5924369747899159,0.00015833102302550422
0.9621848739495799,1.5924369747899159,0.0001585090217400731
0.9697478991596639,1.5924369747899159,0.00015868702045464202
0.9773109243697479,1.5924369747899159,0.00015886501916921093
0.9848739495798319,1.5924369747899159,0.00015904301788377984
0.992436974789916,1.5924369747899159,0.00015922101659834875
1.0,1.5924369747899159,0.00015939901531291764
0.1,1.6092436974789917,4.6297114662201074e-05
0.10756302521008404,1.6092436974789917,4.870793582452272e-05
0.11512605042016807,1.6092436974789917,5.111875698684435e-05
0.12268907563025211,1.6092436974789917,5.352957814916599e-05
0.13025210084033614,1.6092436974789917,5.594039931148763e-05
0.13781512605042018,1.6092436974789917,5.835122047380927e-05
0.1453781512605042,1.6092436974789917,6.076204163613091e-05
0.15294117647058825,1.6092436974789917,6.348751857629547e-05
0.16050420168067228,1.6092436974789917,6.621299551646003e-05
0.16806722689075632,1.6092436974789917,6.893847245662459e-05
0.17563025210084032,1.6092436974789917,7.166394939678914e-05
0.18319327731092439,1.6092436974789917,7.438942633695372e-05
0.1907563025210084,1.6092436974789917,7.711490327711827e-05
0.19831932773109245,1.6092436974789917,7.984038021728284e-05
0.20588235294117646,1.6092436974789917,8.194245849917074e-05
0.21344537815126052,1.6092436974789917,8.38664228786939e-05
0.22100840336134453,1.6092436974789917,8.579038725821703e-05
0.22857142857142856,1.6092436974789917,8.771435163774017e-05
0.2361344537815126,1.6092436974789917,8.963831601726333e-05
0.24369747899159663,1.6092436974789917,9.156228039678647e-05
0.25126050420168067,1.6092436974789917,9.34862447763096e-05
0.2588235294117647,1.6092436974789917,9.518156338656618e-05
0.26638655462184874,1.6092436974789917,9.669396538140949e-05
0.2739495798319328,1.6092436974789917,9.820636737625279e-05
0.2815126050420168,1.6092436974789917,9.971876937109611e-05
0.2890756302521008,1.6092436974789917,0.00010123117136593939
0.2966386554621849,1.6092436974789917,0.00010274357336078271
0.30420168067226894,1.6092436974789917,0.00010413698592165974
0.31176470588235294,1.6092436974789917,0.00010543520693536372
0.31932773109243695,1.6092436974789917,0.00010673342794906774
0.326890756302521,1.6092436974789917,0.00010803164896277173
0.3344537815126051,1.6092436974789917,0.00010932986997647574
0.3420168067226891,1.6092436974789917,0.00011062809099017973
0.3495798319327731,1.6092436974789917,0.00011193240242255799
0.3571428571428571,1.6092436974789917,0.00011324158618987563
0.3647058823529412,1.6092436974789917,0.00011455076995719329
0.3722689075630252,1.6092436974789917,0.00011585995372451092
0.3798319327731092,1.6092436974789917,0.00011716913749182858
0.38739495798319323,1.6092436974789917,0.00011847832125914622
0.39495798319327735,1.6092436974789917,0.00011978750502646387
0.40252100840336136,1.6092436974789917,0.00012103345329874036
0.41008403361344536,1.6092436974789917,0.00012215293058093446
0.41764705882352937,1.6092436974789917,0.0001232724078631286
0.4252100840336135,1.6092436974789917,0.00012439188514532272
0.4327731092436975,1.6092436974789917,0.00012551136242751682
0.4403361344537815,1.6092436974789917,0.00012663083970971094
0.4478991596638655,1.6092436974789917,0.00012775031699190504
0.4554621848739496,1.6092436974789917,0.00012883331847585042
0.46302521008403363,1.6092436974789917,0.00012962451357380588
0.47058823529411764,1.6092436974789917,0.00013041570867176135
0.47815126050420165,1.6092436974789917,0.0001312069037697168
0.48571428571428577,1.6092436974789917,0.00013199809886767227
0.49327731092436977,1.6092436974789917,0.00013278929396562774
0.5008403361344538,1.6092436974789917,0.00013356486125678656
0.5084033613445378,1.6092436974789917,0.0001342154060935723
0.5159663865546219,1.6092436974789917,0.000134865950930358
0.5235294117647059,1.6092436974789917,0.00013551649576714372
0.5310924369747899,1.6092436974789917,0.00013616704060392942
0.5386554621848739,1.6092436974789917,0.00013681758544071515
0.546218487394958,1.6092436974789917,0.0001374816515018101
0.553781512605042,1.6092436974789917,0.00013825388735737903
0.561344537815126,1.6092436974789917,0.00013902612321294792
0.5689075630252101,1.6092436974789917,0.00013979835906851684
0.5764705882352942,1.6092436974789917,0.00014057059492408576
0.5840336134453782,1.6092436974789917,0.00014134283077965465
0.5915966386554622,1.6092436974789917,0.00014211506663522357
0.5991596638655462,1.6092436974789917,0.00014288730249079244
0.6067226890756302,1.6092436974789917,0.00014331407235620338
0.6142857142857142,1.6092436974789917,0.00014369765897284456
0.6218487394957983,1.6092436974789917,0.00014408124558948574
0.6294117647058823,1.6092436974789917,0.00014446483220612692
0.6369747899159663,1.6092436974789917,0.00014484841882276807
0.6445378151260504,1.6092436974789917,0.00014523200543940925
0.6521008403361345,1.6092436974789917,0.00014561559205605043
0.6596638655462185,1.6092436974789917,0.00014601133381993533
0.6672268907563025,1.6092436974789917,0.00014641315315744202
0.6747899159663865,1.6092436974789917,0.00014681497249494874
0.6823529411764706,1.6092436974789917,0.00014721679183245546
0.6899159663865546,1.6092436974789917,0.00014761861116996218
0.6974789915966386,1.6092436974789917,0.0001480204305074689
0.7050420168067226,1.6092436974789917,0.0001485218650456983
0.7126050420168067,1.6092436974789917,0.0001490731071842891
0.7201680672268908,1.6092436974789917,0.00014962434932287984
0.7277310924369748,1.6092436974789917,0.0001501755914614706
0.7352941176470588,1.6092436974789917,0.00015072683360006135
0.7428571428571429,1.6092436974789917,0.0001512780757386521
0.7504201680672269,1.6092436974789917,0.0001519566835679538
0.7579831932773109,1.6092436974789917,0.00015269897424261095
0.7655462184873949,1.6092436974789917,0.00015344126491726806
0.773109243697479,1.6092436974789917,0.00015418355559192523
0.780672268907563,1.6092436974789917,0.00015492584626658238
0.788235294117647,1.6092436974789917,0.0001556681369412395
0.795798319327731,1.6092436974789917,0.00015641042761589663
0.8033613445378152,1.6092436974789917,0.00015696601791055718
0.8109243697478992,1.6092436974789917,0.00015728823273022187
0.8184873949579832,1.6092436974789917,0.00015761044754988659
0.8260504201680672,1.6092436974789917,0.00015793266236955128
0.8336134453781512,1.6092436974789917,0.000158254877189216
0.8411764705882353,1.6092436974789917,0.0001585770920088807
0.8487394957983193,1.6092436974789917,0.0001588993068285454
0.8563025210084033,1.6092436974789917,0.00015917382722472777
0.8638655462184873,1.6092436974789917,0.0001592814171387219
0.8714285714285714,1.6092436974789917,0.000159389007052716
0.8789915966386554,1.6092436974789917,0.0001594965969667101
0.8865546218487395,1.6092436974789917,0.00015960418688070423
0.8941176470588235,1.6092436974789917,0.00015971177679469835
0.9016806722689076,1.6092436974789917,0.00015981026424072777
0.9092436974789916,1.6092436974789917,0.0001598768930488807
0.9168067226890756,1.6092436974789917,0.00015994352185703364
0.9243697478991596,1.6092436974789917,0.00016001015066518658
0.9319327731092437,1.6092436974789917,0.00016007677947333952
0.9394957983193277,1.6092436974789917,0.00016014340828149245
0.9470588235294117,1.6092436974789917,0.0001602100370896454
0.9546218487394957,1.6092436974789917,0.00016027666589779835
0.9621848739495799,1.6092436974789917,0.00016045466461236723
0.9697478991596639,1.6092436974789917,0.00016063266332693615
0.9773109243697479,1.6092436974789917,0.00016081066204150503
0.9848739495798319,1.6092436974789917,0.00016098866075607397
0.992436974789916,1.6092436974789917,0.00016116665947064288
1.0,1.6092436974789917,0.00016134465818521177
0.1,1.6260504201680672,4.661695205270217e-05
0.10756302521008404,1.6260504201680672,4.902777321502381e-05
0.11512605042016807,1.6260504201680672,5.143859437734545e-05
0.12268907563025211,1.6260504201680672,5.384941553966709e-05
0.13025210084033614,1.6260504201680672,5.6260236701988725e-05
0.13781512605042018,1.6260504201680672,5.870601961740402e-05
0.1453781512605042,1.6260504201680672,6.143149655756858e-05
0.15294117647058825,1.6260504201680672,6.415697349773315e-05
0.16050420168067228,1.6260504201680672,6.688245043789772e-05
0.16806722689075632,1.6260504201680672,6.960792737806227e-05
0.17563025210084032,1.6260504201680672,7.233340431822682e-05
0.18319327731092439,1.6260504201680672,7.50588812583914e-05
0.1907563025210084,1.6260504201680672,7.778435819855594e-05
0.19831932773109245,1.6260504201680672,8.050983513872052e-05
0.20588235294117646,1.6260504201680672,8.261191342060842e-05
0.21344537815126052,1.6260504201680672,8.453587780013158e-05
0.22100840336134453,1.6260504201680672,8.64598421796547e-05
0.22857142857142856,1.6260504201680672,8.838380655917786e-05
0.2361344537815126,1.6260504201680672,9.0307770938701e-05
0.24369747899159663,1.6260504201680672,9.223173531822415e-05
0.25126050420168067,1.6260504201680672,9.415569969774729e-05
0.2588235294117647,1.6260504201680672,9.607966407727043e-05
0.26638655462184874,1.6260504201680672,9.782071184138031e-05
0.2739495798319328,1.6260504201680672,9.933311383622362e-05
0.2815126050420168,1.6260504201680672,0.00010084551583106692
0.2890756302521008,1.6260504201680672,0.00010235791782591021
0.2966386554621849,1.6260504201680672,0.00010387031982075353
0.30420168067226894,1.6260504201680672,0.00010526373238163057
0.31176470588235294,1.6260504201680672,0.00010656195339533456
0.31932773109243695,1.6260504201680672,0.00010786017440903856
0.326890756302521,1.6260504201680672,0.00010915839542274256
0.3344537815126051,1.6260504201680672,0.00011045661643644658
0.3420168067226891,1.6260504201680672,0.00011176214595255967
0.3495798319327731,1.6260504201680672,0.00011307132971987731
0.3571428571428571,1.6260504201680672,0.00011438051348719496
0.3647058823529412,1.6260504201680672,0.00011568969725451261
0.3722689075630252,1.6260504201680672,0.00011699888102183026
0.3798319327731092,1.6260504201680672,0.0001183080647891479
0.38739495798319323,1.6260504201680672,0.00011961724855646555
0.39495798319327735,1.6260504201680672,0.0001209264323237832
0.40252100840336136,1.6260504201680672,0.00012217238059605967
0.41008403361344536,1.6260504201680672,0.00012329185787825377
0.41764705882352937,1.6260504201680672,0.0001244113351604479
0.4252100840336135,1.6260504201680672,0.00012553081244264202
0.4327731092436975,1.6260504201680672,0.00012665028972483615
0.4403361344537815,1.6260504201680672,0.00012776976700703025
0.4478991596638655,1.6260504201680672,0.00012888924428922438
0.4554621848739496,1.6260504201680672,0.0001300087215714185
0.46302521008403363,1.6260504201680672,0.0001311281988536126
0.47058823529411764,1.6260504201680672,0.00013191939395156804
0.47815126050420165,1.6260504201680672,0.00013271058904952354
0.48571428571428577,1.6260504201680672,0.000133501784147479
0.49327731092436977,1.6260504201680672,0.00013429297924543446
0.5008403361344538,1.6260504201680672,0.0001350685465365933
0.5084033613445378,1.6260504201680672,0.000135719091373379
0.5159663865546219,1.6260504201680672,0.00013636963621016472
0.5235294117647059,1.6260504201680672,0.00013702018104695042
0.5310924369747899,1.6260504201680672,0.00013767072588373615
0.5386554621848739,1.6260504201680672,0.00013834831316914033
0.546218487394958,1.6260504201680672,0.00013912054902470925
0.553781512605042,1.6260504201680672,0.00013989278488027817
0.561344537815126,1.6260504201680672,0.00014066502073584706
0.5689075630252101,1.6260504201680672,0.00014143725659141598
0.5764705882352942,1.6260504201680672,0.0001422094924469849
0.5840336134453782,1.6260504201680672,0.0001429817283025538
0.5915966386554622,1.6260504201680672,0.00014375396415812272
0.5991596638655462,1.6260504201680672,0.0001445262000136916
0.6067226890756302,1.6260504201680672,0.00014495296987910252
0.6142857142857142,1.6260504201680672,0.0001453365564957437
0.6218487394957983,1.6260504201680672,0.00014572014311238488
0.6294117647058823,1.6260504201680672,0.00014610372972902606
0.6369747899159663,1.6260504201680672,0.00014648731634566724
0.6445378151260504,1.6260504201680672,0.00014687090296230842
0.6521008403361345,1.6260504201680672,0.00014725448957894958
0.6596638655462185,1.6260504201680672,0.00014763807619559078
0.6672268907563025,1.6260504201680672,0.0001480317921016017
0.6747899159663865,1.6260504201680672,0.0001484336114391084
0.6823529411764706,1.6260504201680672,0.0001488354307766151
0.6899159663865546,1.6260504201680672,0.00014923725011412186
0.6974789915966386,1.6260504201680672,0.00014963906945162855
0.7050420168067226,1.6260504201680672,0.00015014050398985798
0.7126050420168067,1.6260504201680672,0.00015069174612844874
0.7201680672268908,1.6260504201680672,0.00015124298826703952
0.7277310924369748,1.6260504201680672,0.00015179423040563027
0.7352941176470588,1.6260504201680672,0.00015234547254422103
0.7428571428571429,1.6260504201680672,0.0001530453079886412
0.7504201680672269,1.6260504201680672,0.00015378759866329833
0.7579831932773109,1.6260504201680672,0.00015452988933795548
0.7655462184873949,1.6260504201680672,0.0001552721800126126
0.773109243697479,1.6260504201680672,0.00015601447068726976
0.780672268907563,1.6260504201680672,0.0001567567613619269
0.788235294117647,1.6260504201680672,0.00015749905203658402
0.795798319327731,1.6260504201680672,0.00015824134271124116
0.8033613445378152,1.6260504201680672,0.00015879693300590168
0.8109243697478992,1.6260504201680672,0.0001591191478255664
0.8184873949579832,1.6260504201680672,0.0001594413626452311
0.8260504201680672,1.6260504201680672,0.0001597635774648958
0.8336134453781512,1.6260504201680672,0.00016008579228456052
0.8411764705882353,1.6260504201680672,0.00016040800710422523
0.8487394957983193,1.6260504201680672,0.00016073022192388992
0.8563025210084033,1.6260504201680672,0.00016105243674355464
0.8638655462184873,1.6260504201680672,0.00016135080435147818
0.8714285714285714,1.6260504201680672,0.0001614583942654723
0.8789915966386554,1.6260504201680672,0.0001615659841794664
0.8865546218487395,1.6260504201680672,0.00016167357409346052
0.8941176470588235,1.6260504201680672,0.00016178116400745465
0.9016806722689076,1.6260504201680672,0.00016187965145348404
0.9092436974789916,1.6260504201680672,0.00016194628026163697
0.9168067226890756,1.6260504201680672,0.00016201290906978994
0.9243697478991596,1.6260504201680672,0.00016207953787794287
0.9319327731092437,1.6260504201680672,0.0001621461666860958
0.9394957983193277,1.6260504201680672,0.00016221279549424877
0.9470588235294117,1.6260504201680672,0.00016227942430240168
0.9546218487394957,1.6260504201680672,0.00016234605311055464
0.9621848739495799,1.6260504201680672,0.00016241268191870758
0.9697478991596639,1.6260504201680672,0.00016257830619923028
0.9773109243697479,1.6260504201680672,0.00016275630491379916
0.9848739495798319,1.6260504201680672,0.00016293430362836808
0.992436974789916,1.6260504201680672,0.000163112302342937
1.0,1.6260504201680672,0.00016329030105750587
0.1,1.6428571428571428,4.6936789443203265e-05
0.10756302521008404,1.6428571428571428,4.934761060552491e-05
0.11512605042016807,1.6428571428571428,5.175843176784655e-05
0.12268907563025211,1.6428571428571428,5.416925293016818e-05
0.13025210084033614,1.6428571428571428,5.664999759867714e-05
0.13781512605042018,1.6428571428571428,5.93754745388417e-05
0.1453781512605042,1.6428571428571428,6.210095147900625e-05
0.15294117647058825,1.6428571428571428,6.482642841917082e-05
0.16050420168067228,1.6428571428571428,6.755190535933538e-05
0.16806722689075632,1.6428571428571428,7.027738229949994e-05
0.17563025210084032,1.6428571428571428,7.30028592396645e-05
0.18319327731092439,1.6428571428571428,7.572833617982907e-05
0.1907563025210084,1.6428571428571428,7.845381311999362e-05
0.19831932773109245,1.6428571428571428,8.117929006015819e-05
0.20588235294117646,1.6428571428571428,8.328136834204609e-05
0.21344537815126052,1.6428571428571428,8.520533272156924e-05
0.22100840336134453,1.6428571428571428,8.712929710109238e-05
0.22857142857142856,1.6428571428571428,8.905326148061554e-05
0.2361344537815126,1.6428571428571428,9.097722586013868e-05
0.24369747899159663,1.6428571428571428,9.290119023966182e-05
0.25126050420168067,1.6428571428571428,9.482515461918497e-05
0.2588235294117647,1.6428571428571428,9.67491189987081e-05
0.26638655462184874,1.6428571428571428,9.867308337823126e-05
0.2739495798319328,1.6428571428571428,0.00010045986029619445
0.2815126050420168,1.6428571428571428,0.00010197226229103776
0.2890756302521008,1.6428571428571428,0.00010348466428588105
0.2966386554621849,1.6428571428571428,0.00010499706628072437
0.30420168067226894,1.6428571428571428,0.0001063904788416014
0.31176470588235294,1.6428571428571428,0.0001076886998553054
0.31932773109243695,1.6428571428571428,0.0001089869208690094
0.326890756302521,1.6428571428571428,0.0001102851418827134
0.3344537815126051,1.6428571428571428,0.00011159188948256136
0.3420168067226891,1.6428571428571428,0.000112901073249879
0.3495798319327731,1.6428571428571428,0.00011421025701719663
0.3571428571428571,1.6428571428571428,0.00011551944078451428
0.3647058823529412,1.6428571428571428,0.00011682862455183194
0.3722689075630252,1.6428571428571428,0.00011813780831914958
0.3798319327731092,1.6428571428571428,0.00011944699208646723
0.38739495798319323,1.6428571428571428,0.00012075617585378487
0.39495798319327735,1.6428571428571428,0.00012206535962110254
0.40252100840336136,1.6428571428571428,0.000123311307893379
0.41008403361344536,1.6428571428571428,0.0001244307851755731
0.41764705882352937,1.6428571428571428,0.00012555026245776723
0.4252100840336135,1.6428571428571428,0.00012666973973996136
0.4327731092436975,1.6428571428571428,0.00012778921702215546
0.4403361344537815,1.6428571428571428,0.0001289086943043496
0.4478991596638655,1.6428571428571428,0.0001300281715865437
0.4554621848739496,1.6428571428571428,0.00013114764886873784
0.46302521008403363,1.6428571428571428,0.00013226712615093194
0.47058823529411764,1.6428571428571428,0.00013338660343312607
0.47815126050420165,1.6428571428571428,0.00013421427432933026
0.48571428571428577,1.6428571428571428,0.00013500546942728572
0.49327731092436977,1.6428571428571428,0.0001357966645252412
0.5008403361344538,1.6428571428571428,0.0001365722318164
0.5084033613445378,1.6428571428571428,0.00013722277665318571
0.5159663865546219,1.6428571428571428,0.00013787332148997144
0.5235294117647059,1.6428571428571428,0.00013852386632675715
0.5310924369747899,1.6428571428571428,0.0001392149748364706
0.5386554621848739,1.6428571428571428,0.0001399872106920395
0.546218487394958,1.6428571428571428,0.00014075944654760842
0.553781512605042,1.6428571428571428,0.0001415316824031773
0.561344537815126,1.6428571428571428,0.00014230391825874623
0.5689075630252101,1.6428571428571428,0.00014307615411431512
0.5764705882352942,1.6428571428571428,0.00014384838996988404
0.5840336134453782,1.6428571428571428,0.00014462062582545294
0.5915966386554622,1.6428571428571428,0.00014539286168102186
0.5991596638655462,1.6428571428571428,0.00014616509753659078
0.6067226890756302,1.6428571428571428,0.00014659186740200169
0.6142857142857142,1.6428571428571428,0.00014697545401864287
0.6218487394957983,1.6428571428571428,0.00014735904063528405
0.6294117647058823,1.6428571428571428,0.0001477426272519252
0.6369747899159663,1.6428571428571428,0.00014812621386856638
0.6445378151260504,1.6428571428571428,0.00014850980048520756
0.6521008403361345,1.6428571428571428,0.00014889338710184874
0.6596638655462185,1.6428571428571428,0.00014927697371848992
0.6672268907563025,1.6428571428571428,0.0001496605603351311
0.6747899159663865,1.6428571428571428,0.00015005225038326807
0.6823529411764706,1.6428571428571428,0.0001504540697207748
0.6899159663865546,1.6428571428571428,0.0001508558890582815
0.6974789915966386,1.6428571428571428,0.00015125770839578823
0.7050420168067226,1.6428571428571428,0.00015175914293401763
0.7126050420168067,1.6428571428571428,0.0001523103850726084
0.7201680672268908,1.6428571428571428,0.00015286162721119917
0.7277310924369748,1.6428571428571428,0.0001534128693497899
0.7352941176470588,1.6428571428571428,0.00015413393240932855
0.7428571428571429,1.6428571428571428,0.00015487622308398572
0.7504201680672269,1.6428571428571428,0.00015561851375864286
0.7579831932773109,1.6428571428571428,0.0001563608044333
0.7655462184873949,1.6428571428571428,0.00015710309510795714
0.773109243697479,1.6428571428571428,0.00015784538578261429
0.780672268907563,1.6428571428571428,0.00015858767645727143
0.788235294117647,1.6428571428571428,0.00015932996713192854
0.795798319327731,1.6428571428571428,0.00016007225780658569
0.8033613445378152,1.6428571428571428,0.00016062784810124623
0.8109243697478992,1.6428571428571428,0.00016095006292091092
0.8184873949579832,1.6428571428571428,0.00016127227774057564
0.8260504201680672,1.6428571428571428,0.00016159449256024036
0.8336134453781512,1.6428571428571428,0.00016191670737990504
0.8411764705882353,1.6428571428571428,0.00016223892219956976
0.8487394957983193,1.6428571428571428,0.00016256113701923448
0.8563025210084033,1.6428571428571428,0.00016288335183889917
0.8638655462184873,1.6428571428571428,0.00016320556665856388
0.8714285714285714,1.6428571428571428,0.0001635277814782286
0.8789915966386554,1.6428571428571428,0.0001636353713922227
0.8865546218487395,1.6428571428571428,0.00016374296130621682
0.8941176470588235,1.6428571428571428,0.00016385055122021094
0.9016806722689076,1.6428571428571428,0.00016394903866624033
0.9092436974789916,1.6428571428571428,0.0001640156674743933
0.9168067226890756,1.6428571428571428,0.0001640822962825462
0.9243697478991596,1.6428571428571428,0.00016414892509069917
0.9319327731092437,1.6428571428571428,0.0001642155538988521
0.9394957983193277,1.6428571428571428,0.00016428218270700507
0.9470588235294117,1.6428571428571428,0.00016434881151515798
0.9546218487394957,1.6428571428571428,0.00016441544032331094
0.9621848739495799,1.6428571428571428,0.00016448206913146387
0.9697478991596639,1.6428571428571428,0.0001645486979396168
0.9773109243697479,1.6428571428571428,0.0001647019477860933
0.9848739495798319,1.6428571428571428,0.0001648799465006622
0.992436974789916,1.6428571428571428,0.0001650579452152311
1.0,1.6428571428571428,0.0001652359439298
0.1,1.6596638655462184,4.725662683370436e-05
0.10756302521008404,1.6596638655462184,4.9667447996026e-05
0.11512605042016807,1.6596638655462184,5.207826915834764e-05
0.12268907563025211,1.6596638655462184,5.459397557995025e-05
0.13025210084033614,1.6596638655462184,5.7319452520114816e-05
0.13781512605042018,1.6596638655462184,6.0044929460279375e-05
0.1453781512605042,1.6596638655462184,6.277040640044393e-05
0.15294117647058825,1.6596638655462184,6.54958833406085e-05
0.16050420168067228,1.6596638655462184,6.822136028077305e-05
0.16806722689075632,1.6596638655462184,7.094683722093762e-05
0.17563025210084032,1.6596638655462184,7.367231416110217e-05
0.18319327731092439,1.6596638655462184,7.639779110126675e-05
0.1907563025210084,1.6596638655462184,7.912326804143129e-05
0.19831932773109245,1.6596638655462184,8.184874498159586e-05
0.20588235294117646,1.6596638655462184,8.395082326348376e-05
0.21344537815126052,1.6596638655462184,8.587478764300691e-05
0.22100840336134453,1.6596638655462184,8.779875202253005e-05
0.22857142857142856,1.6596638655462184,8.97227164020532e-05
0.2361344537815126,1.6596638655462184,9.164668078157634e-05
0.24369747899159663,1.6596638655462184,9.35706451610995e-05
0.25126050420168067,1.6596638655462184,9.549460954062264e-05
0.2588235294117647,1.6596638655462184,9.741857392014578e-05
0.26638655462184874,1.6596638655462184,9.934253829966893e-05
0.2739495798319328,1.6596638655462184,0.00010126650267919208
0.2815126050420168,1.6596638655462184,0.0001030990087510086
0.2890756302521008,1.6596638655462184,0.00010461141074585189
0.2966386554621849,1.6596638655462184,0.0001061238127406952
0.30420168067226894,1.6596638655462184,0.00010751722530157223
0.31176470588235294,1.6596638655462184,0.00010881544631527622
0.31932773109243695,1.6596638655462184,0.00011011366732898024
0.326890756302521,1.6596638655462184,0.00011142163301256302
0.3344537815126051,1.6596638655462184,0.00011273081677988068
0.3420168067226891,1.6596638655462184,0.00011404000054719833
0.3495798319327731,1.6596638655462184,0.00011534918431451597
0.3571428571428571,1.6596638655462184,0.00011665836808183361
0.3647058823529412,1.6596638655462184,0.00011796755184915126
0.3722689075630252,1.6596638655462184,0.00011927673561646892
0.3798319327731092,1.6596638655462184,0.00012058591938378656
0.38739495798319323,1.6596638655462184,0.00012189510315110419
0.39495798319327735,1.6596638655462184,0.00012320428691842185
0.40252100840336136,1.6596638655462184,0.0001244502351906983
0.41008403361344536,1.6596638655462184,0.00012556971247289241
0.41764705882352937,1.6596638655462184,0.00012668918975508654
0.4252100840336135,1.6596638655462184,0.00012780866703728067
0.4327731092436975,1.6596638655462184,0.0001289281443194748
0.4403361344537815,1.6596638655462184,0.00013004762160166892
0.4478991596638655,1.6596638655462184,0.00013116709888386303
0.4554621848739496,1.6596638655462184,0.00013228657616605715
0.46302521008403363,1.6596638655462184,0.00013340605344825128
0.47058823529411764,1.6596638655462184,0.00013452553073044538
0.47815126050420165,1.6596638655462184,0.00013564500801263948
0.48571428571428577,1.6596638655462184,0.00013650915470709245
0.49327731092436977,1.6596638655462184,0.0001373003498050479
0.5008403361344538,1.6596638655462184,0.0001380759170962067
0.5084033613445378,1.6596638655462184,0.0001387264619329924
0.5159663865546219,1.6596638655462184,0.00013937700676977814
0.5235294117647059,1.6596638655462184,0.00014008163650380085
0.5310924369747899,1.6596638655462184,0.00014085387235936975
0.5386554621848739,1.6596638655462184,0.00014162610821493864
0.546218487394958,1.6596638655462184,0.00014239834407050756
0.553781512605042,1.6596638655462184,0.00014317057992607648
0.561344537815126,1.6596638655462184,0.00014394281578164537
0.5689075630252101,1.6596638655462184,0.00014471505163721427
0.5764705882352942,1.6596638655462184,0.00014548728749278319
0.5840336134453782,1.6596638655462184,0.00014625952334835208
0.5915966386554622,1.6596638655462184,0.000147031759203921
0.5991596638655462,1.6596638655462184,0.00014780399505948992
0.6067226890756302,1.6596638655462184,0.00014823076492490083
0.6142857142857142,1.6596638655462184,0.000148614351541542
0.6218487394957983,1.6596638655462184,0.0001489979381581832
0.6294117647058823,1.6596638655462184,0.00014938152477482437
0.6369747899159663,1.6596638655462184,0.00014976511139146555
0.6445378151260504,1.6596638655462184,0.0001501486980081067
0.6521008403361345,1.6596638655462184,0.00015053228462474788
0.6596638655462185,1.6596638655462184,0.00015091587124138907
0.6672268907563025,1.6596638655462184,0.00015129945785803025
0.6747899159663865,1.6596638655462184,0.00015168304447467143
0.6823529411764706,1.6596638655462184,0.00015207270866493444
0.6899159663865546,1.6596638655462184,0.00015247452800244118
0.6974789915966386,1.6596638655462184,0.00015287634733994788
0.7050420168067226,1.6596638655462184,0.00015337778187817728
0.7126050420168067,1.6596638655462184,0.00015392902401676806
0.7201680672268908,1.6596638655462184,0.00015448026615535882
0.7277310924369748,1.6596638655462184,0.00015522255683001596
0.7352941176470588,1.6596638655462184,0.0001559648475046731
0.7428571428571429,1.6596638655462184,0.00015670713817933024
0.7504201680672269,1.6596638655462184,0.00015744942885398739
0.7579831932773109,1.6596638655462184,0.00015819171952864453
0.7655462184873949,1.6596638655462184,0.00015893401020330167
0.773109243697479,1.6596638655462184,0.0001596763008779588
0.780672268907563,1.6596638655462184,0.00016041859155261595
0.788235294117647,1.6596638655462184,0.0001611608822272731
0.795798319327731,1.6596638655462184,0.00016190317290193024
0.8033613445378152,1.6596638655462184,0.00016245876319659076
0.8109243697478992,1.6596638655462184,0.00016278097801625545
0.8184873949579832,1.6596638655462184,0.00016310319283592017
0.8260504201680672,1.6596638655462184,0.00016342540765558488
0.8336134453781512,1.6596638655462184,0.00016374762247524957
0.8411764705882353,1.6596638655462184,0.0001640698372949143
0.8487394957983193,1.6596638655462184,0.00016439205211457898
0.8563025210084033,1.6596638655462184,0.0001647142669342437
0.8638655462184873,1.6596638655462184,0.00016503648175390838
0.8714285714285714,1.6596638655462184,0.00016535869657357313
0.8789915966386554,1.6596638655462184,0.00016568091139323782
0.8865546218487395,1.6596638655462184,0.0001658123485189731
0.8941176470588235,1.6596638655462184,0.00016591993843296723
0.9016806722689076,1.6596638655462184,0.00016601842587899663
0.9092436974789916,1.6596638655462184,0.0001660850546871496
0.9168067226890756,1.6596638655462184,0.00016615168349530253
0.9243697478991596,1.6596638655462184,0.00016621831230345546
0.9319327731092437,1.6596638655462184,0.0001662849411116084
0.9394957983193277,1.6596638655462184,0.00016635156991976136
0.9470588235294117,1.6596638655462184,0.0001664181987279143
0.9546218487394957,1.6596638655462184,0.00016648482753606723
0.9621848739495799,1.6596638655462184,0.00016655145634422017
0.9697478991596639,1.6596638655462184,0.0001666180851523731
0.9773109243697479,1.6596638655462184,0.00016668471396052604
0.9848739495798319,1.6596638655462184,0.0001668255893729563
0.992436974789916,1.6596638655462184,0.0001670035880875252
1.0,1.6596638655462184,0.0001671815868020941
0.1,1.6764705882352942,4.7576464224205456e-05
0.10756302521008404,1.6764705882352942,4.99872853865271e-05
0.11512605042016807,1.6764705882352942,5.253795356122337e-05
0.12268907563025211,1.6764705882352942,5.526343050138793e-05
0.13025210084033614,1.6764705882352942,5.798890744155249e-05
0.13781512605042018,1.6764705882352942,6.071438438171705e-05
0.1453781512605042,1.6764705882352942,6.343986132188162e-05
0.15294117647058825,1.6764705882352942,6.616533826204618e-05
0.16050420168067228,1.6764705882352942,6.889081520221073e-05
0.16806722689075632,1.6764705882352942,7.16162921423753e-05
0.17563025210084032,1.6764705882352942,7.434176908253985e-05
0.18319327731092439,1.6764705882352942,7.706724602270443e-05
0.1907563025210084,1.6764705882352942,7.979272296286898e-05
0.19831932773109245,1.6764705882352942,8.251819990303355e-05
0.20588235294117646,1.6764705882352942,8.462027818492145e-05
0.21344537815126052,1.6764705882352942,8.654424256444461e-05
0.22100840336134453,1.6764705882352942,8.846820694396773e-05
0.22857142857142856,1.6764705882352942,9.039217132349089e-05
0.2361344537815126,1.6764705882352942,9.231613570301403e-05
0.24369747899159663,1.6764705882352942,9.424010008253718e-05
0.25126050420168067,1.6764705882352942,9.616406446206032e-05
0.2588235294117647,1.6764705882352942,9.808802884158346e-05
0.26638655462184874,1.6764705882352942,0.00010001199322110661
0.2739495798319328,1.6764705882352942,0.00010193595760062977
0.2815126050420168,1.6764705882352942,0.0001038599219801529
0.2890756302521008,1.6764705882352942,0.00010573815720582272
0.2966386554621849,1.6764705882352942,0.00010725055920066604
0.30420168067226894,1.6764705882352942,0.00010864397176154307
0.31176470588235294,1.6764705882352942,0.00010994219277524707
0.31932773109243695,1.6764705882352942,0.0001112513765425647
0.326890756302521,1.6764705882352942,0.00011256056030988236
0.3344537815126051,1.6764705882352942,0.0001138697440772
0.3420168067226891,1.6764705882352942,0.00011517892784451766
0.3495798319327731,1.6764705882352942,0.00011648811161183531
0.3571428571428571,1.6764705882352942,0.00011779729537915295
0.3647058823529412,1.6764705882352942,0.00011910647914647061
0.3722689075630252,1.6764705882352942,0.00012041566291378824
0.3798319327731092,1.6764705882352942,0.00012172484668110588
0.38739495798319323,1.6764705882352942,0.00012303403044842351
0.39495798319327735,1.6764705882352942,0.00012434321421574119
0.40252100840336136,1.6764705882352942,0.00012558916248801765
0.41008403361344536,1.6764705882352942,0.00012670863977021175
0.41764705882352937,1.6764705882352942,0.00012782811705240588
0.4252100840336135,1.6764705882352942,0.0001289475943346
0.4327731092436975,1.6764705882352942,0.00013006707161679413
0.4403361344537815,1.6764705882352942,0.00013118654889898823
0.4478991596638655,1.6764705882352942,0.00013230602618118236
0.4554621848739496,1.6764705882352942,0.0001334255034633765
0.46302521008403363,1.6764705882352942,0.00013454498074557062
0.47058823529411764,1.6764705882352942,0.00013566445802776472
0.47815126050420165,1.6764705882352942,0.00013678393530995882
0.48571428571428577,1.6764705882352942,0.00013790341259215297
0.49327731092436977,1.6764705882352942,0.00013880403508485464
0.5008403361344538,1.6764705882352942,0.00013957960237601344
0.5084033613445378,1.6764705882352942,0.00014023014721279917
0.5159663865546219,1.6764705882352942,0.0001409482981711311
0.5235294117647059,1.6764705882352942,0.00014172053402670002
0.5310924369747899,1.6764705882352942,0.00014249276988226892
0.5386554621848739,1.6764705882352942,0.00014326500573783784
0.546218487394958,1.6764705882352942,0.00014403724159340676
0.553781512605042,1.6764705882352942,0.00014480947744897565
0.561344537815126,1.6764705882352942,0.00014558171330454454
0.5689075630252101,1.6764705882352942,0.00014635394916011346
0.5764705882352942,1.6764705882352942,0.00014712618501568238
0.5840336134453782,1.6764705882352942,0.00014789842087125127
0.5915966386554622,1.6764705882352942,0.00014867065672682017
0.5991596638655462,1.6764705882352942,0.0001494428925823891
0.6067226890756302,1.6764705882352942,0.0001498696624478
0.6142857142857142,1.6764705882352942,0.00015025324906444118
0.6218487394957983,1.6764705882352942,0.00015063683568108236
0.6294117647058823,1.6764705882352942,0.00015102042229772354
0.6369747899159663,1.6764705882352942,0.00015140400891436472
0.6445378151260504,1.6764705882352942,0.0001517875955310059
0.6521008403361345,1.6764705882352942,0.00015217118214764708
0.6596638655462185,1.6764705882352942,0.00015255476876428823
0.6672268907563025,1.6764705882352942,0.00015293835538092941
0.6747899159663865,1.6764705882352942,0.0001533219419975706
0.6823529411764706,1.6764705882352942,0.00015370552861421178
0.6899159663865546,1.6764705882352942,0.00015409316694660086
0.6974789915966386,1.6764705882352942,0.00015449498628410755
0.7050420168067226,1.6764705882352942,0.00015499642082233696
0.7126050420168067,1.6764705882352942,0.00015556889057604626
0.7201680672268908,1.6764705882352942,0.00015631118125070337
0.7277310924369748,1.6764705882352942,0.0001570534719253605
0.7352941176470588,1.6764705882352942,0.00015779576260001766
0.7428571428571429,1.6764705882352942,0.0001585380532746748
0.7504201680672269,1.6764705882352942,0.00015928034394933194
0.7579831932773109,1.6764705882352942,0.00016002263462398908
0.7655462184873949,1.6764705882352942,0.00016076492529864622
0.773109243697479,1.6764705882352942,0.00016150721597330337
0.780672268907563,1.6764705882352942,0.0001622495066479605
0.788235294117647,1.6764705882352942,0.00016299179732261765
0.795798319327731,1.6764705882352942,0.0001637340879972748
0.8033613445378152,1.6764705882352942,0.00016428967829193529
0.8109243697478992,1.6764705882352942,0.0001646118931116
0.8184873949579832,1.6764705882352942,0.00016493410793126472
0.8260504201680672,1.6764705882352942,0.00016525632275092943
0.8336134453781512,1.6764705882352942,0.00016557853757059412
0.8411764705882353,1.6764705882352942,0.00016590075239025884
0.8487394957983193,1.6764705882352942,0.00016622296720992353
0.8563025210084033,1.6764705882352942,0.00016654518202958825
0.8638655462184873,1.6764705882352942,0.00016686739684925294
0.8714285714285714,1.6764705882352942,0.00016718961166891765
0.8789915966386554,1.6764705882352942,0.00016751182648858237
0.8865546218487395,1.6764705882352942,0.00016783404130824709
0.8941176470588235,1.6764705882352942,0.00016798932564572356
0.9016806722689076,1.6764705882352942,0.00016808781309175295
0.9092436974789916,1.6764705882352942,0.0001681544418999059
0.9168067226890756,1.6764705882352942,0.00016822107070805885
0.9243697478991596,1.6764705882352942,0.00016828769951621178
0.9319327731092437,1.6764705882352942,0.00016835432832436472
0.9394957983193277,1.6764705882352942,0.00016842095713251766
0.9470588235294117,1.6764705882352942,0.00016848758594067062
0.9546218487394957,1.6764705882352942,0.00016855421474882355
0.9621848739495799,1.6764705882352942,0.0001686208435569765
0.9697478991596639,1.6764705882352942,0.00016868747236512943
0.9773109243697479,1.6764705882352942,0.00016875410117328236
0.9848739495798319,1.6764705882352942,0.00016882072998143532
0.992436974789916,1.6764705882352942,0.00016894923095981933
1.0,1.6764705882352942,0.00016912722967438824
0.1,1.6932773109243697,4.7896301614706555e-05
0.10756302521008404,1.6932773109243697,5.048193154249648e-05
0.11512605042016807,1.6932773109243697,5.320740848266104e-05
0.12268907563025211,1.6932773109243697,5.593288542282561e-05
0.13025210084033614,1.6932773109243697,5.8658362362990166e-05
0.13781512605042018,1.6932773109243697,6.138383930315473e-05
0.1453781512605042,1.6932773109243697,6.410931624331928e-05
0.15294117647058825,1.6932773109243697,6.683479318348386e-05
0.16050420168067228,1.6932773109243697,6.956027012364842e-05
0.16806722689075632,1.6932773109243697,7.228574706381298e-05
0.17563025210084032,1.6932773109243697,7.501122400397753e-05
0.18319327731092439,1.6932773109243697,7.77367009441421e-05
0.1907563025210084,1.6932773109243697,8.046217788430667e-05
0.19831932773109245,1.6932773109243697,8.318765482447122e-05
0.20588235294117646,1.6932773109243697,8.528973310635914e-05
0.21344537815126052,1.6932773109243697,8.721369748588229e-05
0.22100840336134453,1.6932773109243697,8.913766186540543e-05
0.22857142857142856,1.6932773109243697,9.106162624492857e-05
0.2361344537815126,1.6932773109243697,9.298559062445171e-05
0.24369747899159663,1.6932773109243697,9.490955500397485e-05
0.25126050420168067,1.6932773109243697,9.6833519383498e-05
0.2588235294117647,1.6932773109243697,9.875748376302113e-05
0.26638655462184874,1.6932773109243697,0.00010068144814254428
0.2739495798319328,1.6932773109243697,0.00010260541252206745
0.2815126050420168,1.6932773109243697,0.00010452937690159057
0.2890756302521008,1.6932773109243697,0.00010645334128111371
0.2966386554621849,1.6932773109243697,0.00010837730566063688
0.30420168067226894,1.6932773109243697,0.00010977193630524876
0.31176470588235294,1.6932773109243697,0.00011108112007256641
0.31932773109243695,1.6932773109243697,0.00011239030383988404
0.326890756302521,1.6932773109243697,0.0001136994876072017
0.3344537815126051,1.6932773109243697,0.00011500867137451934
0.3420168067226891,1.6932773109243697,0.00011631785514183699
0.3495798319327731,1.6932773109243697,0.00011762703890915463
0.3571428571428571,1.6932773109243697,0.00011893622267647227
0.3647058823529412,1.6932773109243697,0.00012024540644378993
0.3722689075630252,1.6932773109243697,0.00012155459021110756
0.3798319327731092,1.6932773109243697,0.0001228637739784252
0.38739495798319323,1.6932773109243697,0.00012417295774574285
0.39495798319327735,1.6932773109243697,0.00012548214151306052
0.40252100840336136,1.6932773109243697,0.00012672808978533699
0.41008403361344536,1.6932773109243697,0.0001278475670675311
0.41764705882352937,1.6932773109243697,0.00012896704434972521
0.4252100840336135,1.6932773109243697,0.00013008652163191934
0.4327731092436975,1.6932773109243697,0.00013120599891411344
0.4403361344537815,1.6932773109243697,0.00013232547619630757
0.4478991596638655,1.6932773109243697,0.00013344495347850167
0.4554621848739496,1.6932773109243697,0.00013456443076069582
0.46302521008403363,1.6932773109243697,0.00013568390804288993
0.47058823529411764,1.6932773109243697,0.00013680338532508405
0.47815126050420165,1.6932773109243697,0.00013792286260727815
0.48571428571428577,1.6932773109243697,0.00013904233988947228
0.49327731092436977,1.6932773109243697,0.0001401618171716664
0.5008403361344538,1.6932773109243697,0.0001410832876558202
0.5084033613445378,1.6932773109243697,0.00014181495983846135
0.5159663865546219,1.6932773109243697,0.00014258719569403027
0.5235294117647059,1.6932773109243697,0.0001433594315495992
0.5310924369747899,1.6932773109243697,0.00014413166740516808
0.5386554621848739,1.6932773109243697,0.00014490390326073698
0.546218487394958,1.6932773109243697,0.0001456761391163059
0.553781512605042,1.6932773109243697,0.0001464483749718748
0.561344537815126,1.6932773109243697,0.0001472206108274437
0.5689075630252101,1.6932773109243697,0.0001479928466830126
0.5764705882352942,1.6932773109243697,0.00014876508253858152
0.5840336134453782,1.6932773109243697,0.00014953731839415042
0.5915966386554622,1.6932773109243697,0.0001503095542497193
0.5991596638655462,1.6932773109243697,0.00015108179010528823
0.6067226890756302,1.6932773109243697,0.00015150855997069916
0.6142857142857142,1.6932773109243697,0.00015189214658734034
0.6218487394957983,1.6932773109243697,0.00015227573320398153
0.6294117647058823,1.6932773109243697,0.0001526593198206227
0.6369747899159663,1.6932773109243697,0.00015304290643726386
0.6445378151260504,1.6932773109243697,0.00015342649305390504
0.6521008403361345,1.6932773109243697,0.00015381007967054622
0.6596638655462185,1.6932773109243697,0.0001541936662871874
0.6672268907563025,1.6932773109243697,0.00015457725290382858
0.6747899159663865,1.6932773109243697,0.00015496083952046974
0.6823529411764706,1.6932773109243697,0.00015534442613711095
0.6899159663865546,1.6932773109243697,0.0001557280127537521
0.6974789915966386,1.6932773109243697,0.00015611362522826723
0.7050420168067226,1.6932773109243697,0.00015665751499673361
0.7126050420168067,1.6932773109243697,0.00015739980567139078
0.7201680672268908,1.6932773109243697,0.0001581420963460479
0.7277310924369748,1.6932773109243697,0.00015888438702070504
0.7352941176470588,1.6932773109243697,0.00015962667769536218
0.7428571428571429,1.6932773109243697,0.00016036896837001932
0.7504201680672269,1.6932773109243697,0.00016111125904467647
0.7579831932773109,1.6932773109243697,0.0001618535497193336
0.7655462184873949,1.6932773109243697,0.00016259584039399075
0.773109243697479,1.6932773109243697,0.0001633381310686479
0.780672268907563,1.6932773109243697,0.00016408042174330503
0.788235294117647,1.6932773109243697,0.00016482271241796218
0.795798319327731,1.6932773109243697,0.00016556500309261932
0.8033613445378152,1.6932773109243697,0.00016612059338727984
0.8109243697478992,1.6932773109243697,0.00016644280820694453
0.8184873949579832,1.6932773109243697,0.00016676502302660924
0.8260504201680672,1.6932773109243697,0.00016708723784627396
0.8336134453781512,1.6932773109243697,0.00016740945266593865
0.8411764705882353,1.6932773109243697,0.00016773166748560337
0.8487394957983193,1.6932773109243697,0.00016805388230526806
0.8563025210084033,1.6932773109243697,0.00016837609712493277
0.8638655462184873,1.6932773109243697,0.00016869831194459746
0.8714285714285714,1.6932773109243697,0.00016902052676426218
0.8789915966386554,1.6932773109243697,0.0001693427415839269
0.8865546218487395,1.6932773109243697,0.0001696649564035916
0.8941176470588235,1.6932773109243697,0.0001699871712232563
0.9016806722689076,1.6932773109243697,0.00017015720030450924
0.9092436974789916,1.6932773109243697,0.0001702238291126622
0.9168067226890756,1.6932773109243697,0.00017029045792081514
0.9243697478991596,1.6932773109243697,0.00017035708672896808
0.9319327731092437,1.6932773109243697,0.00017042371553712101
0.9394957983193277,1.6932773109243697,0.00017049034434527398
0.9470588235294117,1.6932773109243697,0.0001705569731534269
0.9546218487394957,1.6932773109243697,0.00017062360196157985
0.9621848739495799,1.6932773109243697,0.00017069023076973278
0.9697478991596639,1.6932773109243697,0.00017075685957788575
0.9773109243697479,1.6932773109243697,0.00017082348838603868
0.9848739495798319,1.6932773109243697,0.00017089011719419162
0.992436974789916,1.6932773109243697,0.00017095674600234456
1.0,1.6932773109243697,0.00017107287254668237
0.1,1.7100840336134453,4.8198473180475496e-05
0.10756302521008404,1.7100840336134453,5.1135926928113046e-05
0.11512605042016807,1.7100840336134453,5.38614038682776e-05
0.12268907563025211,1.7100840336134453,5.6586880808442164e-05
0.13025210084033614,1.7100840336134453,5.931235774860673e-05
0.13781512605042018,1.7100840336134453,6.203783468877128e-05
0.1453781512605042,1.7100840336134453,6.476331162893585e-05
0.15294117647058825,1.7100840336134453,6.748878856910041e-05
0.16050420168067228,1.7100840336134453,7.021426550926498e-05
0.16806722689075632,1.7100840336134453,7.293974244942953e-05
0.17563025210084032,1.7100840336134453,7.566521938959409e-05
0.18319327731092439,1.7100840336134453,7.839069632975866e-05
0.1907563025210084,1.7100840336134453,8.111617326992322e-05
0.19831932773109245,1.7100840336134453,8.384165021008778e-05
0.20588235294117646,1.7100840336134453,8.607198525797453e-05
0.21344537815126052,1.7100840336134453,8.799594963749768e-05
0.22100840336134453,1.7100840336134453,8.991991401702082e-05
0.22857142857142856,1.7100840336134453,9.184387839654397e-05
0.2361344537815126,1.7100840336134453,9.376784277606711e-05
0.24369747899159663,1.7100840336134453,9.569180715559025e-05
0.25126050420168067,1.7100840336134453,9.76157715351134e-05
0.2588235294117647,1.7100840336134453,9.953973591463653e-05
0.26638655462184874,1.7100840336134453,0.0001014637002941597
0.2739495798319328,1.7100840336134453,0.00010338766467368284
0.2815126050420168,1.7100840336134453,0.00010531162905320598
0.2890756302521008,1.7100840336134453,0.00010723559343272912
0.2966386554621849,1.7100840336134453,0.00010915955781225227
0.30420168067226894,1.7100840336134453,0.00011074197740721681
0.31176470588235294,1.7100840336134453,0.00011205116117453447
0.31932773109243695,1.7100840336134453,0.00011336034494185211
0.326890756302521,1.7100840336134453,0.00011466952870916976
0.3344537815126051,1.7100840336134453,0.0001159787124764874
0.3420168067226891,1.7100840336134453,0.00011728789624380505
0.3495798319327731,1.7100840336134453,0.00011859708001112269
0.3571428571428571,1.7100840336134453,0.00011990626377844033
0.3647058823529412,1.7100840336134453,0.00012121544754575799
0.3722689075630252,1.7100840336134453,0.00012252463131307562
0.3798319327731092,1.7100840336134453,0.00012383381508039327
0.38739495798319323,1.7100840336134453,0.0001251429988477109
0.39495798319327735,1.7100840336134453,0.00012645218261502858
0.40252100840336136,1.7100840336134453,0.00012798957300758573
0.41008403361344536,1.7100840336134453,0.00012910905028977983
0.41764705882352937,1.7100840336134453,0.00013022852757197396
0.4252100840336135,1.7100840336134453,0.00013134800485416808
0.4327731092436975,1.7100840336134453,0.00013246748213636218
0.4403361344537815,1.7100840336134453,0.00013358695941855628
0.4478991596638655,1.7100840336134453,0.0001347064367007504
0.4554621848739496,1.7100840336134453,0.00013582591398294457
0.46302521008403363,1.7100840336134453,0.00013694539126513867
0.47058823529411764,1.7100840336134453,0.0001380648685473328
0.47815126050420165,1.7100840336134453,0.0001391843458295269
0.48571428571428577,1.7100840336134453,0.00014030382311172102
0.49327731092436977,1.7100840336134453,0.00014142330039391512
0.5008403361344538,1.7100840336134453,0.00014262607569464454
0.5084033613445378,1.7100840336134453,0.0001435150769673941
0.5159663865546219,1.7100840336134453,0.00014428731282296303
0.5235294117647059,1.7100840336134453,0.00014505954867853195
0.5310924369747899,1.7100840336134453,0.00014583178453410084
0.5386554621848739,1.7100840336134453,0.00014660402038966974
0.546218487394958,1.7100840336134453,0.00014737625624523866
0.553781512605042,1.7100840336134453,0.00014814849210080758
0.561344537815126,1.7100840336134453,0.00014892072795637647
0.5689075630252101,1.7100840336134453,0.00014969296381194536
0.5764705882352942,1.7100840336134453,0.00015046519966751428
0.5840336134453782,1.7100840336134453,0.00015123743552308318
0.5915966386554622,1.7100840336134453,0.00015200967137865207
0.5991596638655462,1.7100840336134453,0.000152781907234221
0.6067226890756302,1.7100840336134453,0.00015320867709963192
0.6142857142857142,1.7100840336134453,0.0001535922637162731
0.6218487394957983,1.7100840336134453,0.00015397585033291429
0.6294117647058823,1.7100840336134453,0.00015435943694955547
0.6369747899159663,1.7100840336134453,0.00015474302356619665
0.6445378151260504,1.7100840336134453,0.00015512661018283783
0.6521008403361345,1.7100840336134453,0.00015551019679947898
0.6596638655462185,1.7100840336134453,0.00015589378341612016
0.6672268907563025,1.7100840336134453,0.00015627737003276134
0.6747899159663865,1.7100840336134453,0.00015666095664940252
0.6823529411764706,1.7100840336134453,0.00015704454326604368
0.6899159663865546,1.7100840336134453,0.00015742812988268486
0.6974789915966386,1.7100840336134453,0.0001578847939105
0.7050420168067226,1.7100840336134453,0.00015852308432413528
0.7126050420168067,1.7100840336134453,0.00015926537499879242
0.7201680672268908,1.7100840336134453,0.0001600076656734496
0.7277310924369748,1.7100840336134453,0.00016074995634810673
0.7352941176470588,1.7100840336134453,0.00016149224702276385
0.7428571428571429,1.7100840336134453,0.00016223453769742102
0.7504201680672269,1.7100840336134453,0.00016297682837207813
0.7579831932773109,1.7100840336134453,0.0001637191190467353
0.7655462184873949,1.7100840336134453,0.00016446140972139242
0.773109243697479,1.7100840336134453,0.00016520370039604956
0.780672268907563,1.7100840336134453,0.00016594599107070673
0.788235294117647,1.7100840336134453,0.00016668828174536384
0.795798319327731,1.7100840336134453,0.00016743057242002098
0.8033613445378152,1.7100840336134453,0.0001679861627146815
0.8109243697478992,1.7100840336134453,0.00016830837753434622
0.8184873949579832,1.7100840336134453,0.0001686305923540109
0.8260504201680672,1.7100840336134453,0.00016895280717367563
0.8336134453781512,1.7100840336134453,0.00016927502199334034
0.8411764705882353,1.7100840336134453,0.00016959723681300506
0.8487394957983193,1.7100840336134453,0.00016991945163266975
0.8563025210084033,1.7100840336134453,0.00017024166645233447
0.8638655462184873,1.7100840336134453,0.00017056388127199916
0.8714285714285714,1.7100840336134453,0.00017088609609166387
0.8789915966386554,1.7100840336134453,0.00017120831091132856
0.8865546218487395,1.7100840336134453,0.00017153052573099328
0.8941176470588235,1.7100840336134453,0.00017185274055065797
0.9016806722689076,1.7100840336134453,0.00017235860021402017
0.9092436974789916,1.7100840336134453,0.0001725509511218941
0.9168067226890756,1.7100840336134453,0.00017261757993004706
0.9243697478991596,1.7100840336134453,0.0001726842087382
0.9319327731092437,1.7100840336134453,0.00017275083754635293
0.9394957983193277,1.7100840336134453,0.0001728174663545059
0.9470588235294117,1.7100840336134453,0.0001728840951626588
0.9546218487394957,1.7100840336134453,0.00017295072397081177
0.9621848739495799,1.7100840336134453,0.00017301735277896473
0.9697478991596639,1.7100840336134453,0.00017308398158711767
0.9773109243697479,1.7100840336134453,0.0001731506103952706
0.9848739495798319,1.7100840336134453,0.00017321723920342354
0.992436974789916,1.7100840336134453,0.00017328386801157648
1.0,1.7100840336134453,0.0001733504968197294
0.1,1.7268907563025209,4.8488867529756325e-05
0.10756302521008404,1.7268907563025209,5.1532309681130356e-05
0.11512605042016807,1.7268907563025209,5.450509289668006e-05
0.12268907563025211,1.7268907563025209,5.723056983684463e-05
0.13025210084033614,1.7268907563025209,5.995604677700919e-05
0.13781512605042018,1.7268907563025209,6.268152371717376e-05
0.1453781512605042,1.7268907563025209,6.540700065733833e-05
0.15294117647058825,1.7268907563025209,6.813247759750289e-05
0.16050420168067228,1.7268907563025209,7.085795453766746e-05
0.16806722689075632,1.7268907563025209,7.358343147783201e-05
0.17563025210084032,1.7268907563025209,7.630890841799656e-05
0.18319327731092439,1.7268907563025209,7.903438535816114e-05
0.1907563025210084,1.7268907563025209,8.17598622983257e-05
0.19831932773109245,1.7268907563025209,8.448533923849026e-05
0.20588235294117646,1.7268907563025209,8.67370504140435e-05
0.21344537815126052,1.7268907563025209,8.885339994256492e-05
0.22100840336134453,1.7268907563025209,9.077736432208804e-05
0.22857142857142856,1.7268907563025209,9.27013287016112e-05
0.2361344537815126,1.7268907563025209,9.462529308113434e-05
0.24369747899159663,1.7268907563025209,9.654925746065748e-05
0.25126050420168067,1.7268907563025209,9.847322184018063e-05
0.2588235294117647,1.7268907563025209,0.00010039718621970377
0.26638655462184874,1.7268907563025209,0.00010232115059922692
0.2739495798319328,1.7268907563025209,0.00010424511497875007
0.2815126050420168,1.7268907563025209,0.0001061690793582732
0.2890756302521008,1.7268907563025209,0.00010809304373779634
0.2966386554621849,1.7268907563025209,0.00011001700811731951
0.30420168067226894,1.7268907563025209,0.00011159942771228403
0.31176470588235294,1.7268907563025209,0.00011290861147960169
0.31932773109243695,1.7268907563025209,0.00011421779524691934
0.326890756302521,1.7268907563025209,0.00011552697901423698
0.3344537815126051,1.7268907563025209,0.00011683616278155462
0.3420168067226891,1.7268907563025209,0.00011814534654887227
0.3495798319327731,1.7268907563025209,0.00011945453031618991
0.3571428571428571,1.7268907563025209,0.00012076371408350757
0.3647058823529412,1.7268907563025209,0.00012207289785082522
0.3722689075630252,1.7268907563025209,0.00012338208161814286
0.3798319327731092,1.7268907563025209,0.0001246912653854605
0.38739495798319323,1.7268907563025209,0.0001260490228394916
0.39495798319327735,1.7268907563025209,0.00012779536978723026
0.40252100840336136,1.7268907563025209,0.0001293327601797874
0.41008403361344536,1.7268907563025209,0.0001304522374619815
0.41764705882352937,1.7268907563025209,0.00013157171474417563
0.4252100840336135,1.7268907563025209,0.00013269119202636976
0.4327731092436975,1.7268907563025209,0.00013381066930856386
0.4403361344537815,1.7268907563025209,0.00013493014659075796
0.4478991596638655,1.7268907563025209,0.0001360496238729521
0.4554621848739496,1.7268907563025209,0.00013716910115514624
0.46302521008403363,1.7268907563025209,0.00013828857843734035
0.47058823529411764,1.7268907563025209,0.00013940805571953445
0.47815126050420165,1.7268907563025209,0.00014052753300172857
0.48571428571428577,1.7268907563025209,0.0001416470102839227
0.49327731092436977,1.7268907563025209,0.00014289785732056386
0.5008403361344538,1.7268907563025209,0.00014413347505990503
0.5084033613445378,1.7268907563025209,0.00014511588866639914
0.5159663865546219,1.7268907563025209,0.0001460282430225849
0.5235294117647059,1.7268907563025209,0.00014680047887815378
0.5310924369747899,1.7268907563025209,0.0001475727147337227
0.5386554621848739,1.7268907563025209,0.0001483449505892916
0.546218487394958,1.7268907563025209,0.00014911718644486052
0.553781512605042,1.7268907563025209,0.0001498894223004294
0.561344537815126,1.7268907563025209,0.00015066165815599833
0.5689075630252101,1.7268907563025209,0.00015143389401156722
0.5764705882352942,1.7268907563025209,0.00015220612986713614
0.5840336134453782,1.7268907563025209,0.00015297836572270503
0.5915966386554622,1.7268907563025209,0.00015375060157827393
0.5991596638655462,1.7268907563025209,0.00015452283743384285
0.6067226890756302,1.7268907563025209,0.00015494960729925376
0.6142857142857142,1.7268907563025209,0.00015533319391589496
0.6218487394957983,1.7268907563025209,0.00015571678053253612
0.6294117647058823,1.7268907563025209,0.00015610036714917733
0.6369747899159663,1.7268907563025209,0.00015648395376581848
0.6445378151260504,1.7268907563025209,0.00015686754038245966
0.6521008403361345,1.7268907563025209,0.00015725112699910084
0.6596638655462185,1.7268907563025209,0.00015763471361574202
0.6672268907563025,1.7268907563025209,0.0001580183002323832
0.6747899159663865,1.7268907563025209,0.00015840188684902436
0.6823529411764706,1.7268907563025209,0.00015878547346566554
0.6899159663865546,1.7268907563025209,0.00015926649663053864
0.6974789915966386,1.7268907563025209,0.00015986931548070169
0.7050420168067226,1.7268907563025209,0.00016050760589433695
0.7126050420168067,1.7268907563025209,0.0001611636320897084
0.7201680672268908,1.7268907563025209,0.0001618963378222227
0.7277310924369748,1.7268907563025209,0.00016263862849687984
0.7352941176470588,1.7268907563025209,0.00016338091917153698
0.7428571428571429,1.7268907563025209,0.00016412320984619412
0.7504201680672269,1.7268907563025209,0.00016486550052085126
0.7579831932773109,1.7268907563025209,0.0001656077911955084
0.7655462184873949,1.7268907563025209,0.00016635008187016555
0.773109243697479,1.7268907563025209,0.0001670923725448227
0.780672268907563,1.7268907563025209,0.00016783466321947983
0.788235294117647,1.7268907563025209,0.00016857695389413694
0.795798319327731,1.7268907563025209,0.0001693192445687941
0.8033613445378152,1.7268907563025209,0.0001698748348634546
0.8109243697478992,1.7268907563025209,0.00017019704968311932
0.8184873949579832,1.7268907563025209,0.000170519264502784
0.8260504201680672,1.7268907563025209,0.00017084147932244873
0.8336134453781512,1.7268907563025209,0.00017116369414211345
0.8411764705882353,1.7268907563025209,0.00017148590896177816
0.8487394957983193,1.7268907563025209,0.00017180812378144285
0.8563025210084033,1.7268907563025209,0.00017213033860110757
0.8638655462184873,1.7268907563025209,0.00017245255342077226
0.8714285714285714,1.7268907563025209,0.00017277476824043697
0.8789915966386554,1.7268907563025209,0.00017309698306010166
0.8865546218487395,1.7268907563025209,0.00017341919787976638
0.8941176470588235,1.7268907563025209,0.00017400778372735713
0.9016806722689076,1.7268907563025209,0.00017454324017160001
0.9092436974789916,1.7268907563025209,0.0001748927437041252
0.9168067226890756,1.7268907563025209,0.0001751165251369294
0.9243697478991596,1.7268907563025209,0.00017518315394508236
0.9319327731092437,1.7268907563025209,0.0001752497827532353
0.9394957983193277,1.7268907563025209,0.00017531641156138823
0.9470588235294117,1.7268907563025209,0.00017538304036954116
0.9546218487394957,1.7268907563025209,0.00017544966917769413
0.9621848739495799,1.7268907563025209,0.00017551629798584706
0.9697478991596639,1.7268907563025209,0.00017558292679400002
0.9773109243697479,1.7268907563025209,0.00017564955560215293
0.9848739495798319,1.7268907563025209,0.0001757161844103059
0.992436974789916,1.7268907563025209,0.00017578281321845883
1.0,1.7268907563025209,0.00017584944202661177
0.1,1.7436974789915967,4.877926187903715e-05
0.10756302521008404,1.7436974789915967,5.182270403041119e-05
0.11512605042016807,1.7436974789915967,5.4866146181785236e-05
0.12268907563025211,1.7436974789915967,5.787425886524712e-05
0.13025210084033614,1.7436974789915967,6.059973580541168e-05
0.13781512605042018,1.7436974789915967,6.332521274557624e-05
0.1453781512605042,1.7436974789915967,6.60506896857408e-05
0.15294117647058825,1.7436974789915967,6.877616662590537e-05
0.16050420168067228,1.7436974789915967,7.150164356606993e-05
0.16806722689075632,1.7436974789915967,7.422712050623449e-05
0.17563025210084032,1.7436974789915967,7.695259744639904e-05
0.18319327731092439,1.7436974789915967,7.967807438656362e-05
0.1907563025210084,1.7436974789915967,8.240355132672817e-05
0.19831932773109245,1.7436974789915967,8.512902826689274e-05
0.20588235294117646,1.7436974789915967,8.738073944244596e-05
0.21344537815126052,1.7436974789915967,8.949708897096738e-05
0.22100840336134453,1.7436974789915967,9.16134384994888e-05
0.22857142857142856,1.7436974789915967,9.355877900667842e-05
0.2361344537815126,1.7436974789915967,9.548274338620157e-05
0.24369747899159663,1.7436974789915967,9.740670776572471e-05
0.25126050420168067,1.7436974789915967,9.933067214524787e-05
0.2588235294117647,1.7436974789915967,0.00010125463652477099
0.26638655462184874,1.7436974789915967,0.00010317860090429416
0.2739495798319328,1.7436974789915967,0.00010510256528381731
0.2815126050420168,1.7436974789915967,0.00010702652966334044
0.2890756302521008,1.7436974789915967,0.00010895049404286358
0.2966386554621849,1.7436974789915967,0.00011087445842238673
0.30420168067226894,1.7436974789915967,0.00011245687801735127
0.31176470588235294,1.7436974789915967,0.00011376606178466893
0.31932773109243695,1.7436974789915967,0.00011507524555198657
0.326890756302521,1.7436974789915967,0.00011638442931930422
0.3344537815126051,1.7436974789915967,0.00011769361308662187
0.3420168067226891,1.7436974789915967,0.00011900279685393952
0.3495798319327731,1.7436974789915967,0.00012031198062125715
0.3571428571428571,1.7436974789915967,0.0001216211643885748
0.3647058823529412,1.7436974789915967,0.00012293034815589245
0.3722689075630252,1.7436974789915967,0.0001242395319232101
0.3798319327731092,1.7436974789915967,0.00012564586306395463
0.38739495798319323,1.7436974789915967,0.00012739221001169327
0.39495798319327735,1.7436974789915967,0.00012913855695943197
0.40252100840336136,1.7436974789915967,0.00013067594735198908
0.41008403361344536,1.7436974789915967,0.0001317954246341832
0.41764705882352937,1.7436974789915967,0.0001329149019163773
0.4252100840336135,1.7436974789915967,0.00013403437919857144
0.4327731092436975,1.7436974789915967,0.00013515385648076557
0.4403361344537815,1.7436974789915967,0.00013627333376295967
0.4478991596638655,1.7436974789915967,0.0001373928110451538
0.4554621848739496,1.7436974789915967,0.00013851228832734792
0.46302521008403363,1.7436974789915967,0.00013963176560954205
0.47058823529411764,1.7436974789915967,0.00014075124289173615
0.47815126050420165,1.7436974789915967,0.00014187072017393025
0.48571428571428577,1.7436974789915967,0.00014313798842987733
0.49327731092436977,1.7436974789915967,0.00014440525668582438
0.5008403361344538,1.7436974789915967,0.00014564087442516557
0.5084033613445378,1.7436974789915967,0.00014662328803165966
0.5159663865546219,1.7436974789915967,0.0001476057016381538
0.5235294117647059,1.7436974789915967,0.00014854140907777564
0.5310924369747899,1.7436974789915967,0.00014931364493334456
0.5386554621848739,1.7436974789915967,0.00015008588078891345
0.546218487394958,1.7436974789915967,0.00015085811664448237
0.553781512605042,1.7436974789915967,0.0001516303525000513
0.561344537815126,1.7436974789915967,0.0001524025883556202
0.5689075630252101,1.7436974789915967,0.00015317482421118908
0.5764705882352942,1.7436974789915967,0.000153947060066758
0.5840336134453782,1.7436974789915967,0.0001547192959223269
0.5915966386554622,1.7436974789915967,0.0001554915317778958
0.5991596638655462,1.7436974789915967,0.00015626376763346473
0.6067226890756302,1.7436974789915967,0.00015669053749887564
0.6142857142857142,1.7436974789915967,0.00015707412411551682
0.6218487394957983,1.7436974789915967,0.000157457710732158
0.6294117647058823,1.7436974789915967,0.00015784129734879918
0.6369747899159663,1.7436974789915967,0.00015822488396544036
0.6445378151260504,1.7436974789915967,0.00015860847058208152
0.6521008403361345,1.7436974789915967,0.0001589920571987227
0.6596638655462185,1.7436974789915967,0.00015937564381536388
0.6672268907563025,1.7436974789915967,0.00015975923043200506
0.6747899159663865,1.7436974789915967,0.00016014281704864624
0.6823529411764706,1.7436974789915967,0.00016064819935057733
0.6899159663865546,1.7436974789915967,0.00016125101820074034
0.6974789915966386,1.7436974789915967,0.0001618538370509034
0.7050420168067226,1.7436974789915967,0.00016249212746453863
0.7126050420168067,1.7436974789915967,0.0001631481536599101
0.7201680672268908,1.7436974789915967,0.00016380417985528153
0.7277310924369748,1.7436974789915967,0.00016452730064565294
0.7352941176470588,1.7436974789915967,0.0001652695913203101
0.7428571428571429,1.7436974789915967,0.00016601188199496725
0.7504201680672269,1.7436974789915967,0.0001667541726696244
0.7579831932773109,1.7436974789915967,0.00016749646334428153
0.7655462184873949,1.7436974789915967,0.00016823875401893865
0.773109243697479,1.7436974789915967,0.00016898104469359582
0.780672268907563,1.7436974789915967,0.00016972333536825296
0.788235294117647,1.7436974789915967,0.00017046562604291007
0.795798319327731,1.7436974789915967,0.00017120791671756722
0.8033613445378152,1.7436974789915967,0.00017176350701222774
0.8109243697478992,1.7436974789915967,0.00017208572183189245
0.8184873949579832,1.7436974789915967,0.00017240793665155714
0.8260504201680672,1.7436974789915967,0.00017273015147122186
0.8336134453781512,1.7436974789915967,0.00017305236629088657
0.8411764705882353,1.7436974789915967,0.0001733745811105513
0.8487394957983193,1.7436974789915967,0.00017369679593021598
0.8563025210084033,1.7436974789915967,0.0001740190107498807
0.8638655462184873,1.7436974789915967,0.00017434122556954539
0.8714285714285714,1.7436974789915967,0.0001746634403892101
0.8789915966386554,1.7436974789915967,0.0001750152519897555
0.8865546218487395,1.7436974789915967,0.00017560383783734625
0.8941176470588235,1.7436974789915967,0.00017619242368493697
0.9016806722689076,1.7436974789915967,0.00017672788012917985
0.9092436974789916,1.7436974789915967,0.00017707738366170507
0.9168067226890756,1.7436974789915967,0.00017742688719423025
0.9243697478991596,1.7436974789915967,0.00017768209915196474
0.9319327731092437,1.7436974789915967,0.00017774872796011768
0.9394957983193277,1.7436974789915967,0.0001778153567682706
0.9470588235294117,1.7436974789915967,0.00017788198557642355
0.9546218487394957,1.7436974789915967,0.0001779486143845765
0.9621848739495799,1.7436974789915967,0.00017801524319272945
0.9697478991596639,1.7436974789915967,0.00017808187200088238
0.9773109243697479,1.7436974789915967,0.00017814850080903532
0.9848739495798319,1.7436974789915967,0.00017821512961718825
0.992436974789916,1.7436974789915967,0.00017828175842534122
1.0,1.7436974789915967,0.00017834838723349415
0.1,1.7605042016806722,4.906965622831798e-05
0.10756302521008404,1.7605042016806722,5.2113098379692014e-05
0.11512605042016807,1.7605042016806722,5.515654053106606e-05
0.12268907563025211,1.7605042016806722,5.81999826824401e-05
0.13025210084033614,1.7605042016806722,6.124342483381415e-05
0.13781512605042018,1.7605042016806722,6.396890177397871e-05
0.1453781512605042,1.7605042016806722,6.669437871414327e-05
0.15294117647058825,1.7605042016806722,6.941985565430783e-05
0.16050420168067228,1.7605042016806722,7.21453325944724e-05
0.16806722689075632,1.7605042016806722,7.487080953463696e-05
0.17563025210084032,1.7605042016806722,7.759628647480152e-05
0.18319327731092439,1.7605042016806722,8.032176341496608e-05
0.1907563025210084,1.7605042016806722,8.304724035513063e-05
0.19831932773109245,1.7605042016806722,8.57727172952952e-05
0.20588235294117646,1.7605042016806722,8.802442847084844e-05
0.21344537815126052,1.7605042016806722,9.014077799936986e-05
0.22100840336134453,1.7605042016806722,9.225712752789128e-05
0.22857142857142856,1.7605042016806722,9.43734770564127e-05
0.2361344537815126,1.7605042016806722,9.63401936912688e-05
0.24369747899159663,1.7605042016806722,9.826415807079195e-05
0.25126050420168067,1.7605042016806722,0.00010018812245031508
0.2588235294117647,1.7605042016806722,0.00010211208682983822
0.26638655462184874,1.7605042016806722,0.00010403605120936138
0.2739495798319328,1.7605042016806722,0.00010596001558888452
0.2815126050420168,1.7605042016806722,0.00010788397996840766
0.2890756302521008,1.7605042016806722,0.0001098079443479308
0.2966386554621849,1.7605042016806722,0.00011173190872745395
0.30420168067226894,1.7605042016806722,0.0001133143283224185
0.31176470588235294,1.7605042016806722,0.00011462351208973615
0.31932773109243695,1.7605042016806722,0.0001159326958570538
0.326890756302521,1.7605042016806722,0.00011724187962437144
0.3344537815126051,1.7605042016806722,0.0001185510633916891
0.3420168067226891,1.7605042016806722,0.00011986024715900674
0.3495798319327731,1.7605042016806722,0.00012116943092632439
0.3571428571428571,1.7605042016806722,0.00012247861469364202
0.3647058823529412,1.7605042016806722,0.0001237877984609597
0.3722689075630252,1.7605042016806722,0.00012524270328841765
0.3798319327731092,1.7605042016806722,0.0001269890502361563
0.38739495798319323,1.7605042016806722,0.00012873539718389495
0.39495798319327735,1.7605042016806722,0.00013048174413163362
0.40252100840336136,1.7605042016806722,0.00013201913452419076
0.41008403361344536,1.7605042016806722,0.0001331386118063849
0.41764705882352937,1.7605042016806722,0.000134258089088579
0.4252100840336135,1.7605042016806722,0.00013537756637077312
0.4327731092436975,1.7605042016806722,0.00013649704365296725
0.4403361344537815,1.7605042016806722,0.00013761652093516135
0.4478991596638655,1.7605042016806722,0.00013873599821735547
0.4554621848739496,1.7605042016806722,0.0001398554754995496
0.46302521008403363,1.7605042016806722,0.0001409749527817437
0.47058823529411764,1.7605042016806722,0.0001421108512832437
0.47815126050420165,1.7605042016806722,0.00014337811953919077
0.48571428571428577,1.7605042016806722,0.00014464538779513782
0.49327731092436977,1.7605042016806722,0.0001459126560510849
0.5008403361344538,1.7605042016806722,0.00014714827379042606
0.5084033613445378,1.7605042016806722,0.00014813068739692018
0.5159663865546219,1.7605042016806722,0.0001491131010034143
0.5235294117647059,1.7605042016806722,0.00015009551460990842
0.5310924369747899,1.7605042016806722,0.0001510545751329664
0.5386554621848739,1.7605042016806722,0.00015182681098853529
0.546218487394958,1.7605042016806722,0.00015259904684410423
0.553781512605042,1.7605042016806722,0.00015337128269967313
0.561344537815126,1.7605042016806722,0.00015414351855524202
0.5689075630252101,1.7605042016806722,0.00015491575441081094
0.5764705882352942,1.7605042016806722,0.00015568799026637986
0.5840336134453782,1.7605042016806722,0.00015646022612194875
0.5915966386554622,1.7605042016806722,0.00015723246197751764
0.5991596638655462,1.7605042016806722,0.00015800469783308654
0.6067226890756302,1.7605042016806722,0.0001584314676984975
0.6142857142857142,1.7605042016806722,0.00015881505431513868
0.6218487394957983,1.7605042016806722,0.00015919864093177983
0.6294117647058823,1.7605042016806722,0.00015958222754842101
0.6369747899159663,1.7605042016806722,0.0001599658141650622
0.6445378151260504,1.7605042016806722,0.00016034940078170338
0.6521008403361345,1.7605042016806722,0.00016073298739834456
0.6596638655462185,1.7605042016806722,0.0001611165740149857
0.6672268907563025,1.7605042016806722,0.0001615001606316269
0.6747899159663865,1.7605042016806722,0.000162029902070616
0.6823529411764706,1.7605042016806722,0.000162632720920779
0.6899159663865546,1.7605042016806722,0.00016323553977094202
0.6974789915966386,1.7605042016806722,0.00016383835862110503
0.7050420168067226,1.7605042016806722,0.00016447664903474033
0.7126050420168067,1.7605042016806722,0.00016513267523011178
0.7201680672268908,1.7605042016806722,0.0001657887014254832
0.7277310924369748,1.7605042016806722,0.00016644472762085462
0.7352941176470588,1.7605042016806722,0.0001671582634690832
0.7428571428571429,1.7605042016806722,0.00016790055414374035
0.7504201680672269,1.7605042016806722,0.0001686428448183975
0.7579831932773109,1.7605042016806722,0.00016938513549305463
0.7655462184873949,1.7605042016806722,0.00017012742616771178
0.773109243697479,1.7605042016806722,0.00017086971684236892
0.780672268907563,1.7605042016806722,0.00017161200751702606
0.788235294117647,1.7605042016806722,0.0001723542981916832
0.795798319327731,1.7605042016806722,0.00017309658886634032
0.8033613445378152,1.7605042016806722,0.00017365217916100084
0.8109243697478992,1.7605042016806722,0.00017397439398066555
0.8184873949579832,1.7605042016806722,0.00017429660880033027
0.8260504201680672,1.7605042016806722,0.00017461882361999496
0.8336134453781512,1.7605042016806722,0.00017494103843965968
0.8411764705882353,1.7605042016806722,0.0001752632532593244
0.8487394957983193,1.7605042016806722,0.00017558546807898908
0.8563025210084033,1.7605042016806722,0.0001759076828986538
0.8638655462184873,1.7605042016806722,0.0001762298977183185
0.8714285714285714,1.7605042016806722,0.00017661130609974456
0.8789915966386554,1.7605042016806722,0.0001771998919473353
0.8865546218487395,1.7605042016806722,0.00017778847779492606
0.8941176470588235,1.7605042016806722,0.0001783770636425168
0.9016806722689076,1.7605042016806722,0.00017891252008675967
0.9092436974789916,1.7605042016806722,0.0001792620236192849
0.9168067226890756,1.7605042016806722,0.0001796115271518101
0.9243697478991596,1.7605042016806722,0.0001799610306843353
0.9319327731092437,1.7605042016806722,0.00018024767316700003
0.9394957983193277,1.7605042016806722,0.00018031430197515297
0.9470588235294117,1.7605042016806722,0.0001803809307833059
0.9546218487394957,1.7605042016806722,0.00018044755959145884
0.9621848739495799,1.7605042016806722,0.00018051418839961177
0.9697478991596639,1.7605042016806722,0.00018058081720776474
0.9773109243697479,1.7605042016806722,0.00018064744601591767
0.9848739495798319,1.7605042016806722,0.0001807140748240706
0.992436974789916,1.7605042016806722,0.00018078070363222355
1.0,1.7605042016806722,0.00018084733244037648
0.1,1.7773109243697478,4.93600505775988e-05
0.10756302521008404,1.7773109243697478,5.240349272897284e-05
0.11512605042016807,1.7773109243697478,5.544693488034689e-05
0.12268907563025211,1.7773109243697478,5.849037703172093e-05
0.13025210084033614,1.7773109243697478,6.153381918309498e-05
0.13781512605042018,1.7773109243697478,6.457726133446903e-05
0.1453781512605042,1.7773109243697478,6.733806774254574e-05
0.15294117647058825,1.7773109243697478,7.006354468271031e-05
0.16050420168067228,1.7773109243697478,7.278902162287487e-05
0.16806722689075632,1.7773109243697478,7.551449856303943e-05
0.17563025210084032,1.7773109243697478,7.823997550320398e-05
0.18319327731092439,1.7773109243697478,8.096545244336856e-05
0.1907563025210084,1.7773109243697478,8.369092938353311e-05
0.19831932773109245,1.7773109243697478,8.641640632369768e-05
0.20588235294117646,1.7773109243697478,8.86681174992509e-05
0.21344537815126052,1.7773109243697478,9.078446702777233e-05
0.22100840336134453,1.7773109243697478,9.290081655629375e-05
0.22857142857142856,1.7773109243697478,9.501716608481517e-05
0.2361344537815126,1.7773109243697478,9.713351561333659e-05
0.24369747899159663,1.7773109243697478,9.912160837585917e-05
0.25126050420168067,1.7773109243697478,0.0001010455727553823
0.2588235294117647,1.7773109243697478,0.00010296953713490544
0.26638655462184874,1.7773109243697478,0.0001048935015144286
0.2739495798319328,1.7773109243697478,0.00010681746589395174
0.2815126050420168,1.7773109243697478,0.00010874143027347488
0.2890756302521008,1.7773109243697478,0.00011066539465299802
0.2966386554621849,1.7773109243697478,0.00011258935903252118
0.30420168067226894,1.7773109243697478,0.00011417177862748573
0.31176470588235294,1.7773109243697478,0.00011548096239480338
0.31932773109243695,1.7773109243697478,0.00011679014616212102
0.326890756302521,1.7773109243697478,0.00011809932992943866
0.3344537815126051,1.7773109243697478,0.00011940851369675632
0.3420168067226891,1.7773109243697478,0.00012071769746407397
0.3495798319327731,1.7773109243697478,0.0001220268812313916
0.3571428571428571,1.7773109243697478,0.00012333606499870925
0.3647058823529412,1.7773109243697478,0.00012483954351288066
0.3722689075630252,1.7773109243697478,0.00012658589046061933
0.3798319327731092,1.7773109243697478,0.000128332237408358
0.38739495798319323,1.7773109243697478,0.00013007858435609663
0.39495798319327735,1.7773109243697478,0.0001318249313038353
0.40252100840336136,1.7773109243697478,0.00013336232169639244
0.41008403361344536,1.7773109243697478,0.00013448179897858657
0.41764705882352937,1.7773109243697478,0.00013560127626078067
0.4252100840336135,1.7773109243697478,0.0001367207535429748
0.4327731092436975,1.7773109243697478,0.00013784023082516892
0.4403361344537815,1.7773109243697478,0.00013895970810736302
0.4478991596638655,1.7773109243697478,0.00014007918538955715
0.4554621848739496,1.7773109243697478,0.00014119866267175128
0.46302521008403363,1.7773109243697478,0.00014235098239255716
0.47058823529411764,1.7773109243697478,0.0001436182506485042
0.47815126050420165,1.7773109243697478,0.00014488551890445126
0.48571428571428577,1.7773109243697478,0.00014615278716039834
0.49327731092436977,1.7773109243697478,0.0001474200554163454
0.5008403361344538,1.7773109243697478,0.00014865567315568655
0.5084033613445378,1.7773109243697478,0.00014963808676218067
0.5159663865546219,1.7773109243697478,0.0001506205003686748
0.5235294117647059,1.7773109243697478,0.0001516029139751689
0.5310924369747899,1.7773109243697478,0.00015258532758166303
0.5386554621848739,1.7773109243697478,0.00015356774118815714
0.546218487394958,1.7773109243697478,0.00015433997704372606
0.553781512605042,1.7773109243697478,0.00015511221289929496
0.561344537815126,1.7773109243697478,0.00015588444875486388
0.5689075630252101,1.7773109243697478,0.00015665668461043277
0.5764705882352942,1.7773109243697478,0.0001574289204660017
0.5840336134453782,1.7773109243697478,0.0001582011563215706
0.5915966386554622,1.7773109243697478,0.0001589733921771395
0.5991596638655462,1.7773109243697478,0.0001597456280327084
0.6067226890756302,1.7773109243697478,0.00016017239789811933
0.6142857142857142,1.7773109243697478,0.0001605559845147605
0.6218487394957983,1.7773109243697478,0.00016093957113140166
0.6294117647058823,1.7773109243697478,0.00016132315774804285
0.6369747899159663,1.7773109243697478,0.00016170674436468403
0.6445378151260504,1.7773109243697478,0.00016209033098132523
0.6521008403361345,1.7773109243697478,0.0001624739175979664
0.6596638655462185,1.7773109243697478,0.00016285750421460757
0.6672268907563025,1.7773109243697478,0.00016341160479065465
0.6747899159663865,1.7773109243697478,0.00016401442364081766
0.6823529411764706,1.7773109243697478,0.00016461724249098068
0.6899159663865546,1.7773109243697478,0.0001652200613411437
0.6974789915966386,1.7773109243697478,0.00016582288019130673
0.7050420168067226,1.7773109243697478,0.000166461170604942
0.7126050420168067,1.7773109243697478,0.00016711719680031345
0.7201680672268908,1.7773109243697478,0.00016777322299568487
0.7277310924369748,1.7773109243697478,0.0001684292491910563
0.7352941176470588,1.7773109243697478,0.00016908527538642772
0.7428571428571429,1.7773109243697478,0.00016978922629251345
0.7504201680672269,1.7773109243697478,0.0001705315169671706
0.7579831932773109,1.7773109243697478,0.0001712738076418277
0.7655462184873949,1.7773109243697478,0.00017201609831648488
0.773109243697479,1.7773109243697478,0.00017275838899114202
0.780672268907563,1.7773109243697478,0.00017350067966579916
0.788235294117647,1.7773109243697478,0.0001742429703404563
0.795798319327731,1.7773109243697478,0.00017498526101511345
0.8033613445378152,1.7773109243697478,0.00017554085130977397
0.8109243697478992,1.7773109243697478,0.00017586306612943866
0.8184873949579832,1.7773109243697478,0.00017618528094910335
0.8260504201680672,1.7773109243697478,0.00017650749576876806
0.8336134453781512,1.7773109243697478,0.00017682971058843278
0.8411764705882353,1.7773109243697478,0.0001771519254080975
0.8487394957983193,1.7773109243697478,0.00017747414022776218
0.8563025210084033,1.7773109243697478,0.0001777963550474269
0.8638655462184873,1.7773109243697478,0.00017820736020973362
0.8714285714285714,1.7773109243697478,0.0001787959460573244
0.8789915966386554,1.7773109243697478,0.00017938453190491512
0.8865546218487395,1.7773109243697478,0.00017997311775250587
0.8941176470588235,1.7773109243697478,0.00018056170360009662
0.9016806722689076,1.7773109243697478,0.00018109716004433948
0.9092436974789916,1.7773109243697478,0.00018144666357686472
0.9168067226890756,1.7773109243697478,0.0001817961671093899
0.9243697478991596,1.7773109243697478,0.00018214567064191511
0.9319327731092437,1.7773109243697478,0.00018249517417444035
0.9394957983193277,1.7773109243697478,0.00018281324718203532
0.9470588235294117,1.7773109243697478,0.00018287987599018826
0.9546218487394957,1.7773109243697478,0.0001829465047983412
0.9621848739495799,1.7773109243697478,0.00018301313360649413
0.9697478991596639,1.7773109243697478,0.00018307976241464707
0.9773109243697479,1.7773109243697478,0.00018314639122280003
0.9848739495798319,1.7773109243697478,0.00018321302003095297
0.992436974789916,1.7773109243697478,0.0001832796488391059
1.0,1.7773109243697478,0.00018334627764725884
0.1,1.7941176470588234,4.965044492687963e-05
0.10756302521008404,1.7941176470588234,5.2693887078253666e-05
0.11512605042016807,1.7941176470588234,5.573732922962771e-05
0.12268907563025211,1.7941176470588234,5.878077138100176e-05
0.13025210084033614,1.7941176470588234,6.18242135323758e-05
0.13781512605042018,1.7941176470588234,6.486765568374985e-05
0.1453781512605042,1.7941176470588234,6.79110978351239e-05
0.15294117647058825,1.7941176470588234,7.070723371111279e-05
0.16050420168067228,1.7941176470588234,7.343271065127735e-05
0.16806722689075632,1.7941176470588234,7.61581875914419e-05
0.17563025210084032,1.7941176470588234,7.888366453160646e-05
0.18319327731092439,1.7941176470588234,8.160914147177104e-05
0.1907563025210084,1.7941176470588234,8.433461841193559e-05
0.19831932773109245,1.7941176470588234,8.706009535210015e-05
0.20588235294117646,1.7941176470588234,8.931180652765338e-05
0.21344537815126052,1.7941176470588234,9.142815605617481e-05
0.22100840336134453,1.7941176470588234,9.354450558469622e-05
0.22857142857142856,1.7941176470588234,9.566085511321764e-05
0.2361344537815126,1.7941176470588234,9.777720464173906e-05
0.24369747899159663,1.7941176470588234,9.989355417026048e-05
0.25126050420168067,1.7941176470588234,0.00010190302306044954
0.2588235294117647,1.7941176470588234,0.00010382698743997268
0.26638655462184874,1.7941176470588234,0.00010575095181949583
0.2739495798319328,1.7941176470588234,0.00010767491619901898
0.2815126050420168,1.7941176470588234,0.00010959888057854211
0.2890756302521008,1.7941176470588234,0.00011152284495806525
0.2966386554621849,1.7941176470588234,0.00011344680933758841
0.30420168067226894,1.7941176470588234,0.00011502922893255294
0.31176470588235294,1.7941176470588234,0.0001163384126998706
0.31932773109243695,1.7941176470588234,0.00011764759646718824
0.326890756302521,1.7941176470588234,0.00011895678023450589
0.3344537815126051,1.7941176470588234,0.00012026596400182353
0.3420168067226891,1.7941176470588234,0.00012157514776914118
0.3495798319327731,1.7941176470588234,0.00012288433153645882
0.3571428571428571,1.7941176470588234,0.0001244363837373437
0.3647058823529412,1.7941176470588234,0.00012618273068508234
0.3722689075630252,1.7941176470588234,0.000127929077632821
0.3798319327731092,1.7941176470588234,0.00012967542458055964
0.38739495798319323,1.7941176470588234,0.00013142177152829828
0.39495798319327735,1.7941176470588234,0.00013316811847603697
0.40252100840336136,1.7941176470588234,0.00013470550886859412
0.41008403361344536,1.7941176470588234,0.00013582498615078825
0.41764705882352937,1.7941176470588234,0.00013694446343298235
0.4252100840336135,1.7941176470588234,0.00013806394071517647
0.4327731092436975,1.7941176470588234,0.00013918341799737057
0.4403361344537815,1.7941176470588234,0.0001403028952795647
0.4478991596638655,1.7941176470588234,0.0001414223725617588
0.4554621848739496,1.7941176470588234,0.0001425911135018706
0.46302521008403363,1.7941176470588234,0.00014385838175781765
0.47058823529411764,1.7941176470588234,0.0001451256500137647
0.47815126050420165,1.7941176470588234,0.00014639291826971175
0.48571428571428577,1.7941176470588234,0.00014766018652565883
0.49327731092436977,1.7941176470588234,0.00014892745478160588
0.5008403361344538,1.7941176470588234,0.00015016307252094704
0.5084033613445378,1.7941176470588234,0.00015114548612744116
0.5159663865546219,1.7941176470588234,0.0001521278997339353
0.5235294117647059,1.7941176470588234,0.00015311031334042943
0.5310924369747899,1.7941176470588234,0.00015409272694692354
0.5386554621848739,1.7941176470588234,0.00015507514055341763
0.546218487394958,1.7941176470588234,0.00015605755415991178
0.553781512605042,1.7941176470588234,0.00015685314309891681
0.561344537815126,1.7941176470588234,0.0001576253789544857
0.5689075630252101,1.7941176470588234,0.00015839761481005463
0.5764705882352942,1.7941176470588234,0.00015916985066562352
0.5840336134453782,1.7941176470588234,0.0001599420865211924
0.5915966386554622,1.7941176470588234,0.00016071432237676133
0.5991596638655462,1.7941176470588234,0.00016148655823233025
0.6067226890756302,1.7941176470588234,0.00016191332809774116
0.6142857142857142,1.7941176470588234,0.00016229691471438234
0.6218487394957983,1.7941176470588234,0.00016268050133102352
0.6294117647058823,1.7941176470588234,0.0001630640879476647
0.6369747899159663,1.7941176470588234,0.00016344767456430588
0.6445378151260504,1.7941176470588234,0.00016383126118094707
0.6521008403361345,1.7941176470588234,0.00016421484779758825
0.6596638655462185,1.7941176470588234,0.00016479330751069328
0.6672268907563025,1.7941176470588234,0.0001653961263608563
0.6747899159663865,1.7941176470588234,0.00016599894521101934
0.6823529411764706,1.7941176470588234,0.00016660176406118235
0.6899159663865546,1.7941176470588234,0.00016720458291134537
0.6974789915966386,1.7941176470588234,0.0001678074017615084
0.7050420168067226,1.7941176470588234,0.00016844569217514368
0.7126050420168067,1.7941176470588234,0.00016910171837051513
0.7201680672268908,1.7941176470588234,0.00016975774456588655
0.7277310924369748,1.7941176470588234,0.00017041377076125797
0.7352941176470588,1.7941176470588234,0.00017106979695662942
0.7428571428571429,1.7941176470588234,0.00017172582315200084
0.7504201680672269,1.7941176470588234,0.0001724201891159437
0.7579831932773109,1.7941176470588234,0.00017316247979060084
0.7655462184873949,1.7941176470588234,0.00017390477046525798
0.773109243697479,1.7941176470588234,0.00017464706113991512
0.780672268907563,1.7941176470588234,0.00017538935181457226
0.788235294117647,1.7941176470588234,0.0001761316424892294
0.795798319327731,1.7941176470588234,0.00017687393316388655
0.8033613445378152,1.7941176470588234,0.00017742952345854707
0.8109243697478992,1.7941176470588234,0.00017775173827821176
0.8184873949579832,1.7941176470588234,0.00017807395309787647
0.8260504201680672,1.7941176470588234,0.00017839616791754116
0.8336134453781512,1.7941176470588234,0.00017871838273720588
0.8411764705882353,1.7941176470588234,0.0001790405975568706
0.8487394957983193,1.7941176470588234,0.00017936281237653529
0.8563025210084033,1.7941176470588234,0.00017980341431972268
0.8638655462184873,1.7941176470588234,0.00018039200016731346
0.8714285714285714,1.7941176470588234,0.0001809805860149042
0.8789915966386554,1.7941176470588234,0.00018156917186249496
0.8865546218487395,1.7941176470588234,0.0001821577577100857
0.8941176470588235,1.7941176470588234,0.00018274634355767646
0.9016806722689076,1.7941176470588234,0.00018328180000191932
0.9092436974789916,1.7941176470588234,0.00018363130353444453
0.9168067226890756,1.7941176470588234,0.00018398080706696974
0.9243697478991596,1.7941176470588234,0.00018433031059949495
0.9319327731092437,1.7941176470588234,0.00018467981413202017
0.9394957983193277,1.7941176470588234,0.00018502931766454538
0.9470588235294117,1.7941176470588234,0.0001853788211970706
0.9546218487394957,1.7941176470588234,0.00018544545000522353
0.9621848739495799,1.7941176470588234,0.00018551207881337646
0.9697478991596639,1.7941176470588234,0.0001855787076215294
0.9773109243697479,1.7941176470588234,0.00018564533642968236
0.9848739495798319,1.7941176470588234,0.0001857119652378353
0.992436974789916,1.7941176470588234,0.00018577859404598823
1.0,1.7941176470588234,0.00018584522285414117
0.1,1.8109243697478992,4.9940839276160464e-05
0.10756302521008404,1.8109243697478992,5.2984281427534495e-05
0.11512605042016807,1.8109243697478992,5.602772357890854e-05
0.12268907563025211,1.8109243697478992,5.90711657302826e-05
0.13025210084033614,1.8109243697478992,6.211460788165663e-05
0.13781512605042018,1.8109243697478992,6.515805003303069e-05
0.1453781512605042,1.8109243697478992,6.820149218440473e-05
0.15294117647058825,1.8109243697478992,7.124493433577877e-05
0.16050420168067228,1.8109243697478992,7.407639967967983e-05
0.16806722689075632,1.8109243697478992,7.680187661984438e-05
0.17563025210084032,1.8109243697478992,7.952735356000893e-05
0.18319327731092439,1.8109243697478992,8.225283050017351e-05
0.1907563025210084,1.8109243697478992,8.497830744033807e-05
0.19831932773109245,1.8109243697478992,8.770378438050264e-05
0.20588235294117646,1.8109243697478992,8.995549555605587e-05
0.21344537815126052,1.8109243697478992,9.207184508457729e-05
0.22100840336134453,1.8109243697478992,9.418819461309871e-05
0.22857142857142856,1.8109243697478992,9.630454414162013e-05
0.2361344537815126,1.8109243697478992,9.842089367014155e-05
0.24369747899159663,1.8109243697478992,0.00010053724319866298
0.25126050420168067,1.8109243697478992,0.00010265359272718439
0.2588235294117647,1.8109243697478992,0.0001046844377450399
0.26638655462184874,1.8109243697478992,0.00010660840212456307
0.2739495798319328,1.8109243697478992,0.00010853236650408622
0.2815126050420168,1.8109243697478992,0.00011045633088360934
0.2890756302521008,1.8109243697478992,0.00011238029526313248
0.2966386554621849,1.8109243697478992,0.00011430425964265565
0.30420168067226894,1.8109243697478992,0.00011588667923762016
0.31176470588235294,1.8109243697478992,0.00011719586300493782
0.31932773109243695,1.8109243697478992,0.00011850504677225547
0.326890756302521,1.8109243697478992,0.00011981423053957311
0.3344537815126051,1.8109243697478992,0.00012112341430689077
0.3420168067226891,1.8109243697478992,0.0001224325980742084
0.3495798319327731,1.8109243697478992,0.00012403322396180674
0.3571428571428571,1.8109243697478992,0.00012577957090954538
0.3647058823529412,1.8109243697478992,0.00012752591785728404
0.3722689075630252,1.8109243697478992,0.0001292722648050227
0.3798319327731092,1.8109243697478992,0.00013101861175276135
0.38739495798319323,1.8109243697478992,0.0001327649587005
0.39495798319327735,1.8109243697478992,0.00013451130564823865
0.40252100840336136,1.8109243697478992,0.00013604869604079582
0.41008403361344536,1.8109243697478992,0.00013716817332298992
0.41764705882352937,1.8109243697478992,0.00013828765060518405
0.4252100840336135,1.8109243697478992,0.00013940712788737815
0.4327731092436975,1.8109243697478992,0.00014052660516957228
0.4403361344537815,1.8109243697478992,0.00014164608245176638
0.4478991596638655,1.8109243697478992,0.00014283124461118404
0.4554621848739496,1.8109243697478992,0.00014409851286713112
0.46302521008403363,1.8109243697478992,0.00014536578112307817
0.47058823529411764,1.8109243697478992,0.00014663304937902522
0.47815126050420165,1.8109243697478992,0.00014790031763497227
0.48571428571428577,1.8109243697478992,0.00014916758589091935
0.49327731092436977,1.8109243697478992,0.0001504348541468664
0.5008403361344538,1.8109243697478992,0.00015167047188620756
0.5084033613445378,1.8109243697478992,0.00015265288549270168
0.5159663865546219,1.8109243697478992,0.00015363529909919583
0.5235294117647059,1.8109243697478992,0.00015461771270568994
0.5310924369747899,1.8109243697478992,0.00015560012631218406
0.5386554621848739,1.8109243697478992,0.00015658253991867815
0.546218487394958,1.8109243697478992,0.0001575649535251723
0.553781512605042,1.8109243697478992,0.00015854736713166642
0.561344537815126,1.8109243697478992,0.0001593663091541076
0.5689075630252101,1.8109243697478992,0.00016013854500967649
0.5764705882352942,1.8109243697478992,0.00016091078086524538
0.5840336134453782,1.8109243697478992,0.0001616830167208143
0.5915966386554622,1.8109243697478992,0.0001624552525763832
0.5991596638655462,1.8109243697478992,0.0001632274884319521
0.6067226890756302,1.8109243697478992,0.00016365425829736302
0.6142857142857142,1.8109243697478992,0.00016403784491400423
0.6218487394957983,1.8109243697478992,0.00016442143153064538
0.6294117647058823,1.8109243697478992,0.00016480501814728656
0.6369747899159663,1.8109243697478992,0.00016518860476392774
0.6445378151260504,1.8109243697478992,0.00016557219138056892
0.6521008403361345,1.8109243697478992,0.00016617501023073197
0.6596638655462185,1.8109243697478992,0.00016677782908089498
0.6672268907563025,1.8109243697478992,0.000167380647931058
0.6747899159663865,1.8109243697478992,0.00016798346678122104
0.6823529411764706,1.8109243697478992,0.00016858628563138405
0.6899159663865546,1.8109243697478992,0.00016918910448154707
0.6974789915966386,1.8109243697478992,0.0001697919233317101
0.7050420168067226,1.8109243697478992,0.0001704302137453454
0.7126050420168067,1.8109243697478992,0.00017108623994071685
0.7201680672268908,1.8109243697478992,0.00017174226613608827
0.7277310924369748,1.8109243697478992,0.00017239829233145967
0.7352941176470588,1.8109243697478992,0.00017305431852683112
0.7428571428571429,1.8109243697478992,0.00017371034472220254
0.7504201680672269,1.8109243697478992,0.000174366370917574
0.7579831932773109,1.8109243697478992,0.00017505115193937394
0.7655462184873949,1.8109243697478992,0.0001757934426140311
0.773109243697479,1.8109243697478992,0.00017653573328868825
0.780672268907563,1.8109243697478992,0.0001772780239633454
0.788235294117647,1.8109243697478992,0.00017802031463800253
0.795798319327731,1.8109243697478992,0.00017876260531265968
0.8033613445378152,1.8109243697478992,0.00017931819560732017
0.8109243697478992,1.8109243697478992,0.0001796404104269849
0.8184873949579832,1.8109243697478992,0.0001799626252466496
0.8260504201680672,1.8109243697478992,0.00018028484006631432
0.8336134453781512,1.8109243697478992,0.000180607054885979
0.8411764705882353,1.8109243697478992,0.00018092926970564373
0.8487394957983193,1.8109243697478992,0.00018139946842971177
0.8563025210084033,1.8109243697478992,0.00018198805427730255
0.8638655462184873,1.8109243697478992,0.0001825766401248933
0.8714285714285714,1.8109243697478992,0.00018316522597248405
0.8789915966386554,1.8109243697478992,0.0001837538118200748
0.8865546218487395,1.8109243697478992,0.00018434239766766555
0.8941176470588235,1.8109243697478992,0.0001849309835152563
0.9016806722689076,1.8109243697478992,0.0001854664399594992
0.9092436974789916,1.8109243697478992,0.0001858159434920244
0.9168067226890756,1.8109243697478992,0.0001861654470245496
0.9243697478991596,1.8109243697478992,0.00018651495055707482
0.9319327731092437,1.8109243697478992,0.00018686445408960003
0.9394957983193277,1.8109243697478992,0.00018721395762212524
0.9470588235294117,1.8109243697478992,0.00018756346115465046
0.9546218487394957,1.8109243697478992,0.00018791296468717567
0.9621848739495799,1.8109243697478992,0.00018801102402025884
0.9697478991596639,1.8109243697478992,0.00018807765282841178
0.9773109243697479,1.8109243697478992,0.00018814428163656472
0.9848739495798319,1.8109243697478992,0.00018821091044471765
0.992436974789916,1.8109243697478992,0.0001882775392528706
1.0,1.8109243697478992,0.00018834416806102355
0.1,1.8277310924369747,5.0231233625441286e-05
0.10756302521008404,1.8277310924369747,5.327467577681533e-05
0.11512605042016807,1.8277310924369747,5.631811792818936e-05
0.12268907563025211,1.8277310924369747,5.936156007956342e-05
0.13025210084033614,1.8277310924369747,6.240500223093745e-05
0.13781512605042018,1.8277310924369747,6.54484443823115e-05
0.1453781512605042,1.8277310924369747,6.849188653368554e-05
0.15294117647058825,1.8277310924369747,7.15353286850596e-05
0.16050420168067228,1.8277310924369747,7.457877083643364e-05
0.16806722689075632,1.8277310924369747,7.744556564824686e-05
0.17563025210084032,1.8277310924369747,8.017104258841141e-05
0.18319327731092439,1.8277310924369747,8.289651952857599e-05
0.1907563025210084,1.8277310924369747,8.562199646874054e-05
0.19831932773109245,1.8277310924369747,8.834747340890511e-05
0.20588235294117646,1.8277310924369747,9.059918458445833e-05
0.21344537815126052,1.8277310924369747,9.271553411297977e-05
0.22100840336134453,1.8277310924369747,9.483188364150118e-05
0.22857142857142856,1.8277310924369747,9.69482331700226e-05
0.2361344537815126,1.8277310924369747,9.906458269854402e-05
0.24369747899159663,1.8277310924369747,0.00010118093222706546
0.25126050420168067,1.8277310924369747,0.00010329728175558686
0.2588235294117647,1.8277310924369747,0.00010541363128410828
0.26638655462184874,1.8277310924369747,0.00010746585242963029
0.2739495798319328,1.8277310924369747,0.00010938981680915344
0.2815126050420168,1.8277310924369747,0.00011131378118867657
0.2890756302521008,1.8277310924369747,0.00011323774556819971
0.2966386554621849,1.8277310924369747,0.00011516170994772286
0.30420168067226894,1.8277310924369747,0.0001167441295426874
0.31176470588235294,1.8277310924369747,0.00011805331331000506
0.31932773109243695,1.8277310924369747,0.00011936249707732269
0.326890756302521,1.8277310924369747,0.00012067168084464035
0.3344537815126051,1.8277310924369747,0.00012198086461195799
0.3420168067226891,1.8277310924369747,0.00012363006418626975
0.3495798319327731,1.8277310924369747,0.0001253764111340084
0.3571428571428571,1.8277310924369747,0.00012712275808174706
0.3647058823529412,1.8277310924369747,0.00012886910502948572
0.3722689075630252,1.8277310924369747,0.00013061545197722436
0.3798319327731092,1.8277310924369747,0.00013236179892496303
0.38739495798319323,1.8277310924369747,0.00013410814587270166
0.39495798319327735,1.8277310924369747,0.00013585449282044033
0.40252100840336136,1.8277310924369747,0.00013739188321299747
0.41008403361344536,1.8277310924369747,0.0001385113604951916
0.41764705882352937,1.8277310924369747,0.0001396308377773857
0.4252100840336135,1.8277310924369747,0.00014075031505957983
0.4327731092436975,1.8277310924369747,0.00014186979234177396
0.4403361344537815,1.8277310924369747,0.00014307137572049748
0.4478991596638655,1.8277310924369747,0.00014433864397644453
0.4554621848739496,1.8277310924369747,0.0001456059122323916
0.46302521008403363,1.8277310924369747,0.00014687318048833866
0.47058823529411764,1.8277310924369747,0.0001481404487442857
0.47815126050420165,1.8277310924369747,0.0001494077170002328
0.48571428571428577,1.8277310924369747,0.00015067498525617984
0.49327731092436977,1.8277310924369747,0.0001519422535121269
0.5008403361344538,1.8277310924369747,0.00015317787125146808
0.5084033613445378,1.8277310924369747,0.0001541602848579622
0.5159663865546219,1.8277310924369747,0.00015514269846445632
0.5235294117647059,1.8277310924369747,0.00015612511207095043
0.5310924369747899,1.8277310924369747,0.00015710752567744455
0.5386554621848739,1.8277310924369747,0.00015808993928393864
0.546218487394958,1.8277310924369747,0.0001590723528904328
0.553781512605042,1.8277310924369747,0.0001600547664969269
0.561344537815126,1.8277310924369747,0.00016103718010342102
0.5689075630252101,1.8277310924369747,0.00016187947520929832
0.5764705882352942,1.8277310924369747,0.00016265171106486724
0.5840336134453782,1.8277310924369747,0.00016342394692043613
0.5915966386554622,1.8277310924369747,0.00016419618277600505
0.5991596638655462,1.8277310924369747,0.00016496841863157397
0.6067226890756302,1.8277310924369747,0.00016539518849698488
0.6142857142857142,1.8277310924369747,0.00016577877511362606
0.6218487394957983,1.8277310924369747,0.00016616236173026724
0.6294117647058823,1.8277310924369747,0.00016654594834690842
0.6369747899159663,1.8277310924369747,0.00016695389410060756
0.6445378151260504,1.8277310924369747,0.0001675567129507706
0.6521008403361345,1.8277310924369747,0.0001681595318009336
0.6596638655462185,1.8277310924369747,0.00016876235065109665
0.6672268907563025,1.8277310924369747,0.00016936516950125967
0.6747899159663865,1.8277310924369747,0.0001699679883514227
0.6823529411764706,1.8277310924369747,0.00017057080720158573
0.6899159663865546,1.8277310924369747,0.00017117362605174877
0.6974789915966386,1.8277310924369747,0.00017177644490191178
0.7050420168067226,1.8277310924369747,0.00017241473531554708
0.7126050420168067,1.8277310924369747,0.00017307076151091853
0.7201680672268908,1.8277310924369747,0.00017372678770628995
0.7277310924369748,1.8277310924369747,0.00017438281390166137
0.7352941176470588,1.8277310924369747,0.0001750388400970328
0.7428571428571429,1.8277310924369747,0.00017569486629240424
0.7504201680672269,1.8277310924369747,0.00017635089248777564
0.7579831932773109,1.8277310924369747,0.00017700691868314708
0.7655462184873949,1.8277310924369747,0.0001776821147628042
0.773109243697479,1.8277310924369747,0.00017842440543746138
0.780672268907563,1.8277310924369747,0.0001791666961121185
0.788235294117647,1.8277310924369747,0.00017990898678677564
0.795798319327731,1.8277310924369747,0.00018065127746143278
0.8033613445378152,1.8277310924369747,0.00018120686775609327
0.8109243697478992,1.8277310924369747,0.000181529082575758
0.8184873949579832,1.8277310924369747,0.0001818512973954227
0.8260504201680672,1.8277310924369747,0.00018217351221508742
0.8336134453781512,1.8277310924369747,0.00018249572703475214
0.8411764705882353,1.8277310924369747,0.00018299552253970086
0.8487394957983193,1.8277310924369747,0.0001835841083872916
0.8563025210084033,1.8277310924369747,0.00018417269423488236
0.8638655462184873,1.8277310924369747,0.0001847612800824731
0.8714285714285714,1.8277310924369747,0.00018534986593006386
0.8789915966386554,1.8277310924369747,0.00018593845177765464
0.8865546218487395,1.8277310924369747,0.0001865270376252454
0.8941176470588235,1.8277310924369747,0.00018711562347283614
0.9016806722689076,1.8277310924369747,0.000187651079917079
0.9092436974789916,1.8277310924369747,0.0001880005834496042
0.9168067226890756,1.8277310924369747,0.00018835008698212942
0.9243697478991596,1.8277310924369747,0.00018869959051465463
0.9319327731092437,1.8277310924369747,0.00018904909404717985
0.9394957983193277,1.8277310924369747,0.00018939859757970506
0.9470588235294117,1.8277310924369747,0.00018974810111223027
0.9546218487394957,1.8277310924369747,0.00019009760464475548
0.9621848739495799,1.8277310924369747,0.0001904471081772807
0.9697478991596639,1.8277310924369747,0.0001905765980352941
0.9773109243697479,1.8277310924369747,0.00019064322684344705
0.9848739495798319,1.8277310924369747,0.0001907098556516
0.992436974789916,1.8277310924369747,0.00019077648445975294
1.0,1.8277310924369747,0.00019084311326790588
0.1,1.8445378151260503,5.052162797472211e-05
0.10756302521008404,1.8445378151260503,5.356507012609615e-05
0.11512605042016807,1.8445378151260503,5.660851227747019e-05
0.12268907563025211,1.8445378151260503,5.965195442884425e-05
0.13025210084033614,1.8445378151260503,6.269539658021829e-05
0.13781512605042018,1.8445378151260503,6.573883873159233e-05
0.1453781512605042,1.8445378151260503,6.878228088296637e-05
0.15294117647058825,1.8445378151260503,7.182572303434043e-05
0.16050420168067228,1.8445378151260503,7.486916518571448e-05
0.16806722689075632,1.8445378151260503,7.791260733708851e-05
0.17563025210084032,1.8445378151260503,8.081473161681389e-05
0.18319327731092439,1.8445378151260503,8.354020855697847e-05
0.1907563025210084,1.8445378151260503,8.626568549714302e-05
0.19831932773109245,1.8445378151260503,8.899116243730758e-05
0.20588235294117646,1.8445378151260503,9.124287361286081e-05
0.21344537815126052,1.8445378151260503,9.335922314138224e-05
0.22100840336134453,1.8445378151260503,9.547557266990366e-05
0.22857142857142856,1.8445378151260503,9.759192219842508e-05
0.2361344537815126,1.8445378151260503,9.970827172694649e-05
0.24369747899159663,1.8445378151260503,0.0001018246212554679
0.25126050420168067,1.8445378151260503,0.00010394097078398934
0.2588235294117647,1.8445378151260503,0.00010605732031251075
0.26638655462184874,1.8445378151260503,0.00010817366984103219
0.2739495798319328,1.8445378151260503,0.00011024726711422065
0.2815126050420168,1.8445378151260503,0.00011217123149374379
0.2890756302521008,1.8445378151260503,0.00011409519587326693
0.2966386554621849,1.8445378151260503,0.00011601916025279008
0.30420168067226894,1.8445378151260503,0.00011760157984775462
0.31176470588235294,1.8445378151260503,0.00011891076361507227
0.31932773109243695,1.8445378151260503,0.00012021994738238991
0.326890756302521,1.8445378151260503,0.00012152913114970756
0.3344537815126051,1.8445378151260503,0.0001232269044107328
0.3420168067226891,1.8445378151260503,0.00012497325135847143
0.3495798319327731,1.8445378151260503,0.00012671959830621007
0.3571428571428571,1.8445378151260503,0.00012846594525394873
0.3647058823529412,1.8445378151260503,0.0001302122922016874
0.3722689075630252,1.8445378151260503,0.00013195863914942607
0.3798319327731092,1.8445378151260503,0.0001337049860971647
0.38739495798319323,1.8445378151260503,0.00013545133304490334
0.39495798319327735,1.8445378151260503,0.000137197679992642
0.40252100840336136,1.8445378151260503,0.00013873507038519915
0.41008403361344536,1.8445378151260503,0.00013985454766739328
0.41764705882352937,1.8445378151260503,0.00014097402494958738
0.4252100840336135,1.8445378151260503,0.0001420935022317815
0.4327731092436975,1.8445378151260503,0.00014331150682981092
0.4403361344537815,1.8445378151260503,0.00014457877508575797
0.4478991596638655,1.8445378151260503,0.00014584604334170502
0.4554621848739496,1.8445378151260503,0.0001471133115976521
0.46302521008403363,1.8445378151260503,0.00014838057985359918
0.47058823529411764,1.8445378151260503,0.00014964784810954623
0.47815126050420165,1.8445378151260503,0.00015091511636549328
0.48571428571428577,1.8445378151260503,0.00015218238462144033
0.49327731092436977,1.8445378151260503,0.00015344965287738738
0.5008403361344538,1.8445378151260503,0.00015468527061672857
0.5084033613445378,1.8445378151260503,0.0001556676842232227
0.5159663865546219,1.8445378151260503,0.0001566500978297168
0.5235294117647059,1.8445378151260503,0.00015763251143621092
0.5310924369747899,1.8445378151260503,0.00015861492504270504
0.5386554621848739,1.8445378151260503,0.00015959733864919916
0.546218487394958,1.8445378151260503,0.0001605797522556933
0.553781512605042,1.8445378151260503,0.0001615621658621874
0.561344537815126,1.8445378151260503,0.00016254457946868152
0.5689075630252101,1.8445378151260503,0.0001635269930751756
0.5764705882352942,1.8445378151260503,0.00016439264126448907
0.5840336134453782,1.8445378151260503,0.000165164877120058
0.5915966386554622,1.8445378151260503,0.00016593711297562688
0.5991596638655462,1.8445378151260503,0.0001667093488311958
0.6067226890756302,1.8445378151260503,0.0001671361186966067
0.6142857142857142,1.8445378151260503,0.0001675197053132479
0.6218487394957983,1.8445378151260503,0.00016790329192988907
0.6294117647058823,1.8445378151260503,0.00016833559682064621
0.6369747899159663,1.8445378151260503,0.00016893841567080923
0.6445378151260504,1.8445378151260503,0.00016954123452097224
0.6521008403361345,1.8445378151260503,0.0001701440533711353
0.6596638655462185,1.8445378151260503,0.00017074687222129833
0.6672268907563025,1.8445378151260503,0.00017134969107146134
0.6747899159663865,1.8445378151260503,0.00017195250992162439
0.6823529411764706,1.8445378151260503,0.0001725553287717874
0.6899159663865546,1.8445378151260503,0.00017315814762195044
0.6974789915966386,1.8445378151260503,0.00017376096647211346
0.7050420168067226,1.8445378151260503,0.00017439925688574875
0.7126050420168067,1.8445378151260503,0.0001750552830811202
0.7201680672268908,1.8445378151260503,0.00017571130927649162
0.7277310924369748,1.8445378151260503,0.00017636733547186304
0.7352941176470588,1.8445378151260503,0.00017702336166723447
0.7428571428571429,1.8445378151260503,0.0001776793878626059
0.7504201680672269,1.8445378151260503,0.00017833541405797734
0.7579831932773109,1.8445378151260503,0.00017899144025334876
0.7655462184873949,1.8445378151260503,0.00017964746644872018
0.773109243697479,1.8445378151260503,0.00018031307758623445
0.780672268907563,1.8445378151260503,0.0001810553682608916
0.788235294117647,1.8445378151260503,0.0001817976589355487
0.795798319327731,1.8445378151260503,0.00018253994961020585
0.8033613445378152,1.8445378151260503,0.00018309553990486637
0.8109243697478992,1.8445378151260503,0.0001834177547245311
0.8184873949579832,1.8445378151260503,0.0001837399695441958
0.8260504201680672,1.8445378151260503,0.00018406218436386052
0.8336134453781512,1.8445378151260503,0.00018459157664968992
0.8411764705882353,1.8445378151260503,0.00018518016249728067
0.8487394957983193,1.8445378151260503,0.00018576874834487142
0.8563025210084033,1.8445378151260503,0.00018635733419246217
0.8638655462184873,1.8445378151260503,0.00018694592004005295
0.8714285714285714,1.8445378151260503,0.0001875345058876437
0.8789915966386554,1.8445378151260503,0.00018812309173523445
0.8865546218487395,1.8445378151260503,0.0001887116775828252
0.8941176470588235,1.8445378151260503,0.00018930026343041596
0.9016806722689076,1.8445378151260503,0.00018983571987465884
0.9092436974789916,1.8445378151260503,0.00019018522340718402
0.9168067226890756,1.8445378151260503,0.00019053472693970926
0.9243697478991596,1.8445378151260503,0.00019088423047223445
0.9319327731092437,1.8445378151260503,0.00019123373400475966
0.9394957983193277,1.8445378151260503,0.0001915832375372849
0.9470588235294117,1.8445378151260503,0.00019193274106981008
0.9546218487394957,1.8445378151260503,0.0001922822446023353
0.9621848739495799,1.8445378151260503,0.00019263174813486053
0.9697478991596639,1.8445378151260503,0.00019298125166738574
0.9773109243697479,1.8445378151260503,0.0001931421720503294
0.9848739495798319,1.8445378151260503,0.00019320880085848237
0.992436974789916,1.8445378151260503,0.0001932754296666353
1.0,1.8445378151260503,0.00019334205847478824
0.1,1.861344537815126,5.0812022324002944e-05
0.10756302521008404,1.861344537815126,5.385546447537698e-05
0.11512605042016807,1.861344537815126,5.6898906626751026e-05
0.12268907563025211,1.861344537815126,5.994234877812507e-05
0.13025210084033614,1.861344537815126,6.298579092949912e-05
0.13781512605042018,1.861344537815126,6.602923308087317e-05
0.1453781512605042,1.861344537815126,6.90726752322472e-05
0.15294117647058825,1.861344537815126,7.211611738362125e-05
0.16050420168067228,1.861344537815126,7.51595595349953e-05
0.16806722689075632,1.861344537815126,7.820300168636934e-05
0.17563025210084032,1.861344537815126,8.124644383774337e-05
0.18319327731092439,1.861344537815126,8.418389758538094e-05
0.1907563025210084,1.861344537815126,8.69093745255455e-05
0.19831932773109245,1.861344537815126,8.963485146571006e-05
0.20588235294117646,1.861344537815126,9.188656264126329e-05
0.21344537815126052,1.861344537815126,9.400291216978472e-05
0.22100840336134453,1.861344537815126,9.611926169830614e-05
0.22857142857142856,1.861344537815126,9.823561122682754e-05
0.2361344537815126,1.861344537815126,0.00010035196075534898
0.24369747899159663,1.861344537815126,0.0001024683102838704
0.25126050420168067,1.861344537815126,0.00010458465981239183
0.2588235294117647,1.861344537815126,0.00010670100934091324
0.26638655462184874,1.861344537815126,0.00010881735886943466
0.2739495798319328,1.861344537815126,0.00011093370839795609
0.2815126050420168,1.861344537815126,0.00011302868179881101
0.2890756302521008,1.861344537815126,0.00011495264617833417
0.2966386554621849,1.861344537815126,0.00011687661055785732
0.30420168067226894,1.861344537815126,0.00011845903015282187
0.31176470588235294,1.861344537815126,0.0001197682139201395
0.31932773109243695,1.861344537815126,0.00012107739768745715
0.326890756302521,1.861344537815126,0.0001228237446351958
0.3344537815126051,1.861344537815126,0.00012457009158293447
0.3420168067226891,1.861344537815126,0.00012631643853067313
0.3495798319327731,1.861344537815126,0.00012806278547841177
0.3571428571428571,1.861344537815126,0.0001298091324261504
0.3647058823529412,1.861344537815126,0.0001315554793738891
0.3722689075630252,1.861344537815126,0.00013330182632162774
0.3798319327731092,1.861344537815126,0.00013504817326936638
0.38739495798319323,1.861344537815126,0.00013679452021710502
0.39495798319327735,1.861344537815126,0.00013854086716484371
0.40252100840336136,1.861344537815126,0.00014007825755740083
0.41008403361344536,1.861344537815126,0.00014119773483959496
0.41764705882352937,1.861344537815126,0.0001423172121217891
0.4252100840336135,1.861344537815126,0.00014355163793912439
0.4327731092436975,1.861344537815126,0.00014481890619507144
0.4403361344537815,1.861344537815126,0.0001460861744510185
0.4478991596638655,1.861344537815126,0.00014735344270696554
0.4554621848739496,1.861344537815126,0.00014862071096291262
0.46302521008403363,1.861344537815126,0.0001498879792188597
0.47058823529411764,1.861344537815126,0.00015115524747480675
0.47815126050420165,1.861344537815126,0.0001524225157307538
0.48571428571428577,1.861344537815126,0.00015368978398670085
0.49327731092436977,1.861344537815126,0.00015495705224264793
0.5008403361344538,1.861344537815126,0.0001561926699819891
0.5084033613445378,1.861344537815126,0.0001571750835884832
0.5159663865546219,1.861344537815126,0.00015815749719497732
0.5235294117647059,1.861344537815126,0.00015913991080147144
0.5310924369747899,1.861344537815126,0.00016012232440796556
0.5386554621848739,1.861344537815126,0.00016110473801445968
0.546218487394958,1.861344537815126,0.00016208715162095382
0.553781512605042,1.861344537815126,0.00016306956522744794
0.561344537815126,1.861344537815126,0.00016405197883394203
0.5689075630252101,1.861344537815126,0.00016503439244043615
0.5764705882352942,1.861344537815126,0.00016601680604693027
0.5840336134453782,1.861344537815126,0.00016690580731967985
0.5915966386554622,1.861344537815126,0.00016767804317524874
0.5991596638655462,1.861344537815126,0.00016845027903081766
0.6067226890756302,1.861344537815126,0.0001688770488962286
0.6142857142857142,1.861344537815126,0.00016926063551286978
0.6218487394957983,1.861344537815126,0.0001697172995406849
0.6294117647058823,1.861344537815126,0.00017032011839084794
0.6369747899159663,1.861344537815126,0.00017092293724101093
0.6445378151260504,1.861344537815126,0.00017152575609117397
0.6521008403361345,1.861344537815126,0.00017212857494133701
0.6596638655462185,1.861344537815126,0.00017273139379150006
0.6672268907563025,1.861344537815126,0.00017333421264166307
0.6747899159663865,1.861344537815126,0.00017393703149182609
0.6823529411764706,1.861344537815126,0.0001745398503419891
0.6899159663865546,1.861344537815126,0.00017514266919215214
0.6974789915966386,1.861344537815126,0.00017574548804231516
0.7050420168067226,1.861344537815126,0.00017638377845595043
0.7126050420168067,1.861344537815126,0.00017703980465132187
0.7201680672268908,1.861344537815126,0.00017769583084669332
0.7277310924369748,1.861344537815126,0.00017835185704206472
0.7352941176470588,1.861344537815126,0.00017900788323743617
0.7428571428571429,1.861344537815126,0.0001796639094328076
0.7504201680672269,1.861344537815126,0.00018031993562817904
0.7579831932773109,1.861344537815126,0.00018097596182355043
0.7655462184873949,1.861344537815126,0.00018163198801892185
0.773109243697479,1.861344537815126,0.0001822880142142933
0.780672268907563,1.861344537815126,0.00018294404040966473
0.788235294117647,1.861344537815126,0.00018368633108432187
0.795798319327731,1.861344537815126,0.00018442862175897898
0.8033613445378152,1.861344537815126,0.00018498421205363953
0.8109243697478992,1.861344537815126,0.00018530642687330425
0.8184873949579832,1.861344537815126,0.00018562864169296894
0.8260504201680672,1.861344537815126,0.00018618763075967904
0.8336134453781512,1.861344537815126,0.0001867762166072698
0.8411764705882353,1.861344537815126,0.0001873648024548605
0.8487394957983193,1.861344537815126,0.0001879533883024513
0.8563025210084033,1.861344537815126,0.00018854197415004204
0.8638655462184873,1.861344537815126,0.0001891305599976328
0.8714285714285714,1.861344537815126,0.00018971914584522357
0.8789915966386554,1.861344537815126,0.00019030773169281432
0.8865546218487395,1.861344537815126,0.00019089631754040507
0.8941176470588235,1.861344537815126,0.00019148490338799582
0.9016806722689076,1.861344537815126,0.00019202035983223868
0.9092436974789916,1.861344537815126,0.0001923698633647639
0.9168067226890756,1.861344537815126,0.0001927193668972891
0.9243697478991596,1.861344537815126,0.00019306887042981431
0.9319327731092437,1.861344537815126,0.00019341837396233953
0.9394957983193277,1.861344537815126,0.0001937678774948647
0.9470588235294117,1.861344537815126,0.00019411738102738992
0.9546218487394957,1.861344537815126,0.00019446688455991513
0.9621848739495799,1.861344537815126,0.00019481638809244037
0.9697478991596639,1.861344537815126,0.00019516589162496558
0.9773109243697479,1.861344537815126,0.0001955153951574908
0.9848739495798319,1.861344537815126,0.00019570774606536475
0.992436974789916,1.861344537815126,0.00019577437487351768
1.0,1.861344537815126,0.00019584100368167062
0.1,1.8781512605042017,5.1102416673283767e-05
0.10756302521008404,1.8781512605042017,5.4145858824657804e-05
0.11512605042016807,1.8781512605042017,5.718930097603185e-05
0.12268907563025211,1.8781512605042017,6.023274312740589e-05
0.13025210084033614,1.8781512605042017,6.327618527877994e-05
0.13781512605042018,1.8781512605042017,6.631962743015399e-05
0.1453781512605042,1.8781512605042017,6.936306958152803e-05
0.15294117647058825,1.8781512605042017,7.240651173290208e-05
0.16050420168067228,1.8781512605042017,7.544995388427612e-05
0.16806722689075632,1.8781512605042017,7.849339603565017e-05
0.17563025210084032,1.8781512605042017,8.15368381870242e-05
0.18319327731092439,1.8781512605042017,8.458028033839825e-05
0.1907563025210084,1.8781512605042017,8.755306355394796e-05
0.19831932773109245,1.8781512605042017,9.027854049411254e-05
0.20588235294117646,1.8781512605042017,9.253025166966576e-05
0.21344537815126052,1.8781512605042017,9.46466011981872e-05
0.22100840336134453,1.8781512605042017,9.67629507267086e-05
0.22857142857142856,1.8781512605042017,9.887930025523002e-05
0.2361344537815126,1.8781512605042017,0.00010099564978375145
0.24369747899159663,1.8781512605042017,0.00010311199931227287
0.25126050420168067,1.8781512605042017,0.0001052283488407943
0.2588235294117647,1.8781512605042017,0.00010734469836931571
0.26638655462184874,1.8781512605042017,0.00010946104789783713
0.2739495798319328,1.8781512605042017,0.00011157739742635857
0.2815126050420168,1.8781512605042017,0.00011369374695487997
0.2890756302521008,1.8781512605042017,0.0001158100964834014
0.2966386554621849,1.8781512605042017,0.00011773406086292454
0.30420168067226894,1.8781512605042017,0.00011931648045788908
0.31176470588235294,1.8781512605042017,0.00012067423791192019
0.31932773109243695,1.8781512605042017,0.00012242058485965881
0.326890756302521,1.8781512605042017,0.00012416693180739748
0.3344537815126051,1.8781512605042017,0.00012591327875513612
0.3420168067226891,1.8781512605042017,0.00012765962570287479
0.3495798319327731,1.8781512605042017,0.00012940597265061342
0.3571428571428571,1.8781512605042017,0.0001311523195983521
0.3647058823529412,1.8781512605042017,0.00013289866654609076
0.3722689075630252,1.8781512605042017,0.00013464501349382942
0.3798319327731092,1.8781512605042017,0.00013639136044156806
0.38739495798319323,1.8781512605042017,0.00013813770738930673
0.39495798319327735,1.8781512605042017,0.0001398840543370454
0.40252100840336136,1.8781512605042017,0.00014142144472960254
0.41008403361344536,1.8781512605042017,0.00014254092201179666
0.41764705882352937,1.8781512605042017,0.0001437917690484378
0.4252100840336135,1.8781512605042017,0.00014505903730438488
0.4327731092436975,1.8781512605042017,0.00014632630556033193
0.4403361344537815,1.8781512605042017,0.000147593573816279
0.4478991596638655,1.8781512605042017,0.00014886084207222606
0.4554621848739496,1.8781512605042017,0.0001501281103281731
0.46302521008403363,1.8781512605042017,0.00015139537858412019
0.47058823529411764,1.8781512605042017,0.00015266264684006724
0.47815126050420165,1.8781512605042017,0.00015392991509601426
0.48571428571428577,1.8781512605042017,0.00015519718335196134
0.49327731092436977,1.8781512605042017,0.0001564644516079084
0.5008403361344538,1.8781512605042017,0.00015770006934724958
0.5084033613445378,1.8781512605042017,0.0001586824829537437
0.5159663865546219,1.8781512605042017,0.00015966489656023782
0.5235294117647059,1.8781512605042017,0.00016064731016673193
0.5310924369747899,1.8781512605042017,0.00016162972377322605
0.5386554621848739,1.8781512605042017,0.00016261213737972017
0.546218487394958,1.8781512605042017,0.00016359455098621432
0.553781512605042,1.8781512605042017,0.00016457696459270843
0.561344537815126,1.8781512605042017,0.00016555937819920252
0.5689075630252101,1.8781512605042017,0.00016654179180569664
0.5764705882352942,1.8781512605042017,0.00016752420541219076
0.5840336134453782,1.8781512605042017,0.00016850661901868488
0.5915966386554622,1.8781512605042017,0.0001694189733748706
0.5991596638655462,1.8781512605042017,0.00017019120923043952
0.6067226890756302,1.8781512605042017,0.00017061797909585043
0.6142857142857142,1.8781512605042017,0.00017109900226072353
0.6218487394957983,1.8781512605042017,0.00017170182111088655
0.6294117647058823,1.8781512605042017,0.0001723046399610496
0.6369747899159663,1.8781512605042017,0.0001729074588112126
0.6445378151260504,1.8781512605042017,0.00017351027766137565
0.6521008403361345,1.8781512605042017,0.0001741130965115387
0.6596638655462185,1.8781512605042017,0.00017471591536170173
0.6672268907563025,1.8781512605042017,0.00017531873421186474
0.6747899159663865,1.8781512605042017,0.00017592155306202776
0.6823529411764706,1.8781512605042017,0.00017652437191219077
0.6899159663865546,1.8781512605042017,0.00017712719076235382
0.6974789915966386,1.8781512605042017,0.00017773000961251683
0.7050420168067226,1.8781512605042017,0.0001783683000261521
0.7126050420168067,1.8781512605042017,0.00017902432622152355
0.7201680672268908,1.8781512605042017,0.000179680352416895
0.7277310924369748,1.8781512605042017,0.0001803363786122664
0.7352941176470588,1.8781512605042017,0.00018099240480763784
0.7428571428571429,1.8781512605042017,0.00018164843100300926
0.7504201680672269,1.8781512605042017,0.00018230445719838068
0.7579831932773109,1.8781512605042017,0.0001829604833937521
0.7655462184873949,1.8781512605042017,0.00018361650958912356
0.773109243697479,1.8781512605042017,0.00018427253578449498
0.780672268907563,1.8781512605042017,0.0001849285619798664
0.788235294117647,1.8781512605042017,0.00018558458817523782
0.795798319327731,1.8781512605042017,0.00018631729390775208
0.8033613445378152,1.8781512605042017,0.00018687288420241263
0.8109243697478992,1.8781512605042017,0.00018719509902207735
0.8184873949579832,1.8781512605042017,0.0001877836848696681
0.8260504201680672,1.8781512605042017,0.00018837227071725885
0.8336134453781512,1.8781512605042017,0.0001889608565648496
0.8411764705882353,1.8781512605042017,0.00018954944241244035
0.8487394957983193,1.8781512605042017,0.0001901380282600311
0.8563025210084033,1.8781512605042017,0.00019072661410762185
0.8638655462184873,1.8781512605042017,0.0001913151999552126
0.8714285714285714,1.8781512605042017,0.00019190378580280338
0.8789915966386554,1.8781512605042017,0.00019249237165039413
0.8865546218487395,1.8781512605042017,0.00019308095749798489
0.8941176470588235,1.8781512605042017,0.00019366954334557564
0.9016806722689076,1.8781512605042017,0.0001942049997898185
0.9092436974789916,1.8781512605042017,0.0001945545033223437
0.9168067226890756,1.8781512605042017,0.00019490400685486892
0.9243697478991596,1.8781512605042017,0.00019525351038739413
0.9319327731092437,1.8781512605042017,0.00019560301391991937
0.9394957983193277,1.8781512605042017,0.00019595251745244455
0.9470588235294117,1.8781512605042017,0.00019630202098496976
0.9546218487394957,1.8781512605042017,0.00019665152451749497
0.9621848739495799,1.8781512605042017,0.00019700102805002019
0.9697478991596639,1.8781512605042017,0.0001973505315825454
0.9773109243697479,1.8781512605042017,0.0001977000351150706
0.9848739495798319,1.8781512605042017,0.0001980495386475958
0.992436974789916,1.8781512605042017,0.00019827332008040001
1.0,1.8781512605042017,0.00019833994888855295
0.1,1.8949579831932772,5.139281102256459e-05
0.10756302521008404,1.8949579831932772,5.443625317393863e-05
0.11512605042016807,1.8949579831932772,5.747969532531268e-05
0.12268907563025211,1.8949579831932772,6.052313747668672e-05
0.13025210084033614,1.8949579831932772,6.356657962806077e-05
0.13781512605042018,1.8949579831932772,6.661002177943481e-05
0.1453781512605042,1.8949579831932772,6.965346393080885e-05
0.15294117647058825,1.8949579831932772,7.26969060821829e-05
0.16050420168067228,1.8949579831932772,7.574034823355696e-05
0.16806722689075632,1.8949579831932772,7.878379038493099e-05
0.17563025210084032,1.8949579831932772,8.182723253630503e-05
0.18319327731092439,1.8949579831932772,8.487067468767908e-05
0.1907563025210084,1.8949579831932772,8.791411683905312e-05
0.19831932773109245,1.8949579831932772,9.0922229522515e-05
0.20588235294117646,1.8949579831932772,9.317394069806823e-05
0.21344537815126052,1.8949579831932772,9.529029022658966e-05
0.22100840336134453,1.8949579831932772,9.740663975511108e-05
0.22857142857142856,1.8949579831932772,9.95229892836325e-05
0.2361344537815126,1.8949579831932772,0.00010163933881215392
0.24369747899159663,1.8949579831932772,0.00010375568834067534
0.25126050420168067,1.8949579831932772,0.00010587203786919677
0.2588235294117647,1.8949579831932772,0.00010798838739771818
0.26638655462184874,1.8949579831932772,0.00011010473692623961
0.2739495798319328,1.8949579831932772,0.00011222108645476103
0.2815126050420168,1.8949579831932772,0.00011433743598328245
0.2890756302521008,1.8949579831932772,0.00011645378551180385
0.2966386554621849,1.8949579831932772,0.0001185701350403253
0.30420168067226894,1.8949579831932772,0.00012027107813638319
0.31176470588235294,1.8949579831932772,0.00012201742508412185
0.31932773109243695,1.8949579831932772,0.00012376377203186052
0.326890756302521,1.8949579831932772,0.00012551011897959919
0.3344537815126051,1.8949579831932772,0.0001272564659273378
0.3420168067226891,1.8949579831932772,0.00012900281287507646
0.3495798319327731,1.8949579831932772,0.0001307491598228151
0.3571428571428571,1.8949579831932772,0.00013249550677055374
0.3647058823529412,1.8949579831932772,0.00013424185371829243
0.3722689075630252,1.8949579831932772,0.00013598820066603107
0.3798319327731092,1.8949579831932772,0.00013773454761376974
0.38739495798319323,1.8949579831932772,0.00013948089456150838
0.39495798319327735,1.8949579831932772,0.00014122724150924704
0.40252100840336136,1.8949579831932772,0.0001427646319018042
0.41008403361344536,1.8949579831932772,0.00014403190015775127
0.41764705882352937,1.8949579831932772,0.00014529916841369832
0.4252100840336135,1.8949579831932772,0.0001465664366696454
0.4327731092436975,1.8949579831932772,0.00014783370492559245
0.4403361344537815,1.8949579831932772,0.0001491009731815395
0.4478991596638655,1.8949579831932772,0.00015036824143748657
0.4554621848739496,1.8949579831932772,0.0001516355096934336
0.46302521008403363,1.8949579831932772,0.00015290277794938065
0.47058823529411764,1.8949579831932772,0.00015417004620532773
0.47815126050420165,1.8949579831932772,0.00015543731446127475
0.48571428571428577,1.8949579831932772,0.00015670458271722183
0.49327731092436977,1.8949579831932772,0.0001579718509731689
0.5008403361344538,1.8949579831932772,0.00015920746871251007
0.5084033613445378,1.8949579831932772,0.00016018988231900422
0.5159663865546219,1.8949579831932772,0.00016117229592549833
0.5235294117647059,1.8949579831932772,0.00016215470953199245
0.5310924369747899,1.8949579831932772,0.00016313712313848657
0.5386554621848739,1.8949579831932772,0.0001641195367449807
0.546218487394958,1.8949579831932772,0.00016510195035147483
0.553781512605042,1.8949579831932772,0.0001660843639579689
0.561344537815126,1.8949579831932772,0.00016706677756446302
0.5689075630252101,1.8949579831932772,0.00016804919117095713
0.5764705882352942,1.8949579831932772,0.00016903160477745125
0.5840336134453782,1.8949579831932772,0.00017001401838394537
0.5915966386554622,1.8949579831932772,0.00017099643199043951
0.5991596638655462,1.8949579831932772,0.00017193213943006138
0.6067226890756302,1.8949579831932772,0.0001724807049807622
0.6142857142857142,1.8949579831932772,0.0001730835238309252
0.6218487394957983,1.8949579831932772,0.00017368634268108825
0.6294117647058823,1.8949579831932772,0.0001742891615312513
0.6369747899159663,1.8949579831932772,0.0001748919803814143
0.6445378151260504,1.8949579831932772,0.00017549479923157732
0.6521008403361345,1.8949579831932772,0.00017609761808174036
0.6596638655462185,1.8949579831932772,0.0001767004369319034
0.6672268907563025,1.8949579831932772,0.00017730325578206642
0.6747899159663865,1.8949579831932772,0.00017790607463222943
0.6823529411764706,1.8949579831932772,0.00017850889348239245
0.6899159663865546,1.8949579831932772,0.00017911171233255546
0.6974789915966386,1.8949579831932772,0.0001797145311827185
0.7050420168067226,1.8949579831932772,0.00018035282159635377
0.7126050420168067,1.8949579831932772,0.00018100884779172522
0.7201680672268908,1.8949579831932772,0.00018166487398709667
0.7277310924369748,1.8949579831932772,0.00018232090018246807
0.7352941176470588,1.8949579831932772,0.00018297692637783951
0.7428571428571429,1.8949579831932772,0.00018363295257321096
0.7504201680672269,1.8949579831932772,0.00018428897876858236
0.7579831932773109,1.8949579831932772,0.00018494500496395378
0.7655462184873949,1.8949579831932772,0.0001856010311593252
0.773109243697479,1.8949579831932772,0.00018625705735469665
0.780672268907563,1.8949579831932772,0.00018691308355006807
0.788235294117647,1.8949579831932772,0.00018756910974543952
0.795798319327731,1.8949579831932772,0.00018822513594081092
0.8033613445378152,1.8949579831932772,0.0001887911531320664
0.8109243697478992,1.8949579831932772,0.00018937973897965716
0.8184873949579832,1.8949579831932772,0.0001899683248272479
0.8260504201680672,1.8949579831932772,0.00019055691067483866
0.8336134453781512,1.8949579831932772,0.00019114549652242941
0.8411764705882353,1.8949579831932772,0.00019173408237002017
0.8487394957983193,1.8949579831932772,0.00019232266821761092
0.8563025210084033,1.8949579831932772,0.0001929112540652017
0.8638655462184873,1.8949579831932772,0.00019349983991279245
0.8714285714285714,1.8949579831932772,0.0001940884257603832
0.8789915966386554,1.8949579831932772,0.00019467701160797395
0.8865546218487395,1.8949579831932772,0.0001952655974555647
0.8941176470588235,1.8949579831932772,0.00019585418330315545
0.9016806722689076,1.8949579831932772,0.0001963896397473983
0.9092436974789916,1.8949579831932772,0.00019673914327992352
0.9168067226890756,1.8949579831932772,0.00019708864681244873
0.9243697478991596,1.8949579831932772,0.00019743815034497397
0.9319327731092437,1.8949579831932772,0.00019778765387749918
0.9394957983193277,1.8949579831932772,0.00019813715741002436
0.9470588235294117,1.8949579831932772,0.00019848666094254958
0.9546218487394957,1.8949579831932772,0.0001988361644750748
0.9621848739495799,1.8949579831932772,0.0001991856680076
0.9697478991596639,1.8949579831932772,0.0001995351715401252
0.9773109243697479,1.8949579831932772,0.00019988467507265042
0.9848739495798319,1.8949579831932772,0.00020023417860517566
0.992436974789916,1.8949579831932772,0.00020058368213770084
1.0,1.8949579831932772,0.0002008388940954353
0.1,1.9117647058823528,5.170165855712587e-05
0.10756302521008404,1.9117647058823528,5.4745100708499915e-05
0.11512605042016807,1.9117647058823528,5.778854285987395e-05
0.12268907563025211,1.9117647058823528,6.0831985011248e-05
0.13025210084033614,1.9117647058823528,6.387542716262205e-05
0.13781512605042018,1.9117647058823528,6.691886931399609e-05
0.1453781512605042,1.9117647058823528,6.996231146537013e-05
0.15294117647058825,1.9117647058823528,7.300575361674417e-05
0.16050420168067228,1.9117647058823528,7.604919576811822e-05
0.16806722689075632,1.9117647058823528,7.909263791949228e-05
0.17563025210084032,1.9117647058823528,8.21360800708663e-05
0.18319327731092439,1.9117647058823528,8.517952222224035e-05
0.1907563025210084,1.9117647058823528,8.822296437361438e-05
0.19831932773109245,1.9117647058823528,9.14131069148564e-05
0.20588235294117646,1.9117647058823528,9.379415718218115e-05
0.21344537815126052,1.9117647058823528,9.591050671070258e-05
0.22100840336134453,1.9117647058823528,9.8026856239224e-05
0.22857142857142856,1.9117647058823528,0.0001001432057677454
0.2361344537815126,1.9117647058823528,0.00010225955529626683
0.24369747899159663,1.9117647058823528,0.00010437590482478826
0.25126050420168067,1.9117647058823528,0.00010649225435330968
0.2588235294117647,1.9117647058823528,0.0001086086038818311
0.26638655462184874,1.9117647058823528,0.00011072495341035252
0.2739495798319328,1.9117647058823528,0.00011284130293887395
0.2815126050420168,1.9117647058823528,0.00011495765246739537
0.2890756302521008,1.9117647058823528,0.00011707400199591678
0.2966386554621849,1.9117647058823528,0.00011937846649374829
0.30420168067226894,1.9117647058823528,0.00012156820222487901
0.31176470588235294,1.9117647058823528,0.00012332579846575882
0.31932773109243695,1.9117647058823528,0.00012507214541349746
0.326890756302521,1.9117647058823528,0.00012681849236123612
0.3344537815126051,1.9117647058823528,0.0001285648393089748
0.3420168067226891,1.9117647058823528,0.00013031118625671343
0.3495798319327731,1.9117647058823528,0.00013205753320445207
0.3571428571428571,1.9117647058823528,0.00013380388015219073
0.3647058823529412,1.9117647058823528,0.0001355502270999294
0.3722689075630252,1.9117647058823528,0.00013729657404766806
0.3798319327731092,1.9117647058823528,0.0001390429209954067
0.38739495798319323,1.9117647058823528,0.00014078926794314534
0.39495798319327735,1.9117647058823528,0.00014253561489088404
0.40252100840336136,1.9117647058823528,0.00014412226894135882
0.41008403361344536,1.9117647058823528,0.00014538953719730587
0.41764705882352937,1.9117647058823528,0.00014665680545325292
0.4252100840336135,1.9117647058823528,0.0001479240737092
0.4327731092436975,1.9117647058823528,0.00014919134196514705
0.4403361344537815,1.9117647058823528,0.0001504586102210941
0.4478991596638655,1.9117647058823528,0.00015172587847704115
0.4554621848739496,1.9117647058823528,0.00015299314673298823
0.46302521008403363,1.9117647058823528,0.00015426041498893528
0.47058823529411764,1.9117647058823528,0.00015552768324488233
0.47815126050420165,1.9117647058823528,0.00015679495150082938
0.48571428571428577,1.9117647058823528,0.00015806221975677646
0.49327731092436977,1.9117647058823528,0.0001593294880127235
0.5008403361344538,1.9117647058823528,0.00016068295159724368
0.5084033613445378,1.9117647058823528,0.00016190012983037646
0.5159663865546219,1.9117647058823528,0.00016288254343687058
0.5235294117647059,1.9117647058823528,0.0001638649570433647
0.5310924369747899,1.9117647058823528,0.00016484737064985882
0.5386554621848739,1.9117647058823528,0.00016582978425635293
0.546218487394958,1.9117647058823528,0.00016681219786284705
0.553781512605042,1.9117647058823528,0.00016779461146934117
0.561344537815126,1.9117647058823528,0.0001687770250758353
0.5689075630252101,1.9117647058823528,0.0001697594386823294
0.5764705882352942,1.9117647058823528,0.00017074185228882352
0.5840336134453782,1.9117647058823528,0.00017172426589531764
0.5915966386554622,1.9117647058823528,0.00017270667950181176
0.5991596638655462,1.9117647058823528,0.00017368909310830588
0.6067226890756302,1.9117647058823528,0.00017433408915361678
0.6142857142857142,1.9117647058823528,0.00017493690800377982
0.6218487394957983,1.9117647058823528,0.00017553972685394284
0.6294117647058823,1.9117647058823528,0.00017614254570410585
0.6369747899159663,1.9117647058823528,0.0001767453645542689
0.6445378151260504,1.9117647058823528,0.0001773481834044319
0.6521008403361345,1.9117647058823528,0.00017795100225459495
0.6596638655462185,1.9117647058823528,0.000178553821104758
0.6672268907563025,1.9117647058823528,0.000179156639954921
0.6747899159663865,1.9117647058823528,0.00017975945880508402
0.6823529411764706,1.9117647058823528,0.00018036227765524704
0.6899159663865546,1.9117647058823528,0.00018096509650541008
0.6974789915966386,1.9117647058823528,0.0001817200665910319
0.7050420168067226,1.9117647058823528,0.0001824724704312613
0.7126050420168067,1.9117647058823528,0.0001831284966266328
0.7201680672268908,1.9117647058823528,0.0001837845228220042
0.7277310924369748,1.9117647058823528,0.00018444054901737563
0.7352941176470588,1.9117647058823528,0.00018509657521274705
0.7428571428571429,1.9117647058823528,0.00018575260140811848
0.7504201680672269,1.9117647058823528,0.00018640862760348992
0.7579831932773109,1.9117647058823528,0.00018706465379886135
0.7655462184873949,1.9117647058823528,0.00018772067999423277
0.773109243697479,1.9117647058823528,0.0001883767061896042
0.780672268907563,1.9117647058823528,0.00018903273238497564
0.788235294117647,1.9117647058823528,0.00018968875858034706
0.795798319327731,1.9117647058823528,0.0001903599771101521
0.8033613445378152,1.9117647058823528,0.0001908046862607437
0.8109243697478992,1.9117647058823528,0.00019122877881361342
0.8184873949579832,1.9117647058823528,0.00019181736466120417
0.8260504201680672,1.9117647058823528,0.00019240595050879495
0.8336134453781512,1.9117647058823528,0.0001929945363563857
0.8411764705882353,1.9117647058823528,0.00019358312220397645
0.8487394957983193,1.9117647058823528,0.0001941717080515672
0.8563025210084033,1.9117647058823528,0.00019476029389915798
0.8638655462184873,1.9117647058823528,0.00019534887974674873
0.8714285714285714,1.9117647058823528,0.00019593746559433948
0.8789915966386554,1.9117647058823528,0.00019652605144193023
0.8865546218487395,1.9117647058823528,0.00019711463728952098
0.8941176470588235,1.9117647058823528,0.00019770322313711173
0.9016806722689076,1.9117647058823528,0.0001982386795813546
0.9092436974789916,1.9117647058823528,0.0001985881831138798
0.9168067226890756,1.9117647058823528,0.00019893768664640501
0.9243697478991596,1.9117647058823528,0.00019928719017893025
0.9319327731092437,1.9117647058823528,0.00019963669371145546
0.9394957983193277,1.9117647058823528,0.00019998619724398065
0.9470588235294117,1.9117647058823528,0.0002003357007765059
0.9546218487394957,1.9117647058823528,0.0002006852043090311
0.9621848739495799,1.9117647058823528,0.0002010347078415563
0.9697478991596639,1.9117647058823528,0.00020138421137408152
0.9773109243697479,1.9117647058823528,0.00020173371490660673
0.9848739495798319,1.9117647058823528,0.00020208321843913195
0.992436974789916,1.9117647058823528,0.00020243272197165716
1.0,1.9117647058823528,0.00020311690379221176
0.1,1.9285714285714286,5.201841459966449e-05
0.10756302521008404,1.9285714285714286,5.5061856751038536e-05
0.11512605042016807,1.9285714285714286,5.810529890241258e-05
0.12268907563025211,1.9285714285714286,6.114874105378663e-05
0.13025210084033614,1.9285714285714286,6.419218320516068e-05
0.13781512605042018,1.9285714285714286,6.723562535653472e-05
0.1453781512605042,1.9285714285714286,7.027906750790875e-05
0.15294117647058825,1.9285714285714286,7.33225096592828e-05
0.16050420168067228,1.9285714285714286,7.636595181065685e-05
0.16806722689075632,1.9285714285714286,7.94093939620309e-05
0.17563025210084032,1.9285714285714286,8.245283611340493e-05
0.18319327731092439,1.9285714285714286,8.549627826477899e-05
0.1907563025210084,1.9285714285714286,8.871576088399457e-05
0.19831932773109245,1.9285714285714286,9.202326373713095e-05
0.20588235294117646,1.9285714285714286,9.44043140044557e-05
0.21344537815126052,1.9285714285714286,9.652066353297713e-05
0.22100840336134453,1.9285714285714286,9.863701306149854e-05
0.22857142857142856,1.9285714285714286,0.00010075336259001996
0.2361344537815126,1.9285714285714286,0.00010286971211854137
0.24369747899159663,1.9285714285714286,0.0001049860616470628
0.25126050420168067,1.9285714285714286,0.00010710241117558423
0.2588235294117647,1.9285714285714286,0.00010921876070410565
0.26638655462184874,1.9285714285714286,0.00011133511023262707
0.2739495798319328,1.9285714285714286,0.0001134514597611485
0.2815126050420168,1.9285714285714286,0.00011556780928966992
0.2890756302521008,1.9285714285714286,0.00011793497877727143
0.2966386554621849,1.9285714285714286,0.00012061567321372309
0.30420168067226894,1.9285714285714286,0.00012280540894485378
0.31176470588235294,1.9285714285714286,0.00012460237771172775
0.31932773109243695,1.9285714285714286,0.00012636559859917815
0.326890756302521,1.9285714285714286,0.0001281119455469168
0.3344537815126051,1.9285714285714286,0.00012985829249465548
0.3420168067226891,1.9285714285714286,0.00013160463944239412
0.3495798319327731,1.9285714285714286,0.00013335098639013278
0.3571428571428571,1.9285714285714286,0.00013509733333787142
0.3647058823529412,1.9285714285714286,0.0001368436802856101
0.3722689075630252,1.9285714285714286,0.00013859002723334873
0.3798319327731092,1.9285714285714286,0.0001403363741810874
0.38739495798319323,1.9285714285714286,0.00014208272112882603
0.39495798319327735,1.9285714285714286,0.0001438290680765647
0.40252100840336136,1.9285714285714286,0.0001454157221270395
0.41008403361344536,1.9285714285714286,0.00014668299038298656
0.41764705882352937,1.9285714285714286,0.0001479502586389336
0.4252100840336135,1.9285714285714286,0.0001492175268948807
0.4327731092436975,1.9285714285714286,0.00015048479515082774
0.4403361344537815,1.9285714285714286,0.0001517520634067748
0.4478991596638655,1.9285714285714286,0.00015301933166272184
0.4554621848739496,1.9285714285714286,0.00015428659991866892
0.46302521008403363,1.9285714285714286,0.00015555386817461597
0.47058823529411764,1.9285714285714286,0.00015682113643056302
0.47815126050420165,1.9285714285714286,0.00015808840468651007
0.48571428571428577,1.9285714285714286,0.00015935567294245715
0.49327731092436977,1.9285714285714286,0.00016072415057935462
0.5008403361344538,1.9285714285714286,0.00016208885965064706
0.5084033613445378,1.9285714285714286,0.00016342342019709915
0.5159663865546219,1.9285714285714286,0.00016467972586800507
0.5235294117647059,1.9285714285714286,0.00016566213947449916
0.5310924369747899,1.9285714285714286,0.00016664455308099328
0.5386554621848739,1.9285714285714286,0.0001676269666874874
0.546218487394958,1.9285714285714286,0.0001686093802939815
0.553781512605042,1.9285714285714286,0.00016959179390047563
0.561344537815126,1.9285714285714286,0.00017057420750696975
0.5689075630252101,1.9285714285714286,0.00017155662111346387
0.5764705882352942,1.9285714285714286,0.000172539034719958
0.5840336134453782,1.9285714285714286,0.00017352144832645213
0.5915966386554622,1.9285714285714286,0.00017450386193294625
0.5991596638655462,1.9285714285714286,0.00017548627553944034
0.6067226890756302,1.9285714285714286,0.00017613127158475127
0.6142857142857142,1.9285714285714286,0.00017673409043491428
0.6218487394957983,1.9285714285714286,0.00017733690928507732
0.6294117647058823,1.9285714285714286,0.00017793972813524034
0.6369747899159663,1.9285714285714286,0.00017854254698540338
0.6445378151260504,1.9285714285714286,0.0001791453658355664
0.6521008403361345,1.9285714285714286,0.00017974818468572944
0.6596638655462185,1.9285714285714286,0.00018035100353589245
0.6672268907563025,1.9285714285714286,0.00018095382238605547
0.6747899159663865,1.9285714285714286,0.00018155664123621848
0.6823529411764706,1.9285714285714286,0.00018215946008638152
0.6899159663865546,1.9285714285714286,0.0001829524679808681
0.6974789915966386,1.9285714285714286,0.00018389762711081345
0.7050420168067226,1.9285714285714286,0.00018465003095104285
0.7126050420168067,1.9285714285714286,0.0001853060571464143
0.7201680672268908,1.9285714285714286,0.00018596208334178572
0.7277310924369748,1.9285714285714286,0.00018661810953715714
0.7352941176470588,1.9285714285714286,0.00018727413573252857
0.7428571428571429,1.9285714285714286,0.00018793016192790001
0.7504201680672269,1.9285714285714286,0.00018858618812327144
0.7579831932773109,1.9285714285714286,0.00018924221431864286
0.7655462184873949,1.9285714285714286,0.00018989824051401428
0.773109243697479,1.9285714285714286,0.00019055426670938573
0.780672268907563,1.9285714285714286,0.00019121029290475718
0.788235294117647,1.9285714285714286,0.00019188910760177901
0.795798319327731,1.9285714285714286,0.0001926134993021017
0.8033613445378152,1.9285714285714286,0.0001930582084526933
0.8109243697478992,1.9285714285714286,0.00019315331441612104
0.8184873949579832,1.9285714285714286,0.00019352257587075043
0.8260504201680672,1.9285714285714286,0.00019411116171834118
0.8336134453781512,1.9285714285714286,0.00019469974756593193
0.8411764705882353,1.9285714285714286,0.0001952883334135227
0.8487394957983193,1.9285714285714286,0.00019587691926111346
0.8563025210084033,1.9285714285714286,0.0001964655051087042
0.8638655462184873,1.9285714285714286,0.00019705409095629496
0.8714285714285714,1.9285714285714286,0.0001976426768038857
0.8789915966386554,1.9285714285714286,0.00019823126265147646
0.8865546218487395,1.9285714285714286,0.0001988198484990672
0.8941176470588235,1.9285714285714286,0.000199408434346658
0.9016806722689076,1.9285714285714286,0.00019994389079090085
0.9092436974789916,1.9285714285714286,0.00020029339432342606
0.9168067226890756,1.9285714285714286,0.00020064289785595127
0.9243697478991596,1.9285714285714286,0.00020099240138847648
0.9319327731092437,1.9285714285714286,0.0002013419049210017
0.9394957983193277,1.9285714285714286,0.0002016914084535269
0.9470588235294117,1.9285714285714286,0.00020204091198605212
0.9546218487394957,1.9285714285714286,0.0002023904155185773
0.9621848739495799,1.9285714285714286,0.0002027399190511025
0.9697478991596639,1.9285714285714286,0.00020308942258362772
0.9773109243697479,1.9285714285714286,0.00020343892611615296
0.9848739495798319,1.9285714285714286,0.00020378842964867817
0.992436974789916,1.9285714285714286,0.000204520422653237
1.0,1.9285714285714286,0.00020530022684180004
0.1,1.9453781512605042,5.2335170642203106e-05
0.10756302521008404,1.9453781512605042,5.537861279357715e-05
0.11512605042016807,1.9453781512605042,5.8422054944951194e-05
0.12268907563025211,1.9453781512605042,6.146549709632524e-05
0.13025210084033614,1.9453781512605042,6.450893924769928e-05
0.13781512605042018,1.9453781512605042,6.755238139907333e-05
0.1453781512605042,1.9453781512605042,7.059582355044737e-05
0.15294117647058825,1.9453781512605042,7.363926570182142e-05
0.16050420168067228,1.9453781512605042,7.668270785319547e-05
0.16806722689075632,1.9453781512605042,7.97261500045695e-05
0.17563025210084032,1.9453781512605042,8.276959215594354e-05
0.18319327731092439,1.9453781512605042,8.601841485313275e-05
0.1907563025210084,1.9453781512605042,8.932591770626911e-05
0.19831932773109245,1.9453781512605042,9.263342055940549e-05
0.20588235294117646,1.9453781512605042,9.501447082673023e-05
0.21344537815126052,1.9453781512605042,9.713082035525167e-05
0.22100840336134453,1.9453781512605042,9.924716988377309e-05
0.22857142857142856,1.9453781512605042,0.0001013635194122945
0.2361344537815126,1.9453781512605042,0.00010347986894081592
0.24369747899159663,1.9453781512605042,0.00010559621846933734
0.25126050420168067,1.9453781512605042,0.00010771256799785876
0.2588235294117647,1.9453781512605042,0.00010982891752638018
0.26638655462184874,1.9453781512605042,0.0001119452670549016
0.2739495798319328,1.9453781512605042,0.00011406161658342302
0.2815126050420168,1.9453781512605042,0.00011649149106079459
0.2890756302521008,1.9453781512605042,0.00011917218549724622
0.2966386554621849,1.9453781512605042,0.00012185287993369787
0.30420168067226894,1.9453781512605042,0.0001240426156648286
0.31176470588235294,1.9453781512605042,0.00012583958443170254
0.31932773109243695,1.9453781512605042,0.00012763655319857647
0.326890756302521,1.9453781512605042,0.00012940539873259748
0.3344537815126051,1.9453781512605042,0.00013115174568033614
0.3420168067226891,1.9453781512605042,0.00013289809262807478
0.3495798319327731,1.9453781512605042,0.00013464443957581345
0.3571428571428571,1.9453781512605042,0.00013639078652355208
0.3647058823529412,1.9453781512605042,0.00013813713347129078
0.3722689075630252,1.9453781512605042,0.00013988348041902942
0.3798319327731092,1.9453781512605042,0.00014162982736676808
0.38739495798319323,1.9453781512605042,0.0001433761743145067
0.39495798319327735,1.9453781512605042,0.0001451225212622454
0.40252100840336136,1.9453781512605042,0.00014670917531272017
0.41008403361344536,1.9453781512605042,0.00014797644356866722
0.41764705882352937,1.9453781512605042,0.00014924371182461427
0.4252100840336135,1.9453781512605042,0.00015051098008056135
0.4327731092436975,1.9453781512605042,0.0001517782483365084
0.4403361344537815,1.9453781512605042,0.00015304551659245548
0.4478991596638655,1.9453781512605042,0.0001543127848484025
0.4554621848739496,1.9453781512605042,0.00015558005310434958
0.46302521008403363,1.9453781512605042,0.00015684732136029663
0.47058823529411764,1.9453781512605042,0.0001581145896162437
0.47815126050420165,1.9453781512605042,0.00015939310335896301
0.48571428571428577,1.9453781512605042,0.0001607615809958605
0.49327731092436977,1.9453781512605042,0.00016213005863275799
0.5008403361344538,1.9453781512605042,0.00016349476770405043
0.5084033613445378,1.9453781512605042,0.0001648293282505025
0.5159663865546219,1.9453781512605042,0.00016616388879695464
0.5235294117647059,1.9453781512605042,0.00016745932190563362
0.5310924369747899,1.9453781512605042,0.00016844173551212773
0.5386554621848739,1.9453781512605042,0.00016942414911862185
0.546218487394958,1.9453781512605042,0.000170406562725116
0.553781512605042,1.9453781512605042,0.0001713889763316101
0.561344537815126,1.9453781512605042,0.0001723713899381042
0.5689075630252101,1.9453781512605042,0.00017335380354459832
0.5764705882352942,1.9453781512605042,0.00017433621715109247
0.5840336134453782,1.9453781512605042,0.00017531863075758656
0.5915966386554622,1.9453781512605042,0.00017630104436408068
0.5991596638655462,1.9453781512605042,0.0001772834579705748
0.6067226890756302,1.9453781512605042,0.00017792845401588573
0.6142857142857142,1.9453781512605042,0.00017853127286604874
0.6218487394957983,1.9453781512605042,0.00017913409171621178
0.6294117647058823,1.9453781512605042,0.0001797369105663748
0.6369747899159663,1.9453781512605042,0.00018033972941653784
0.6445378151260504,1.9453781512605042,0.00018094254826670086
0.6521008403361345,1.9453781512605042,0.0001815453671168639
0.6596638655462185,1.9453781512605042,0.0001821481859670269
0.6672268907563025,1.9453781512605042,0.00018275100481718995
0.6747899159663865,1.9453781512605042,0.00018335382366735297
0.6823529411764706,1.9453781512605042,0.00018418486937070422
0.6899159663865546,1.9453781512605042,0.0001851300285006496
0.6974789915966386,1.9453781512605042,0.00018607518763059496
0.7050420168067226,1.9453781512605042,0.00018682759147082436
0.7126050420168067,1.9453781512605042,0.0001874836176661958
0.7201680672268908,1.9453781512605042,0.00018813964386156726
0.7277310924369748,1.9453781512605042,0.00018879567005693866
0.7352941176470588,1.9453781512605042,0.0001894516962523101
0.7428571428571429,1.9453781512605042,0.00019010772244768153
0.7504201680672269,1.9453781512605042,0.00019076374864305295
0.7579831932773109,1.9453781512605042,0.00019141977483842437
0.7655462184873949,1.9453781512605042,0.0001920758010337958
0.773109243697479,1.9453781512605042,0.00019273182722916724
0.780672268907563,1.9453781512605042,0.0001934182380934059
0.788235294117647,1.9453781512605042,0.00019414262979372857
0.795798319327731,1.9453781512605042,0.00019486702149405127
0.8033613445378152,1.9453781512605042,0.00019531173064464284
0.8109243697478992,1.9453781512605042,0.00019540683660807057
0.8184873949579832,1.9453781512605042,0.00019550194257149833
0.8260504201680672,1.9453781512605042,0.0001958163729278874
0.8336134453781512,1.9453781512605042,0.00019640495877547816
0.8411764705882353,1.9453781512605042,0.0001969935446230689
0.8487394957983193,1.9453781512605042,0.0001975821304706597
0.8563025210084033,1.9453781512605042,0.00019817071631825044
0.8638655462184873,1.9453781512605042,0.0001987593021658412
0.8714285714285714,1.9453781512605042,0.00019934788801343194
0.8789915966386554,1.9453781512605042,0.0001999364738610227
0.8865546218487395,1.9453781512605042,0.00020052505970861344
0.8941176470588235,1.9453781512605042,0.00020111364555620422
0.9016806722689076,1.9453781512605042,0.00020164910200044705
0.9092436974789916,1.9453781512605042,0.00020199860553297226
0.9168067226890756,1.9453781512605042,0.0002023481090654975
0.9243697478991596,1.9453781512605042,0.0002026976125980227
0.9319327731092437,1.9453781512605042,0.00020304711613054792
0.9394957983193277,1.9453781512605042,0.0002033966196630731
0.9470588235294117,1.9453781512605042,0.00020374612319559832
0.9546218487394957,1.9453781512605042,0.00020409562672812353
0.9621848739495799,1.9453781512605042,0.00020444513026064874
0.9697478991596639,1.9453781512605042,0.00020479463379317393
0.9773109243697479,1.9453781512605042,0.00020514413732569917
0.9848739495798319,1.9453781512605042,0.0002059239415142622
0.992436974789916,1.9453781512605042,0.00020670374570282523
1.0,1.9453781512605042,0.00020748354989138823
0.1,1.9621848739495797,5.265192668474172e-05
0.10756302521008404,1.9621848739495797,5.5695368836115764e-05
0.11512605042016807,1.9621848739495797,5.873881098748981e-05
0.12268907563025211,1.9621848739495797,6.178225313886386e-05
0.13025210084033614,1.9621848739495797,6.48256952902379e-05
0.13781512605042018,1.9621848739495797,6.786913744161193e-05
0.1453781512605042,1.9621848739495797,7.091257959298598e-05
0.15294117647058825,1.9621848739495797,7.395602174436002e-05
0.16050420168067228,1.9621848739495797,7.699946389573408e-05
0.16806722689075632,1.9621848739495797,8.004290604710813e-05
0.17563025210084032,1.9621848739495797,8.332106882227089e-05
0.18319327731092439,1.9621848739495797,8.662857167540729e-05
0.1907563025210084,1.9621848739495797,8.993607452854366e-05
0.19831932773109245,1.9621848739495797,9.324357738168003e-05
0.20588235294117646,1.9621848739495797,9.562462764900477e-05
0.21344537815126052,1.9621848739495797,9.77409771775262e-05
0.22100840336134453,1.9621848739495797,9.985732670604762e-05
0.22857142857142856,1.9621848739495797,0.00010197367623456903
0.2361344537815126,1.9621848739495797,0.00010409002576309046
0.24369747899159663,1.9621848739495797,0.00010620637529161187
0.25126050420168067,1.9621848739495797,0.0001083227248201333
0.2588235294117647,1.9621848739495797,0.00011043907434865472
0.26638655462184874,1.9621848739495797,0.00011255542387717615
0.2739495798319328,1.9621848739495797,0.00011504800334431772
0.2815126050420168,1.9621848739495797,0.00011772869778076936
0.2890756302521008,1.9621848739495797,0.000120409392217221
0.2966386554621849,1.9621848739495797,0.00012309008665367264
0.30420168067226894,1.9621848739495797,0.00012527982238480335
0.31176470588235294,1.9621848739495797,0.00012707679115167732
0.31932773109243695,1.9621848739495797,0.00012887375991855126
0.326890756302521,1.9621848739495797,0.0001306707286854252
0.3344537815126051,1.9621848739495797,0.0001324451988660168
0.3420168067226891,1.9621848739495797,0.00013419154581375544
0.3495798319327731,1.9621848739495797,0.00013593789276149408
0.3571428571428571,1.9621848739495797,0.00013768423970923275
0.3647058823529412,1.9621848739495797,0.0001394305866569714
0.3722689075630252,1.9621848739495797,0.00014117693360471008
0.3798319327731092,1.9621848739495797,0.00014292328055244872
0.38739495798319323,1.9621848739495797,0.00014466962750018736
0.39495798319327735,1.9621848739495797,0.00014641597444792602
0.40252100840336136,1.9621848739495797,0.00014800262849840084
0.41008403361344536,1.9621848739495797,0.00014926989675434789
0.41764705882352937,1.9621848739495797,0.00015053716501029494
0.4252100840336135,1.9621848739495797,0.00015180443326624201
0.4327731092436975,1.9621848739495797,0.00015307170152218907
0.4403361344537815,1.9621848739495797,0.00015433896977813612
0.4478991596638655,1.9621848739495797,0.00015560623803408317
0.4554621848739496,1.9621848739495797,0.00015687350629003025
0.46302521008403363,1.9621848739495797,0.0001581407745459773
0.47058823529411764,1.9621848739495797,0.00015943053377546888
0.47815126050420165,1.9621848739495797,0.00016079901141236638
0.48571428571428577,1.9621848739495797,0.00016216748904926388
0.49327731092436977,1.9621848739495797,0.00016353596668616135
0.5008403361344538,1.9621848739495797,0.00016490067575745376
0.5084033613445378,1.9621848739495797,0.00016623523630390587
0.5159663865546219,1.9621848739495797,0.00016756979685035798
0.5235294117647059,1.9621848739495797,0.00016890435739681008
0.5310924369747899,1.9621848739495797,0.0001702389179432622
0.5386554621848739,1.9621848739495797,0.0001712213315497563
0.546218487394958,1.9621848739495797,0.00017220374515625043
0.553781512605042,1.9621848739495797,0.00017318615876274455
0.561344537815126,1.9621848739495797,0.00017416857236923864
0.5689075630252101,1.9621848739495797,0.00017515098597573276
0.5764705882352942,1.9621848739495797,0.0001761333995822269
0.5840336134453782,1.9621848739495797,0.00017711581318872102
0.5915966386554622,1.9621848739495797,0.00017809822679521514
0.5991596638655462,1.9621848739495797,0.00017908064040170926
0.6067226890756302,1.9621848739495797,0.00017972563644702016
0.6142857142857142,1.9621848739495797,0.00018032845529718317
0.6218487394957983,1.9621848739495797,0.00018093127414734622
0.6294117647058823,1.9621848739495797,0.00018153409299750923
0.6369747899159663,1.9621848739495797,0.00018213691184767224
0.6445378151260504,1.9621848739495797,0.0001827397306978353
0.6521008403361345,1.9621848739495797,0.0001833425495479983
0.6596638655462185,1.9621848739495797,0.00018394536839816134
0.6672268907563025,1.9621848739495797,0.00018454818724832436
0.6747899159663865,1.9621848739495797,0.00018541727076054032
0.6823529411764706,1.9621848739495797,0.00018636242989048573
0.6899159663865546,1.9621848739495797,0.0001873075890204311
0.6974789915966386,1.9621848739495797,0.00018825274815037645
0.7050420168067226,1.9621848739495797,0.00018900515199060585
0.7126050420168067,1.9621848739495797,0.00018966117818597732
0.7201680672268908,1.9621848739495797,0.00019031720438134875
0.7277310924369748,1.9621848739495797,0.00019097323057672017
0.7352941176470588,1.9621848739495797,0.0001916292567720916
0.7428571428571429,1.9621848739495797,0.000192285282967463
0.7504201680672269,1.9621848739495797,0.00019294130916283443
0.7579831932773109,1.9621848739495797,0.00019359733535820586
0.7655462184873949,1.9621848739495797,0.00019425336155357728
0.773109243697479,1.9621848739495797,0.00019494736858503278
0.780672268907563,1.9621848739495797,0.00019567176028535547
0.788235294117647,1.9621848739495797,0.00019639615198567813
0.795798319327731,1.9621848739495797,0.00019712054368600083
0.8033613445378152,1.9621848739495797,0.00019756525283659245
0.8109243697478992,1.9621848739495797,0.0001976603588000202
0.8184873949579832,1.9621848739495797,0.00019775546476344792
0.8260504201680672,1.9621848739495797,0.00019785057072687566
0.8336134453781512,1.9621848739495797,0.00019811016998502436
0.8411764705882353,1.9621848739495797,0.0001986987558326151
0.8487394957983193,1.9621848739495797,0.0001992873416802059
0.8563025210084033,1.9621848739495797,0.0001998759275277966
0.8638655462184873,1.9621848739495797,0.00020046451337538736
0.8714285714285714,1.9621848739495797,0.00020105309922297814
0.8789915966386554,1.9621848739495797,0.0002016416850705689
0.8865546218487395,1.9621848739495797,0.00020223027091815964
0.8941176470588235,1.9621848739495797,0.0002028188567657504
0.9016806722689076,1.9621848739495797,0.00020335431320999325
0.9092436974789916,1.9621848739495797,0.00020370381674251846
0.9168067226890756,1.9621848739495797,0.00020405332027504367
0.9243697478991596,1.9621848739495797,0.0002044028238075689
0.9319327731092437,1.9621848739495797,0.00020475232734009412
0.9394957983193277,1.9621848739495797,0.00020510183087261934
0.9470588235294117,1.9621848739495797,0.00020545133440514455
0.9546218487394957,1.9621848739495797,0.00020580083793766973
0.9621848739495799,1.9621848739495797,0.00020615034147019494
0.9697478991596639,1.9621848739495797,0.00020654765618672438
0.9773109243697479,1.9621848739495797,0.00020732746037528741
0.9848739495798319,1.9621848739495797,0.00020810726456385042
0.992436974789916,1.9621848739495797,0.00020888706875241345
1.0,1.9621848739495797,0.00020966687294097646
0.1,1.9789915966386553,5.296868272728034e-05
0.10756302521008404,1.9789915966386553,5.6012124878654386e-05
0.11512605042016807,1.9789915966386553,5.905556703002843e-05
0.12268907563025211,1.9789915966386553,6.209900918140248e-05
0.13025210084033614,1.9789915966386553,6.514245133277653e-05
0.13781512605042018,1.9789915966386553,6.818589348415057e-05
0.1453781512605042,1.9789915966386553,7.122933563552461e-05
0.15294117647058825,1.9789915966386553,7.427277778689866e-05
0.16050420168067228,1.9789915966386553,7.731621993827269e-05
0.16806722689075632,1.9789915966386553,8.062372279140907e-05
0.17563025210084032,1.9789915966386553,8.393122564454543e-05
0.18319327731092439,1.9789915966386553,8.723872849768182e-05
0.1907563025210084,1.9789915966386553,9.054623135081818e-05
0.19831932773109245,1.9789915966386553,9.385373420395458e-05
0.20588235294117646,1.9789915966386553,9.62347844712793e-05
0.21344537815126052,1.9789915966386553,9.835113399980074e-05
0.22100840336134453,1.9789915966386553,0.00010046748352832216
0.22857142857142856,1.9789915966386553,0.00010258383305684356
0.2361344537815126,1.9789915966386553,0.000104700182585365
0.24369747899159663,1.9789915966386553,0.00010681653211388642
0.25126050420168067,1.9789915966386553,0.00010893288164240784
0.2588235294117647,1.9789915966386553,0.00011104923117092926
0.26638655462184874,1.9789915966386553,0.00011360451562784086
0.2739495798319328,1.9789915966386553,0.0001162852100642925
0.2815126050420168,1.9789915966386553,0.00011896590450074414
0.2890756302521008,1.9789915966386553,0.00012164659893719579
0.2966386554621849,1.9789915966386553,0.00012432729337364746
0.30420168067226894,1.9789915966386553,0.00012651702910477817
0.31176470588235294,1.9789915966386553,0.0001283139978716521
0.31932773109243695,1.9789915966386553,0.00013011096663852604
0.326890756302521,1.9789915966386553,0.00013190793540539998
0.3344537815126051,1.9789915966386553,0.00013370490417227398
0.3420168067226891,1.9789915966386553,0.00013548499899943613
0.3495798319327731,1.9789915966386553,0.00013723134594717477
0.3571428571428571,1.9789915966386553,0.00013897769289491344
0.3647058823529412,1.9789915966386553,0.0001407240398426521
0.3722689075630252,1.9789915966386553,0.00014247038679039074
0.3798319327731092,1.9789915966386553,0.0001442167337381294
0.38739495798319323,1.9789915966386553,0.00014596308068586805
0.39495798319327735,1.9789915966386553,0.0001477094276336067
0.40252100840336136,1.9789915966386553,0.00014929608168408152
0.41008403361344536,1.9789915966386553,0.00015056334994002855
0.41764705882352937,1.9789915966386553,0.00015183061819597563
0.4252100840336135,1.9789915966386553,0.0001530978864519227
0.4327731092436975,1.9789915966386553,0.00015436515470786973
0.4403361344537815,1.9789915966386553,0.0001556324229638168
0.4478991596638655,1.9789915966386553,0.00015689969121976386
0.4554621848739496,1.9789915966386553,0.0001581669594757109
0.46302521008403363,1.9789915966386553,0.0001594679641919748
0.47058823529411764,1.9789915966386553,0.00016083644182887227
0.47815126050420165,1.9789915966386553,0.00016220491946576974
0.48571428571428577,1.9789915966386553,0.00016357339710266724
0.49327731092436977,1.9789915966386553,0.0001649418747395647
0.5008403361344538,1.9789915966386553,0.00016630658381085712
0.5084033613445378,1.9789915966386553,0.00016764114435730923
0.5159663865546219,1.9789915966386553,0.00016897570490376134
0.5235294117647059,1.9789915966386553,0.00017031026545021345
0.5310924369747899,1.9789915966386553,0.00017164482599666555
0.5386554621848739,1.9789915966386553,0.00017297938654311764
0.546218487394958,1.9789915966386553,0.00017400092758738486
0.553781512605042,1.9789915966386553,0.00017498334119387898
0.561344537815126,1.9789915966386553,0.0001759657548003731
0.5689075630252101,1.9789915966386553,0.0001769481684068672
0.5764705882352942,1.9789915966386553,0.00017793058201336133
0.5840336134453782,1.9789915966386553,0.00017891299561985545
0.5915966386554622,1.9789915966386553,0.0001798954092263496
0.5991596638655462,1.9789915966386553,0.0001808778228328437
0.6067226890756302,1.9789915966386553,0.0001815228188781546
0.6142857142857142,1.9789915966386553,0.00018212563772831763
0.6218487394957983,1.9789915966386553,0.00018272845657848065
0.6294117647058823,1.9789915966386553,0.0001833312754286437
0.6369747899159663,1.9789915966386553,0.0001839340942788067
0.6445378151260504,1.9789915966386553,0.00018453691312896975
0.6521008403361345,1.9789915966386553,0.00018513973197913276
0.6596638655462185,1.9789915966386553,0.00018574255082929578
0.6672268907563025,1.9789915966386553,0.00018664967215037648
0.6747899159663865,1.9789915966386553,0.00018759483128032183
0.6823529411764706,1.9789915966386553,0.00018853999041026725
0.6899159663865546,1.9789915966386553,0.0001894851495402126
0.6974789915966386,1.9789915966386553,0.000190430308670158
0.7050420168067226,1.9789915966386553,0.00019118271251038736
0.7126050420168067,1.9789915966386553,0.0001918387387057588
0.7201680672268908,1.9789915966386553,0.00019249476490113023
0.7277310924369748,1.9789915966386553,0.00019315079109650165
0.7352941176470588,1.9789915966386553,0.0001938068172918731
0.7428571428571429,1.9789915966386553,0.00019446284348724452
0.7504201680672269,1.9789915966386553,0.00019511886968261595
0.7579831932773109,1.9789915966386553,0.00019577489587798737
0.7655462184873949,1.9789915966386553,0.00019647649907665965
0.773109243697479,1.9789915966386553,0.00019720089077698234
0.780672268907563,1.9789915966386553,0.00019792528247730506
0.788235294117647,1.9789915966386553,0.00019864967417762772
0.795798319327731,1.9789915966386553,0.0001993740658779504
0.8033613445378152,1.9789915966386553,0.000199818775028542
0.8109243697478992,1.9789915966386553,0.00019991388099196975
0.8184873949579832,1.9789915966386553,0.00020000898695539745
0.8260504201680672,1.9789915966386553,0.0002001040929188252
0.8336134453781512,1.9789915966386553,0.00020019919888225292
0.8411764705882353,1.9789915966386553,0.00020040396704216134
0.8487394957983193,1.9789915966386553,0.0002009925528897521
0.8563025210084033,1.9789915966386553,0.00020158113873734287
0.8638655462184873,1.9789915966386553,0.0002021697245849336
0.8714285714285714,1.9789915966386553,0.00020275831043252437
0.8789915966386554,1.9789915966386553,0.00020334689628011512
0.8865546218487395,1.9789915966386553,0.00020393548212770587
0.8941176470588235,1.9789915966386553,0.00020452406797529662
0.9016806722689076,1.9789915966386553,0.00020505952441953948
0.9092436974789916,1.9789915966386553,0.0002054090279520647
0.9168067226890756,1.9789915966386553,0.0002057585314845899
0.9243697478991596,1.9789915966386553,0.00020610803501711512
0.9319327731092437,1.9789915966386553,0.00020645753854964033
0.9394957983193277,1.9789915966386553,0.00020680704208216554
0.9470588235294117,1.9789915966386553,0.00020715654561469075
0.9546218487394957,1.9789915966386553,0.00020750604914721596
0.9621848739495799,1.9789915966386553,0.00020795117504774957
0.9697478991596639,1.9789915966386553,0.0002087309792363126
0.9773109243697479,1.9789915966386553,0.00020951078342487564
0.9848739495798319,1.9789915966386553,0.00021029058761343864
0.992436974789916,1.9789915966386553,0.00021107039180200167
1.0,1.9789915966386553,0.0002118501959905647
0.1,1.995798319327731,5.328543876981896e-05
0.10756302521008404,1.995798319327731,5.632888092119301e-05
0.11512605042016807,1.995798319327731,5.9372323072567044e-05
0.12268907563025211,1.995798319327731,6.24157652239411e-05
0.13025210084033614,1.995798319327731,6.545920737531513e-05
0.13781512605042018,1.995798319327731,6.850264952668918e-05
0.1453781512605042,1.995798319327731,7.154609167806322e-05
0.15294117647058825,1.995798319327731,7.461887390741087e-05
0.16050420168067228,1.995798319327731,7.792637676054724e-05
0.16806722689075632,1.995798319327731,8.123387961368362e-05
0.17563025210084032,1.995798319327731,8.454138246681998e-05
0.18319327731092439,1.995798319327731,8.784888531995636e-05
0.1907563025210084,1.995798319327731,9.115638817309273e-05
0.19831932773109245,1.995798319327731,9.446389102622911e-05
0.20588235294117646,1.995798319327731,9.684494129355385e-05
0.21344537815126052,1.995798319327731,9.896129082207529e-05
0.22100840336134453,1.995798319327731,0.0001010776403505967
0.22857142857142856,1.995798319327731,0.00010319398987911811
0.2361344537815126,1.995798319327731,0.00010531033940763953
0.24369747899159663,1.995798319327731,0.00010742668893616095
0.25126050420168067,1.995798319327731,0.00010954303846468239
0.2588235294117647,1.995798319327731,0.000112161027911364
0.26638655462184874,1.995798319327731,0.00011484172234781566
0.2739495798319328,1.995798319327731,0.0001175224167842673
0.2815126050420168,1.995798319327731,0.00012020311122071894
0.2890756302521008,1.995798319327731,0.00012288380565717057
0.2966386554621849,1.995798319327731,0.00012556450009362224
0.30420168067226894,1.995798319327731,0.00012775423582475295
0.31176470588235294,1.995798319327731,0.0001295512045916269
0.31932773109243695,1.995798319327731,0.00013134817335850083
0.326890756302521,1.995798319327731,0.0001331451421253748
0.3344537815126051,1.995798319327731,0.00013494211089224874
0.3420168067226891,1.995798319327731,0.00013673907965912267
0.3495798319327731,1.995798319327731,0.00013852479913285546
0.3571428571428571,1.995798319327731,0.0001402711460805941
0.3647058823529412,1.995798319327731,0.00014201749302833277
0.3722689075630252,1.995798319327731,0.00014376383997607143
0.3798319327731092,1.995798319327731,0.00014551018692381007
0.38739495798319323,1.995798319327731,0.00014725653387154874
0.39495798319327735,1.995798319327731,0.0001490028808192874
0.40252100840336136,1.995798319327731,0.0001505895348697622
0.41008403361344536,1.995798319327731,0.00015185680312570924
0.41764705882352937,1.995798319327731,0.0001531240713816563
0.4252100840336135,1.995798319327731,0.00015439133963760337
0.4327731092436975,1.995798319327731,0.00015565860789355042
0.4403361344537815,1.995798319327731,0.00015692587614949747
0.4478991596638655,1.995798319327731,0.00015819314440544452
0.4554621848739496,1.995798319327731,0.00015950539460848068
0.46302521008403363,1.995798319327731,0.00016087387224537816
0.47058823529411764,1.995798319327731,0.00016224234988227563
0.47815126050420165,1.995798319327731,0.0001636108275191731
0.48571428571428577,1.995798319327731,0.0001649793051560706
0.49327731092436977,1.995798319327731,0.00016634778279296807
0.5008403361344538,1.995798319327731,0.00016771249186426049
0.5084033613445378,1.995798319327731,0.0001690470524107126
0.5159663865546219,1.995798319327731,0.0001703816129571647
0.5235294117647059,1.995798319327731,0.0001717161735036168
0.5310924369747899,1.995798319327731,0.00017305073405006892
0.5386554621848739,1.995798319327731,0.000174385294596521
0.546218487394958,1.995798319327731,0.00017571985514297313
0.553781512605042,1.995798319327731,0.00017678052362501344
0.561344537815126,1.995798319327731,0.00017776293723150756
0.5689075630252101,1.995798319327731,0.00017874535083800167
0.5764705882352942,1.995798319327731,0.00017972776444449582
0.5840336134453782,1.995798319327731,0.0001807101780509899
0.5915966386554622,1.995798319327731,0.00018169259165748405
0.5991596638655462,1.995798319327731,0.00018267500526397815
0.6067226890756302,1.995798319327731,0.00018332000130928908
0.6142857142857142,1.995798319327731,0.0001839228201594521
0.6218487394957983,1.995798319327731,0.00018452563900961513
0.6294117647058823,1.995798319327731,0.00018512845785977815
0.6369747899159663,1.995798319327731,0.00018573127670994116
0.6445378151260504,1.995798319327731,0.0001863340955601042
0.6521008403361345,1.995798319327731,0.00018693691441026725
0.6596638655462185,1.995798319327731,0.0001878820735402126
0.6672268907563025,1.995798319327731,0.000188827232670158
0.6747899159663865,1.995798319327731,0.00018977239180010337
0.6823529411764706,1.995798319327731,0.00019071755093004876
0.6899159663865546,1.995798319327731,0.00019166271005999414
0.6974789915966386,1.995798319327731,0.0001926078691899395
0.7050420168067226,1.995798319327731,0.0001933602730301689
0.7126050420168067,1.995798319327731,0.00019401629922554035
0.7201680672268908,1.995798319327731,0.00019467232542091177
0.7277310924369748,1.995798319327731,0.0001953283516162832
0.7352941176470588,1.995798319327731,0.00019598437781165461
0.7428571428571429,1.995798319327731,0.00019664040400702606
0.7504201680672269,1.995798319327731,0.00019729643020239749
0.7579831932773109,1.995798319327731,0.00019800562956828657
0.7655462184873949,1.995798319327731,0.00019873002126860926
0.773109243697479,1.995798319327731,0.00019945441296893192
0.780672268907563,1.995798319327731,0.00020017880466925464
0.788235294117647,1.995798319327731,0.0002009031963695773
0.795798319327731,1.995798319327731,0.0002016275880699
0.8033613445378152,1.995798319327731,0.00020207229722049163
0.8109243697478992,1.995798319327731,0.00020216740318391936
0.8184873949579832,1.995798319327731,0.00020226250914734707
0.8260504201680672,1.995798319327731,0.0002023576151107748
0.8336134453781512,1.995798319327731,0.00020245272107420254
0.8411764705882353,1.995798319327731,0.00020254782703763027
0.8487394957983193,1.995798319327731,0.00020269776409929835
0.8563025210084033,1.995798319327731,0.00020328634994688907
0.8638655462184873,1.995798319327731,0.00020387493579447985
0.8714285714285714,1.995798319327731,0.0002044635216420706
0.8789915966386554,1.995798319327731,0.00020505210748966135
0.8865546218487395,1.995798319327731,0.00020564069333725213
0.8941176470588235,1.995798319327731,0.00020622927918484285
0.9016806722689076,1.995798319327731,0.0002067647356290857
0.9092436974789916,1.995798319327731,0.00020711423916161092
0.9168067226890756,1.995798319327731,0.00020746374269413613
0.9243697478991596,1.995798319327731,0.00020781324622666137
0.9319327731092437,1.995798319327731,0.00020816274975918658
0.9394957983193277,1.995798319327731,0.00020851225329171177
0.9470588235294117,1.995798319327731,0.00020886175682423698
0.9546218487394957,1.995798319327731,0.00020935469390877482
0.9621848739495799,1.995798319327731,0.00021013449809733782
0.9697478991596639,1.995798319327731,0.00021091430228590088
0.9773109243697479,1.995798319327731,0.00021169410647446389
0.9848739495798319,1.995798319327731,0.0002124739106630269
0.992436974789916,1.995798319327731,0.00021325371485158992
1.0,1.995798319327731,0.00021403351904015295
0.1,2.0126050420168067,5.3602194812357584e-05
0.10756302521008404,2.0126050420168067,5.664563696373163e-05
0.11512605042016807,2.0126050420168067,5.9689079115105665e-05
0.12268907563025211,2.0126050420168067,6.273252126647971e-05
0.13025210084033614,2.0126050420168067,6.577596341785377e-05
0.13781512605042018,2.0126050420168067,6.88194055692278e-05
0.1453781512605042,2.0126050420168067,7.192152787654902e-05
0.15294117647058825,2.0126050420168067,7.52290307296854e-05
0.16050420168067228,2.0126050420168067,7.853653358282177e-05
0.16806722689075632,2.0126050420168067,8.184403643595814e-05
0.17563025210084032,2.0126050420168067,8.515153928909451e-05
0.18319327731092439,2.0126050420168067,8.845904214223091e-05
0.1907563025210084,2.0126050420168067,9.176654499536728e-05
0.19831932773109245,2.0126050420168067,9.507404784850365e-05
0.20588235294117646,2.0126050420168067,9.745509811582838e-05
0.21344537815126052,2.0126050420168067,9.957144764434982e-05
0.22100840336134453,2.0126050420168067,0.00010168779717287123
0.22857142857142856,2.0126050420168067,0.00010380414670139265
0.2361344537815126,2.0126050420168067,0.00010592049622991407
0.24369747899159663,2.0126050420168067,0.00010803684575843549
0.25126050420168067,2.0126050420168067,0.00011071754019488714
0.2588235294117647,2.0126050420168067,0.00011339823463133879
0.26638655462184874,2.0126050420168067,0.00011607892906779044
0.2739495798319328,2.0126050420168067,0.00011875962350424208
0.2815126050420168,2.0126050420168067,0.00012144031794069373
0.2890756302521008,2.0126050420168067,0.00012412101237714536
0.2966386554621849,2.0126050420168067,0.00012680170681359703
0.30420168067226894,2.0126050420168067,0.00012899144254472774
0.31176470588235294,2.0126050420168067,0.00013078841131160168
0.31932773109243695,2.0126050420168067,0.00013258538007847562
0.326890756302521,2.0126050420168067,0.00013438234884534958
0.3344537815126051,2.0126050420168067,0.00013617931761222352
0.3420168067226891,2.0126050420168067,0.0001379762863790975
0.3495798319327731,2.0126050420168067,0.00013977325514597143
0.3571428571428571,2.0126050420168067,0.00014156459926627476
0.3647058823529412,2.0126050420168067,0.00014331094621401345
0.3722689075630252,2.0126050420168067,0.00014505729316175207
0.3798319327731092,2.0126050420168067,0.00014680364010949073
0.38739495798319323,2.0126050420168067,0.00014854998705722937
0.39495798319327735,2.0126050420168067,0.00015029633400496806
0.40252100840336136,2.0126050420168067,0.00015188298805544285
0.41008403361344536,2.0126050420168067,0.0001531502563113899
0.41764705882352937,2.0126050420168067,0.00015441752456733695
0.4252100840336135,2.0126050420168067,0.00015568479282328403
0.4327731092436975,2.0126050420168067,0.00015695206107923108
0.4403361344537815,2.0126050420168067,0.00015821932933517813
0.4478991596638655,2.0126050420168067,0.00015954282502498655
0.4554621848739496,2.0126050420168067,0.00016091130266188402
0.46302521008403363,2.0126050420168067,0.0001622797802987815
0.47058823529411764,2.0126050420168067,0.00016364825793567896
0.47815126050420165,2.0126050420168067,0.00016501673557257646
0.48571428571428577,2.0126050420168067,0.00016638521320947396
0.49327731092436977,2.0126050420168067,0.0001677536908463714
0.5008403361344538,2.0126050420168067,0.00016911839991766385
0.5084033613445378,2.0126050420168067,0.00017045296046411596
0.5159663865546219,2.0126050420168067,0.00017178752101056806
0.5235294117647059,2.0126050420168067,0.00017312208155702017
0.5310924369747899,2.0126050420168067,0.00017445664210347228
0.5386554621848739,2.0126050420168067,0.00017579120264992436
0.546218487394958,2.0126050420168067,0.0001771257631963765
0.553781512605042,2.0126050420168067,0.00017846032374282857
0.561344537815126,2.0126050420168067,0.00017956011966264201
0.5689075630252101,2.0126050420168067,0.0001805425332691361
0.5764705882352942,2.0126050420168067,0.00018152494687563025
0.5840336134453782,2.0126050420168067,0.00018250736048212434
0.5915966386554622,2.0126050420168067,0.00018348977408861849
0.5991596638655462,2.0126050420168067,0.00018447218769511263
0.6067226890756302,2.0126050420168067,0.00018511718374042353
0.6142857142857142,2.0126050420168067,0.00018572000259058652
0.6218487394957983,2.0126050420168067,0.0001863228214407496
0.6294117647058823,2.0126050420168067,0.0001869256402909126
0.6369747899159663,2.0126050420168067,0.00018752845914107562
0.6445378151260504,2.0126050420168067,0.00018816931580010337
0.6521008403361345,2.0126050420168067,0.00018911447493004876
0.6596638655462185,2.0126050420168067,0.00019005963405999412
0.6672268907563025,2.0126050420168067,0.0001910047931899395
0.6747899159663865,2.0126050420168067,0.00019194995231988486
0.6823529411764706,2.0126050420168067,0.00019289511144983024
0.6899159663865546,2.0126050420168067,0.00019384027057977563
0.6974789915966386,2.0126050420168067,0.000194785429709721
0.7050420168067226,2.0126050420168067,0.0001955378335499504
0.7126050420168067,2.0126050420168067,0.00019619385974532183
0.7201680672268908,2.0126050420168067,0.00019684988594069328
0.7277310924369748,2.0126050420168067,0.0001975059121360647
0.7352941176470588,2.0126050420168067,0.00019816193833143613
0.7428571428571429,2.0126050420168067,0.00019881796452680755
0.7504201680672269,2.0126050420168067,0.00019953476005991344
0.7579831932773109,2.0126050420168067,0.00020025915176023615
0.7655462184873949,2.0126050420168067,0.00020098354346055882
0.773109243697479,2.0126050420168067,0.0002017079351608815
0.780672268907563,2.0126050420168067,0.0002024323268612042
0.788235294117647,2.0126050420168067,0.0002031567185615269
0.795798319327731,2.0126050420168067,0.00020388111026184956
0.8033613445378152,2.0126050420168067,0.00020432581941244119
0.8109243697478992,2.0126050420168067,0.00020442092537586892
0.8184873949579832,2.0126050420168067,0.00020451603133929665
0.8260504201680672,2.0126050420168067,0.0002046111373027244
0.8336134453781512,2.0126050420168067,0.00020470624326615212
0.8411764705882353,2.0126050420168067,0.00020480134922957983
0.8487394957983193,2.0126050420168067,0.00020489645519300757
0.8563025210084033,2.0126050420168067,0.0002049915611564353
0.8638655462184873,2.0126050420168067,0.00020558014700402605
0.8714285714285714,2.0126050420168067,0.00020616873285161683
0.8789915966386554,2.0126050420168067,0.00020675731869920758
0.8865546218487395,2.0126050420168067,0.00020734590454679833
0.8941176470588235,2.0126050420168067,0.00020793449039438908
0.9016806722689076,2.0126050420168067,0.0002084699468386319
0.9092436974789916,2.0126050420168067,0.00020881945037115715
0.9168067226890756,2.0126050420168067,0.00020916895390368236
0.9243697478991596,2.0126050420168067,0.00020951845743620757
0.9319327731092437,2.0126050420168067,0.00020986796096873279
0.9394957983193277,2.0126050420168067,0.000210217464501258
0.9470588235294117,2.0126050420168067,0.0002107582127698
0.9546218487394957,2.0126050420168067,0.00021153801695836304
0.9621848739495799,2.0126050420168067,0.00021231782114692607
0.9697478991596639,2.0126050420168067,0.00021309762533548908
0.9773109243697479,2.0126050420168067,0.0002138774295240521
0.9848739495798319,2.0126050420168067,0.00021465723371261514
0.992436974789916,2.0126050420168067,0.00021543703790117814
1.0,2.0126050420168067,0.0002162168420897412
0.1,2.0294117647058822,5.39189508548962e-05
0.10756302521008404,2.0294117647058822,5.696239300627024e-05
0.11512605042016807,2.0294117647058822,6.000583515764428e-05
0.12268907563025211,2.0294117647058822,6.304927730901833e-05
0.13025210084033614,2.0294117647058822,6.609271946039238e-05
0.13781512605042018,2.0294117647058822,6.922418184568719e-05
0.1453781512605042,2.0294117647058822,7.253168469882356e-05
0.15294117647058825,2.0294117647058822,7.583918755195994e-05
0.16050420168067228,2.0294117647058822,7.914669040509632e-05
0.16806722689075632,2.0294117647058822,8.245419325823268e-05
0.17563025210084032,2.0294117647058822,8.576169611136905e-05
0.18319327731092439,2.0294117647058822,8.906919896450545e-05
0.1907563025210084,2.0294117647058822,9.23767018176418e-05
0.19831932773109245,2.0294117647058822,9.568420467077818e-05
0.20588235294117646,2.0294117647058822,9.806525493810293e-05
0.21344537815126052,2.0294117647058822,0.00010018160446662436
0.22100840336134453,2.0294117647058822,0.00010229795399514578
0.22857142857142856,2.0294117647058822,0.0001044143035236672
0.2361344537815126,2.0294117647058822,0.00010659335804195863
0.24369747899159663,2.0294117647058822,0.00010927405247841029
0.25126050420168067,2.0294117647058822,0.00011195474691486192
0.2588235294117647,2.0294117647058822,0.00011463544135131357
0.26638655462184874,2.0294117647058822,0.00011731613578776523
0.2739495798319328,2.0294117647058822,0.00011999683022421687
0.2815126050420168,2.0294117647058822,0.00012267752466066853
0.2890756302521008,2.0294117647058822,0.00012535821909712014
0.2966386554621849,2.0294117647058822,0.0001280389135335718
0.30420168067226894,2.0294117647058822,0.00013022864926470252
0.31176470588235294,2.0294117647058822,0.00013202561803157643
0.31932773109243695,2.0294117647058822,0.0001338225867984504
0.326890756302521,2.0294117647058822,0.00013561955556532434
0.3344537815126051,2.0294117647058822,0.0001374165243321983
0.3420168067226891,2.0294117647058822,0.00013921349309907225
0.3495798319327731,2.0294117647058822,0.00014101046186594618
0.3571428571428571,2.0294117647058822,0.00014280743063282015
0.3647058823529412,2.0294117647058822,0.00014460439939969412
0.3722689075630252,2.0294117647058822,0.00014635074634743276
0.3798319327731092,2.0294117647058822,0.00014809709329517142
0.38739495798319323,2.0294117647058822,0.00014984344024291006
0.39495798319327735,2.0294117647058822,0.00015158978719064873
0.40252100840336136,2.0294117647058822,0.00015317644124112354
0.41008403361344536,2.0294117647058822,0.00015444370949707056
0.41764705882352937,2.0294117647058822,0.00015571097775301764
0.4252100840336135,2.0294117647058822,0.00015697824600896472
0.4327731092436975,2.0294117647058822,0.00015824551426491174
0.4403361344537815,2.0294117647058822,0.0001595802554414924
0.4478991596638655,2.0294117647058822,0.00016094873307838988
0.4554621848739496,2.0294117647058822,0.0001623172107152874
0.46302521008403363,2.0294117647058822,0.00016368568835218488
0.47058823529411764,2.0294117647058822,0.00016505416598908235
0.47815126050420165,2.0294117647058822,0.00016642264362597982
0.48571428571428577,2.0294117647058822,0.00016779112126287732
0.49327731092436977,2.0294117647058822,0.00016915959889977477
0.5008403361344538,2.0294117647058822,0.0001705243079710672
0.5084033613445378,2.0294117647058822,0.00017185886851751932
0.5159663865546219,2.0294117647058822,0.00017319342906397143
0.5235294117647059,2.0294117647058822,0.00017452798961042353
0.5310924369747899,2.0294117647058822,0.00017586255015687564
0.5386554621848739,2.0294117647058822,0.00017719711070332772
0.546218487394958,2.0294117647058822,0.00017853167124977986
0.553781512605042,2.0294117647058822,0.0001798662317962319
0.561344537815126,2.0294117647058822,0.00018120079234268402
0.5689075630252101,2.0294117647058822,0.00018233971570027056
0.5764705882352942,2.0294117647058822,0.0001833221293067647
0.5840336134453782,2.0294117647058822,0.0001843045429132588
0.5915966386554622,2.0294117647058822,0.00018528695651975294
0.5991596638655462,2.0294117647058822,0.00018626937012624704
0.6067226890756302,2.0294117647058822,0.00018691436617155797
0.6142857142857142,2.0294117647058822,0.00018751718502172098
0.6218487394957983,2.0294117647058822,0.00018812000387188402
0.6294117647058823,2.0294117647058822,0.00018872282272204704
0.6369747899159663,2.0294117647058822,0.0001894017171899395
0.6445378151260504,2.0294117647058822,0.00019034687631988486
0.6521008403361345,2.0294117647058822,0.00019129203544983024
0.6596638655462185,2.0294117647058822,0.00019223719457977563
0.6672268907563025,2.0294117647058822,0.000193182353709721
0.6747899159663865,2.0294117647058822,0.00019412751283966637
0.6823529411764706,2.0294117647058822,0.00019507267196961175
0.6899159663865546,2.0294117647058822,0.00019601783109955714
0.6974789915966386,2.0294117647058822,0.00019696299022950252
0.7050420168067226,2.0294117647058822,0.0001977153940697319
0.7126050420168067,2.0294117647058822,0.00019837142026510335
0.7201680672268908,2.0294117647058822,0.0001990274464604748
0.7277310924369748,2.0294117647058822,0.00019968347265584622
0.7352941176470588,2.0294117647058822,0.0002003394988512176
0.7428571428571429,2.0294117647058822,0.00020106389055154033
0.7504201680672269,2.0294117647058822,0.00020178828225186302
0.7579831932773109,2.0294117647058822,0.00020251267395218571
0.7655462184873949,2.0294117647058822,0.00020323706565250838
0.773109243697479,2.0294117647058822,0.00020396145735283107
0.780672268907563,2.0294117647058822,0.0002046858490531538
0.788235294117647,2.0294117647058822,0.00020541024075347645
0.795798319327731,2.0294117647058822,0.00020613463245379912
0.8033613445378152,2.0294117647058822,0.00020657934160439075
0.8109243697478992,2.0294117647058822,0.00020667444756781848
0.8184873949579832,2.0294117647058822,0.00020676955353124621
0.8260504201680672,2.0294117647058822,0.00020686465949467392
0.8336134453781512,2.0294117647058822,0.00020695976545810168
0.8411764705882353,2.0294117647058822,0.00020705487142152942
0.8487394957983193,2.0294117647058822,0.00020714997738495715
0.8563025210084033,2.0294117647058822,0.00020724508334838486
0.8638655462184873,2.0294117647058822,0.0002073401893118126
0.8714285714285714,2.0294117647058822,0.00020787394406116303
0.8789915966386554,2.0294117647058822,0.00020846252990875378
0.8865546218487395,2.0294117647058822,0.00020905111575634453
0.8941176470588235,2.0294117647058822,0.00020963970160393526
0.9016806722689076,2.0294117647058822,0.00021017515804817814
0.9092436974789916,2.0294117647058822,0.00021052466158070335
0.9168067226890756,2.0294117647058822,0.0002108741651132286
0.9243697478991596,2.0294117647058822,0.0002112236686457538
0.9319327731092437,2.0294117647058822,0.000211573172178279
0.9394957983193277,2.0294117647058822,0.0002121617316308252
0.9470588235294117,2.0294117647058822,0.00021294153581938823
0.9546218487394957,2.0294117647058822,0.00021372134000795126
0.9621848739495799,2.0294117647058822,0.0002145011441965143
0.9697478991596639,2.0294117647058822,0.0002152809483850773
0.9773109243697479,2.0294117647058822,0.00021606075257364033
0.9848739495798319,2.0294117647058822,0.00021684055676220336
0.992436974789916,2.0294117647058822,0.0002176203609507664
1.0,2.0294117647058822,0.0002184001651393294
0.1,2.046218487394958,5.423570689743481e-05
0.10756302521008404,2.046218487394958,5.727914904880885e-05
0.11512605042016807,2.046218487394958,6.0322591200182894e-05
0.12268907563025211,2.046218487394958,6.336603335155695e-05
0.13025210084033614,2.046218487394958,6.652683581482536e-05
0.13781512605042018,2.046218487394958,6.983433866796173e-05
0.1453781512605042,2.046218487394958,7.31418415210981e-05
0.15294117647058825,2.046218487394958,7.644934437423448e-05
0.16050420168067228,2.046218487394958,7.975684722737085e-05
0.16806722689075632,2.046218487394958,8.306435008050723e-05
0.17563025210084032,2.046218487394958,8.637185293364358e-05
0.18319327731092439,2.046218487394958,8.967935578677997e-05
0.1907563025210084,2.046218487394958,9.298685863991634e-05
0.19831932773109245,2.046218487394958,9.629436149305272e-05
0.20588235294117646,2.046218487394958,9.867541176037746e-05
0.21344537815126052,2.046218487394958,0.0001007917612888989
0.22100840336134453,2.046218487394958,0.00010290811081742032
0.22857142857142856,2.046218487394958,0.00010514987032548176
0.2361344537815126,2.046218487394958,0.0001078305647619334
0.24369747899159663,2.046218487394958,0.00011051125919838507
0.25126050420168067,2.046218487394958,0.0001131919536348367
0.2588235294117647,2.046218487394958,0.00011587264807128834
0.26638655462184874,2.046218487394958,0.00011855334250774001
0.2739495798319328,2.046218487394958,0.00012123403694419165
0.2815126050420168,2.046218487394958,0.00012391473138064328
0.2890756302521008,2.046218487394958,0.00012659542581709493
0.2966386554621849,2.046218487394958,0.0001292761202535466
0.30420168067226894,2.046218487394958,0.00013146585598467728
0.31176470588235294,2.046218487394958,0.00013326282475155122
0.31932773109243695,2.046218487394958,0.00013505979351842519
0.326890756302521,2.046218487394958,0.00013685676228529915
0.3344537815126051,2.046218487394958,0.0001386537310521731
0.3420168067226891,2.046218487394958,0.00014045069981904703
0.3495798319327731,2.046218487394958,0.000142247668585921
0.3571428571428571,2.046218487394958,0.0001440446373527949
0.3647058823529412,2.046218487394958,0.00014584160611966888
0.3722689075630252,2.046218487394958,0.00014763857488654284
0.3798319327731092,2.046218487394958,0.00014939054648085206
0.38739495798319323,2.046218487394958,0.00015113689342859072
0.39495798319327735,2.046218487394958,0.0001528832403763294
0.40252100840336136,2.046218487394958,0.00015446989442680417
0.41008403361344536,2.046218487394958,0.00015573716268275123
0.41764705882352937,2.046218487394958,0.0001570044309386983
0.4252100840336135,2.046218487394958,0.00015827169919464535
0.4327731092436975,2.046218487394958,0.0001596176858579983
0.4403361344537815,2.046218487394958,0.00016098616349489577
0.4478991596638655,2.046218487394958,0.00016235464113179324
0.4554621848739496,2.046218487394958,0.00016372311876869074
0.46302521008403363,2.046218487394958,0.00016509159640558821
0.47058823529411764,2.046218487394958,0.00016646007404248569
0.47815126050420165,2.046218487394958,0.00016782855167938319
0.48571428571428577,2.046218487394958,0.00016919702931628066
0.49327731092436977,2.046218487394958,0.00017056550695317813
0.5008403361344538,2.046218487394958,0.00017193021602447057
0.5084033613445378,2.046218487394958,0.00017326477657092265
0.5159663865546219,2.046218487394958,0.0001745993371173748
0.5235294117647059,2.046218487394958,0.00017593389766382687
0.5310924369747899,2.046218487394958,0.00017726845821027898
0.5386554621848739,2.046218487394958,0.00017860301875673106
0.546218487394958,2.046218487394958,0.0001799375793031832
0.553781512605042,2.046218487394958,0.0001812721398496353
0.561344537815126,2.046218487394958,0.00018260670039608738
0.5689075630252101,2.046218487394958,0.0001839412609425395
0.5764705882352942,2.046218487394958,0.00018511931173789914
0.5840336134453782,2.046218487394958,0.00018610172534439326
0.5915966386554622,2.046218487394958,0.00018708413895088738
0.5991596638655462,2.046218487394958,0.0001880665525573815
0.6067226890756302,2.046218487394958,0.00018871154860269242
0.6142857142857142,2.046218487394958,0.00018931436745285544
0.6218487394957983,2.046218487394958,0.00018991718630301845
0.6294117647058823,2.046218487394958,0.00019063411857977563
0.6369747899159663,2.046218487394958,0.00019157927770972099
0.6445378151260504,2.046218487394958,0.00019252443683966637
0.6521008403361345,2.046218487394958,0.00019346959596961176
0.6596638655462185,2.046218487394958,0.0001944147550995571
0.6672268907563025,2.046218487394958,0.0001953599142295025
0.6747899159663865,2.046218487394958,0.00019630507335944788
0.6823529411764706,2.046218487394958,0.00019725023248939327
0.6899159663865546,2.046218487394958,0.00019819539161933862
0.6974789915966386,2.046218487394958,0.000199140550749284
0.7050420168067226,2.046218487394958,0.0001998929545895134
0.7126050420168067,2.046218487394958,0.00020054898078488486
0.7201680672268908,2.046218487394958,0.00020120500698025628
0.7277310924369748,2.046218487394958,0.0002018686293428445
0.7352941176470588,2.046218487394958,0.0002025930210431672
0.7428571428571429,2.046218487394958,0.0002033174127434899
0.7504201680672269,2.046218487394958,0.00020404180444381258
0.7579831932773109,2.046218487394958,0.00020476619614413527
0.7655462184873949,2.046218487394958,0.00020549058784445797
0.773109243697479,2.046218487394958,0.00020621497954478066
0.780672268907563,2.046218487394958,0.00020693937124510335
0.788235294117647,2.046218487394958,0.00020766376294542601
0.795798319327731,2.046218487394958,0.0002083881546457487
0.8033613445378152,2.046218487394958,0.00020883286379634033
0.8109243697478992,2.046218487394958,0.00020892796975976804
0.8184873949579832,2.046218487394958,0.00020902307572319577
0.8260504201680672,2.046218487394958,0.0002091181816866235
0.8336134453781512,2.046218487394958,0.00020921328765005124
0.8411764705882353,2.046218487394958,0.00020930839361347895
0.8487394957983193,2.046218487394958,0.0002094034995769067
0.8563025210084033,2.046218487394958,0.00020949860554033442
0.8638655462184873,2.046218487394958,0.00020959371150376218
0.8714285714285714,2.046218487394958,0.0002096888174671899
0.8789915966386554,2.046218487394958,0.0002101677411183
0.8865546218487395,2.046218487394958,0.00021075632696589076
0.8941176470588235,2.046218487394958,0.0002113449128134815
0.9016806722689076,2.046218487394958,0.00021188036925772437
0.9092436974789916,2.046218487394958,0.00021222987279024958
0.9168067226890756,2.046218487394958,0.00021257937632277477
0.9243697478991596,2.046218487394958,0.00021292887985529998
0.9319327731092437,2.046218487394958,0.0002135652504918504
0.9394957983193277,2.046218487394958,0.00021434505468041344
0.9470588235294117,2.046218487394958,0.00021512485886897645
0.9546218487394957,2.046218487394958,0.00021590466305753948
0.9621848739495799,2.046218487394958,0.00021668446724610251
0.9697478991596639,2.046218487394958,0.00021746427143466555
0.9773109243697479,2.046218487394958,0.00021824407562322858
0.9848739495798319,2.046218487394958,0.00021902387981179158
0.992436974789916,2.046218487394958,0.00021980368400035462
1.0,2.046218487394958,0.00022058348818891762
0.1,2.0630252100840334,5.455246293997343e-05
0.10756302521008404,2.0630252100840334,5.759590509134747e-05
0.11512605042016807,2.0630252100840334,6.063934724272151e-05
0.12268907563025211,2.0630252100840334,6.382948978396352e-05
0.13025210084033614,2.0630252100840334,6.713699263709988e-05
0.13781512605042018,2.0630252100840334,7.044449549023626e-05
0.1453781512605042,2.0630252100840334,7.375199834337263e-05
0.15294117647058825,2.0630252100840334,7.705950119650903e-05
0.16050420168067228,2.0630252100840334,8.03670040496454e-05
0.16806722689075632,2.0630252100840334,8.367450690278175e-05
0.17563025210084032,2.0630252100840334,8.698200975591812e-05
0.18319327731092439,2.0630252100840334,9.02895126090545e-05
0.1907563025210084,2.0630252100840334,9.359701546219087e-05
0.19831932773109245,2.0630252100840334,9.690451831532726e-05
0.20588235294117646,2.0630252100840334,9.9285568582652e-05
0.21344537815126052,2.0630252100840334,0.00010140191811117342
0.22100840336134453,2.0630252100840334,0.00010370638260900492
0.22857142857142856,2.0630252100840334,0.00010638707704545655
0.2361344537815126,2.0630252100840334,0.00010906777148190819
0.24369747899159663,2.0630252100840334,0.00011174846591835986
0.25126050420168067,2.0630252100840334,0.00011442916035481149
0.2588235294117647,2.0630252100840334,0.00011710985479126313
0.26638655462184874,2.0630252100840334,0.0001197905492277148
0.2739495798319328,2.0630252100840334,0.00012247124366416645
0.2815126050420168,2.0630252100840334,0.00012515193810061807
0.2890756302521008,2.0630252100840334,0.0001278326325370697
0.2966386554621849,2.0630252100840334,0.00013051332697352138
0.30420168067226894,2.0630252100840334,0.0001327030627046521
0.31176470588235294,2.0630252100840334,0.00013450003147152603
0.31932773109243695,2.0630252100840334,0.00013629700023839997
0.326890756302521,2.0630252100840334,0.0001380939690052739
0.3344537815126051,2.0630252100840334,0.00013989093777214788
0.3420168067226891,2.0630252100840334,0.00014168790653902182
0.3495798319327731,2.0630252100840334,0.00014348487530589575
0.3571428571428571,2.0630252100840334,0.00014528184407276972
0.3647058823529412,2.0630252100840334,0.0001470788128396437
0.3722689075630252,2.0630252100840334,0.00014887578160651763
0.3798319327731092,2.0630252100840334,0.00015067275037339157
0.38739495798319323,2.0630252100840334,0.00015243034661427139
0.39495798319327735,2.0630252100840334,0.00015417669356201005
0.40252100840336136,2.0630252100840334,0.00015576334761248486
0.41008403361344536,2.0630252100840334,0.0001570306158684319
0.41764705882352937,2.0630252100840334,0.00015829788412437897
0.4252100840336135,2.0630252100840334,0.0001596551162745042
0.4327731092436975,2.0630252100840334,0.00016102359391140166
0.4403361344537815,2.0630252100840334,0.00016239207154829916
0.4478991596638655,2.0630252100840334,0.00016376054918519663
0.4554621848739496,2.0630252100840334,0.00016512902682209408
0.46302521008403363,2.0630252100840334,0.00016649750445899158
0.47058823529411764,2.0630252100840334,0.00016786598209588902
0.47815126050420165,2.0630252100840334,0.00016923445973278655
0.48571428571428577,2.0630252100840334,0.00017060293736968402
0.49327731092436977,2.0630252100840334,0.0001719714150065815
0.5008403361344538,2.0630252100840334,0.00017333612407787393
0.5084033613445378,2.0630252100840334,0.00017467068462432601
0.5159663865546219,2.0630252100840334,0.00017600524517077815
0.5235294117647059,2.0630252100840334,0.00017733980571723026
0.5310924369747899,2.0630252100840334,0.00017867436626368234
0.5386554621848739,2.0630252100840334,0.00018000892681013445
0.546218487394958,2.0630252100840334,0.00018134348735658655
0.553781512605042,2.0630252100840334,0.00018267804790303863
0.561344537815126,2.0630252100840334,0.00018401260844949071
0.5689075630252101,2.0630252100840334,0.00018534716899594282
0.5764705882352942,2.0630252100840334,0.00018668172954239493
0.5840336134453782,2.0630252100840334,0.0001878989077755277
0.5915966386554622,2.0630252100840334,0.00018888132138202183
0.5991596638655462,2.0630252100840334,0.00018986373498851595
0.6067226890756302,2.0630252100840334,0.00019050873103382686
0.6142857142857142,2.0630252100840334,0.00019111154988398987
0.6218487394957983,2.0630252100840334,0.00019186651996961176
0.6294117647058823,2.0630252100840334,0.00019281167909955711
0.6369747899159663,2.0630252100840334,0.0001937568382295025
0.6445378151260504,2.0630252100840334,0.00019470199735944788
0.6521008403361345,2.0630252100840334,0.00019564715648939327
0.6596638655462185,2.0630252100840334,0.00019659231561933862
0.6672268907563025,2.0630252100840334,0.000197537474749284
0.6747899159663865,2.0630252100840334,0.00019848263387922937
0.6823529411764706,2.0630252100840334,0.00019942779300917478
0.6899159663865546,2.0630252100840334,0.00020037295213912014
0.6974789915966386,2.0630252100840334,0.0002013181112690655
0.7050420168067226,2.0630252100840334,0.00020207051510929492
0.7126050420168067,2.0630252100840334,0.00020272654130466634
0.7201680672268908,2.0630252100840334,0.0002033977598344714
0.7277310924369748,2.0630252100840334,0.0002041221515347941
0.7352941176470588,2.0630252100840334,0.00020484654323511679
0.7428571428571429,2.0630252100840334,0.00020557093493543945
0.7504201680672269,2.0630252100840334,0.00020629532663576214
0.7579831932773109,2.0630252100840334,0.00020701971833608486
0.7655462184873949,2.0630252100840334,0.00020774411003640753
0.773109243697479,2.0630252100840334,0.00020846850173673024
0.780672268907563,2.0630252100840334,0.00020919289343705294
0.788235294117647,2.0630252100840334,0.00020991728513737557
0.795798319327731,2.0630252100840334,0.0002106416768376983
0.8033613445378152,2.0630252100840334,0.0002110863859882899
0.8109243697478992,2.0630252100840334,0.00021118149195171763
0.8184873949579832,2.0630252100840334,0.00021127659791514536
0.8260504201680672,2.0630252100840334,0.0002113717038785731
0.8336134453781512,2.0630252100840334,0.00021146680984200083
0.8411764705882353,2.0630252100840334,0.00021156191580542856
0.8487394957983193,2.0630252100840334,0.0002116570217688563
0.8563025210084033,2.0630252100840334,0.00021175212773228403
0.8638655462184873,2.0630252100840334,0.00021184723369571174
0.8714285714285714,2.0630252100840334,0.00021194233965913948
0.8789915966386554,2.0630252100840334,0.0002120374456225672
0.8865546218487395,2.0630252100840334,0.00021246153817543697
0.8941176470588235,2.0630252100840334,0.0002130501240230277
0.9016806722689076,2.0630252100840334,0.00021358558046727057
0.9092436974789916,2.0630252100840334,0.00021393508399979576
0.9168067226890756,2.0630252100840334,0.000214284587532321
0.9243697478991596,2.0630252100840334,0.00021496876935287558
0.9319327731092437,2.0630252100840334,0.00021574857354143863
0.9394957983193277,2.0630252100840334,0.00021652837773000164
0.9470588235294117,2.0630252100840334,0.00021730818191856467
0.9546218487394957,2.0630252100840334,0.00021808798610712773
0.9621848739495799,2.0630252100840334,0.00021886779029569074
0.9697478991596639,2.0630252100840334,0.0002196475944842538
0.9773109243697479,2.0630252100840334,0.0002204273986728168
0.9848739495798319,2.0630252100840334,0.00022120720286137983
0.992436974789916,2.0630252100840334,0.00022198700704994284
1.0,2.0630252100840334,0.00022276681123850587
0.1,2.079831932773109,5.486921898251204e-05
0.10756302521008404,2.079831932773109,5.791266113388608e-05
0.11512605042016807,2.079831932773109,6.113214375310168e-05
0.12268907563025211,2.079831932773109,6.443964660623805e-05
0.13025210084033614,2.079831932773109,6.774714945937443e-05
0.13781512605042018,2.079831932773109,7.10546523125108e-05
0.1453781512605042,2.079831932773109,7.436215516564717e-05
0.15294117647058825,2.079831932773109,7.766965801878355e-05
0.16050420168067228,2.079831932773109,8.097716087191993e-05
0.16806722689075632,2.079831932773109,8.42846637250563e-05
0.17563025210084032,2.079831932773109,8.759216657819267e-05
0.18319327731092439,2.079831932773109,9.089966943132904e-05
0.1907563025210084,2.079831932773109,9.420717228446541e-05
0.19831932773109245,2.079831932773109,9.75146751376018e-05
0.20588235294117646,2.079831932773109,9.989572540492653e-05
0.21344537815126052,2.079831932773109,0.00010226289489252806
0.22100840336134453,2.079831932773109,0.0001049435893289797
0.22857142857142856,2.079831932773109,0.00010762428376543134
0.2361344537815126,2.079831932773109,0.00011030497820188299
0.24369747899159663,2.079831932773109,0.00011298567263833464
0.25126050420168067,2.079831932773109,0.00011566636707478627
0.2588235294117647,2.079831932773109,0.00011834706151123791
0.26638655462184874,2.079831932773109,0.00012102775594768958
0.2739495798319328,2.079831932773109,0.0001237084503841412
0.2815126050420168,2.079831932773109,0.00012638914482059285
0.2890756302521008,2.079831932773109,0.0001290698392570445
0.2966386554621849,2.079831932773109,0.00013175053369349617
0.30420168067226894,2.079831932773109,0.00013394026942462688
0.31176470588235294,2.079831932773109,0.0001357372381915008
0.31932773109243695,2.079831932773109,0.00013753420695837476
0.326890756302521,2.079831932773109,0.0001393311757252487
0.3344537815126051,2.079831932773109,0.00014112814449212266
0.3420168067226891,2.079831932773109,0.0001429251132589966
0.3495798319327731,2.079831932773109,0.00014472208202587057
0.3571428571428571,2.079831932773109,0.00014651905079274448
0.3647058823529412,2.079831932773109,0.00014831601955961847
0.3722689075630252,2.079831932773109,0.0001501129883264924
0.3798319327731092,2.079831932773109,0.00015190995709336635
0.38739495798319323,2.079831932773109,0.0001537069258602403
0.39495798319327735,2.079831932773109,0.00015547014674769071
0.40252100840336136,2.079831932773109,0.0001570568007981655
0.41008403361344536,2.079831932773109,0.00015832406905411258
0.41764705882352937,2.079831932773109,0.00015969254669101005
0.4252100840336135,2.079831932773109,0.00016106102432790755
0.4327731092436975,2.079831932773109,0.000162429501964805
0.4403361344537815,2.079831932773109,0.0001637979796017025
0.4478991596638655,2.079831932773109,0.00016516645723859997
0.4554621848739496,2.079831932773109,0.00016653493487549747
0.46302521008403363,2.079831932773109,0.00016790341251239494
0.47058823529411764,2.079831932773109,0.00016927189014929238
0.47815126050420165,2.079831932773109,0.00017064036778618988
0.48571428571428577,2.079831932773109,0.00017200884542308738
0.49327731092436977,2.079831932773109,0.00017337732305998485
0.5008403361344538,2.079831932773109,0.0001747420321312773
0.5084033613445378,2.079831932773109,0.00017607659267772938
0.5159663865546219,2.079831932773109,0.0001774111532241815
0.5235294117647059,2.079831932773109,0.0001787457137706336
0.5310924369747899,2.079831932773109,0.00018008027431708567
0.5386554621848739,2.079831932773109,0.00018141483486353778
0.546218487394958,2.079831932773109,0.00018274939540998992
0.553781512605042,2.079831932773109,0.000184083955956442
0.561344537815126,2.079831932773109,0.0001854185165028941
0.5689075630252101,2.079831932773109,0.00018675307704934618
0.5764705882352942,2.079831932773109,0.0001880876375957983
0.5840336134453782,2.079831932773109,0.00018942219814225043
0.5915966386554622,2.079831932773109,0.0001906785038131563
0.5991596638655462,2.079831932773109,0.00019166091741965038
0.6067226890756302,2.079831932773109,0.00019230591346496131
0.6142857142857142,2.079831932773109,0.00019309892135944786
0.6218487394957983,2.079831932773109,0.00019404408048939324
0.6294117647058823,2.079831932773109,0.00019498923961933863
0.6369747899159663,2.079831932773109,0.000195934398749284
0.6445378151260504,2.079831932773109,0.00019687955787922937
0.6521008403361345,2.079831932773109,0.00019782471700917475
0.6596638655462185,2.079831932773109,0.00019876987613912014
0.6672268907563025,2.079831932773109,0.0001997150352690655
0.6747899159663865,2.079831932773109,0.00020066019439901085
0.6823529411764706,2.079831932773109,0.00020160535352895626
0.6899159663865546,2.079831932773109,0.00020255051265890165
0.6974789915966386,2.079831932773109,0.00020349567178884703
0.7050420168067226,2.079831932773109,0.0002042480756290764
0.7126050420168067,2.079831932773109,0.00020492689032609827
0.7201680672268908,2.079831932773109,0.00020565128202642093
0.7277310924369748,2.079831932773109,0.00020637567372674363
0.7352941176470588,2.079831932773109,0.00020710006542706632
0.7428571428571429,2.079831932773109,0.00020782445712738904
0.7504201680672269,2.079831932773109,0.00020854884882771173
0.7579831932773109,2.079831932773109,0.00020927324052803442
0.7655462184873949,2.079831932773109,0.0002099976322283571
0.773109243697479,2.079831932773109,0.0002107220239286798
0.780672268907563,2.079831932773109,0.0002114464156290025
0.788235294117647,2.079831932773109,0.00021217080732932516
0.795798319327731,2.079831932773109,0.00021289519902964785
0.8033613445378152,2.079831932773109,0.00021333990818023948
0.8109243697478992,2.079831932773109,0.00021343501414366719
0.8184873949579832,2.079831932773109,0.00021353012010709492
0.8260504201680672,2.079831932773109,0.00021362522607052266
0.8336134453781512,2.079831932773109,0.00021372033203395036
0.8411764705882353,2.079831932773109,0.00021381543799737812
0.8487394957983193,2.079831932773109,0.00021391054396080586
0.8563025210084033,2.079831932773109,0.00021400564992423357
0.8638655462184873,2.079831932773109,0.0002141007558876613
0.8714285714285714,2.079831932773109,0.00021419586185108906
0.8789915966386554,2.079831932773109,0.00021429096781451677
0.8865546218487395,2.079831932773109,0.0002143860737779445
0.8941176470588235,2.079831932773109,0.00021475533523257392
0.9016806722689076,2.079831932773109,0.00021529079167681677
0.9092436974789916,2.079831932773109,0.00021564029520934199
0.9168067226890756,2.079831932773109,0.0002163722882139008
0.9243697478991596,2.079831932773109,0.0002171520924024638
0.9319327731092437,2.079831932773109,0.00021793189659102686
0.9394957983193277,2.079831932773109,0.00021871170077958986
0.9470588235294117,2.079831932773109,0.00021949150496815292
0.9546218487394957,2.079831932773109,0.00022027130915671595
0.9621848739495799,2.079831932773109,0.00022105111334527899
0.9697478991596639,2.079831932773109,0.000221830917533842
0.9773109243697479,2.079831932773109,0.00022261072172240502
0.9848739495798319,2.079831932773109,0.00022339052591096805
0.992436974789916,2.079831932773109,0.00022417033009953106
1.0,2.079831932773109,0.0002249501342880941
0.1,2.0966386554621845,5.5185975025050655e-05
0.10756302521008404,2.0966386554621845,5.843479772223984e-05
0.11512605042016807,2.0966386554621845,6.174230057537621e-05
0.12268907563025211,2.0966386554621845,6.50498034285126e-05
0.13025210084033614,2.0966386554621845,6.835730628164896e-05
0.13781512605042018,2.0966386554621845,7.166480913478533e-05
0.1453781512605042,2.0966386554621845,7.497231198792172e-05
0.15294117647058825,2.0966386554621845,7.827981484105809e-05
0.16050420168067228,2.0966386554621845,8.158731769419447e-05
0.16806722689075632,2.0966386554621845,8.489482054733084e-05
0.17563025210084032,2.0966386554621845,8.82023234004672e-05
0.18319327731092439,2.0966386554621845,9.150982625360359e-05
0.1907563025210084,2.0966386554621845,9.481732910673994e-05
0.19831932773109245,2.0966386554621845,9.812483195987634e-05
0.20588235294117646,2.0966386554621845,0.00010081940717605117
0.21344537815126052,2.0966386554621845,0.00010350010161250284
0.22100840336134453,2.0966386554621845,0.00010618079604895449
0.22857142857142856,2.0966386554621845,0.00010886149048540612
0.2361344537815126,2.0966386554621845,0.00011154218492185777
0.24369747899159663,2.0966386554621845,0.00011422287935830941
0.25126050420168067,2.0966386554621845,0.00011690357379476106
0.2588235294117647,2.0966386554621845,0.00011958426823121268
0.26638655462184874,2.0966386554621845,0.00012226496266766435
0.2739495798319328,2.0966386554621845,0.000124945657104116
0.2815126050420168,2.0966386554621845,0.00012762635154056764
0.2890756302521008,2.0966386554621845,0.00013030704597701928
0.2966386554621849,2.0966386554621845,0.00013298774041347092
0.30420168067226894,2.0966386554621845,0.00013517747614460164
0.31176470588235294,2.0966386554621845,0.00013697444491147557
0.31932773109243695,2.0966386554621845,0.00013877141367834954
0.326890756302521,2.0966386554621845,0.00014056838244522348
0.3344537815126051,2.0966386554621845,0.00014236535121209745
0.3420168067226891,2.0966386554621845,0.00014416231997897139
0.3495798319327731,2.0966386554621845,0.00014595928874584532
0.3571428571428571,2.0966386554621845,0.00014775625751271926
0.3647058823529412,2.0966386554621845,0.00014955322627959323
0.3722689075630252,2.0966386554621845,0.00015135019504646717
0.3798319327731092,2.0966386554621845,0.0001531471638133411
0.38739495798319323,2.0966386554621845,0.00015494413258021508
0.39495798319327735,2.0966386554621845,0.00015674110134708904
0.40252100840336136,2.0966386554621845,0.00015836149947061844
0.41008403361344536,2.0966386554621845,0.0001597299771075159
0.41764705882352937,2.0966386554621845,0.00016109845474441338
0.4252100840336135,2.0966386554621845,0.00016246693238131088
0.4327731092436975,2.0966386554621845,0.00016383541001820836
0.4403361344537815,2.0966386554621845,0.00016520388765510583
0.4478991596638655,2.0966386554621845,0.0001665723652920033
0.4554621848739496,2.0966386554621845,0.0001679408429289008
0.46302521008403363,2.0966386554621845,0.00016930932056579827
0.47058823529411764,2.0966386554621845,0.00017067779820269575
0.47815126050420165,2.0966386554621845,0.00017204627583959322
0.48571428571428577,2.0966386554621845,0.00017341475347649072
0.49327731092436977,2.0966386554621845,0.0001747832311133882
0.5008403361344538,2.0966386554621845,0.00017614794018468063
0.5084033613445378,2.0966386554621845,0.0001774825007311327
0.5159663865546219,2.0966386554621845,0.00017881706127758485
0.5235294117647059,2.0966386554621845,0.00018015162182403693
0.5310924369747899,2.0966386554621845,0.00018148618237048903
0.5386554621848739,2.0966386554621845,0.00018282074291694114
0.546218487394958,2.0966386554621845,0.00018415530346339325
0.553781512605042,2.0966386554621845,0.00018548986400984533
0.561344537815126,2.0966386554621845,0.00018682442455629744
0.5689075630252101,2.0966386554621845,0.00018815898510274955
0.5764705882352942,2.0966386554621845,0.00018949354564920165
0.5840336134453782,2.0966386554621845,0.00019082810619565376
0.5915966386554622,2.0966386554621845,0.00019216266674210584
0.5991596638655462,2.0966386554621845,0.00019345809985078482
0.6067226890756302,2.0966386554621845,0.00019433132274928398
0.6142857142857142,2.0966386554621845,0.00019527648187922937
0.6218487394957983,2.0966386554621845,0.00019622164100917475
0.6294117647058823,2.0966386554621845,0.0001971668001391201
0.6369747899159663,2.0966386554621845,0.0001981119592690655
0.6445378151260504,2.0966386554621845,0.00019905711839901088
0.6521008403361345,2.0966386554621845,0.00020000227752895626
0.6596638655462185,2.0966386554621845,0.00020094743665890162
0.6672268907563025,2.0966386554621845,0.00020189259578884703
0.6747899159663865,2.0966386554621845,0.0002028377549187924
0.6823529411764706,2.0966386554621845,0.00020378291404873778
0.6899159663865546,2.0966386554621845,0.00020472807317868313
0.6974789915966386,2.0966386554621845,0.00020567323230862852
0.7050420168067226,2.0966386554621845,0.00020645602081772516
0.7126050420168067,2.0966386554621845,0.00020718041251804783
0.7201680672268908,2.0966386554621845,0.00020790480421837052
0.7277310924369748,2.0966386554621845,0.0002086291959186932
0.7352941176470588,2.0966386554621845,0.0002093535876190159
0.7428571428571429,2.0966386554621845,0.0002100779793193386
0.7504201680672269,2.0966386554621845,0.0002108023710196613
0.7579831932773109,2.0966386554621845,0.00021152676271998398
0.7655462184873949,2.0966386554621845,0.00021225115442030667
0.773109243697479,2.0966386554621845,0.00021297554612062936
0.780672268907563,2.0966386554621845,0.00021369993782095206
0.788235294117647,2.0966386554621845,0.00021442432952127472
0.795798319327731,2.0966386554621845,0.0002151487212215974
0.8033613445378152,2.0966386554621845,0.00021559343037218904
0.8109243697478992,2.0966386554621845,0.00021568853633561675
0.8184873949579832,2.0966386554621845,0.00021578364229904448
0.8260504201680672,2.0966386554621845,0.00021587874826247224
0.8336134453781512,2.0966386554621845,0.00021597385422589995
0.8411764705882353,2.0966386554621845,0.00021606896018932768
0.8487394957983193,2.0966386554621845,0.00021616406615275542
0.8563025210084033,2.0966386554621845,0.00021625917211618315
0.8638655462184873,2.0966386554621845,0.0002163542780796109
0.8714285714285714,2.0966386554621845,0.0002164493840430386
0.8789915966386554,2.0966386554621845,0.00021654449000646633
0.8865546218487395,2.0966386554621845,0.0002166395959698941
0.8941176470588235,2.0966386554621845,0.0002167347019333218
0.9016806722689076,2.0966386554621845,0.00021699600288636298
0.9092436974789916,2.0966386554621845,0.000217775807074926
0.9168067226890756,2.0966386554621845,0.00021855561126348901
0.9243697478991596,2.0966386554621845,0.00021933541545205202
0.9319327731092437,2.0966386554621845,0.00022011521964061508
0.9394957983193277,2.0966386554621845,0.00022089502382917808
0.9470588235294117,2.0966386554621845,0.00022167482801774114
0.9546218487394957,2.0966386554621845,0.00022245463220630418
0.9621848739495799,2.0966386554621845,0.00022323443639486718
0.9697478991596639,2.0966386554621845,0.0002240142405834302
0.9773109243697479,2.0966386554621845,0.00022479404477199324
0.9848739495798319,2.0966386554621845,0.00022557384896055625
0.992436974789916,2.0966386554621845,0.00022635365314911928
1.0,2.0966386554621845,0.00022713345733768231
0.1,2.1134453781512605,5.551588407275478e-05
0.10756302521008404,2.1134453781512605,5.918107069663347e-05
0.11512605042016807,2.1134453781512605,6.248857354976985e-05
0.12268907563025211,2.1134453781512605,6.579607640290624e-05
0.13025210084033614,2.1134453781512605,6.91035792560426e-05
0.13781512605042018,2.1134453781512605,7.241108210917898e-05
0.1453781512605042,2.1134453781512605,7.571858496231536e-05
0.15294117647058825,2.1134453781512605,7.902608781545173e-05
0.16050420168067228,2.1134453781512605,8.233359066858811e-05
0.16806722689075632,2.1134453781512605,8.564109352172448e-05
0.17563025210084032,2.1134453781512605,8.894859637486085e-05
0.18319327731092439,2.1134453781512605,9.225609922799723e-05
0.1907563025210084,2.1134453781512605,9.55636020811336e-05
0.19831932773109245,2.1134453781512605,9.887110493426998e-05
0.20588235294117646,2.1134453781512605,0.00010195223485190615
0.21344537815126052,2.1134453781512605,0.0001046702356772037
0.22100840336134453,2.1134453781512605,0.00010735093011365535
0.22857142857142856,2.1134453781512605,0.00011003162455010699
0.2361344537815126,2.1134453781512605,0.00011271231898655864
0.24369747899159663,2.1134453781512605,0.00011539301342301029
0.25126050420168067,2.1134453781512605,0.00011807370785946193
0.2588235294117647,2.1134453781512605,0.00012075440229591357
0.26638655462184874,2.1134453781512605,0.00012343509673236523
0.2739495798319328,2.1134453781512605,0.0001261157911688169
0.2815126050420168,2.1134453781512605,0.0001287964856052685
0.2890756302521008,2.1134453781512605,0.00013147718004172015
0.2966386554621849,2.1134453781512605,0.0001341578744781718
0.30420168067226894,2.1134453781512605,0.0001363476102093025
0.31176470588235294,2.1134453781512605,0.00013814457897617645
0.31932773109243695,2.1134453781512605,0.00013994154774305041
0.326890756302521,2.1134453781512605,0.00014173851650992435
0.3344537815126051,2.1134453781512605,0.00014353548527679832
0.3420168067226891,2.1134453781512605,0.00014533245404367226
0.3495798319327731,2.1134453781512605,0.0001471294228105462
0.3571428571428571,2.1134453781512605,0.00014892639157742014
0.3647058823529412,2.1134453781512605,0.0001507233603442941
0.3722689075630252,2.1134453781512605,0.00015252032911116807
0.3798319327731092,2.1134453781512605,0.000154317297878042
0.38739495798319323,2.1134453781512605,0.00015611426664491595
0.39495798319327735,2.1134453781512605,0.0001579640764097042
0.40252100840336136,2.1134453781512605,0.00015982976003875462
0.41008403361344536,2.1134453781512605,0.00016128660808413948
0.41764705882352937,2.1134453781512605,0.00016265508572103695
0.4252100840336135,2.1134453781512605,0.00016402356335793445
0.4327731092436975,2.1134453781512605,0.00016539204099483192
0.4403361344537815,2.1134453781512605,0.0001667605186317294
0.4478991596638655,2.1134453781512605,0.00016812899626862687
0.4554621848739496,2.1134453781512605,0.00016949747390552437
0.46302521008403363,2.1134453781512605,0.00017086595154242184
0.47058823529411764,2.1134453781512605,0.0001722344291793193
0.47815126050420165,2.1134453781512605,0.00017360290681621678
0.48571428571428577,2.1134453781512605,0.00017497138445311428
0.49327731092436977,2.1134453781512605,0.00017633986209001176
0.5008403361344538,2.1134453781512605,0.0001777045711613042
0.5084033613445378,2.1134453781512605,0.00017903913170775628
0.5159663865546219,2.1134453781512605,0.0001803736922542084
0.5235294117647059,2.1134453781512605,0.0001817082528006605
0.5310924369747899,2.1134453781512605,0.0001830428133471126
0.5386554621848739,2.1134453781512605,0.0001843773738935647
0.546218487394958,2.1134453781512605,0.00018571193444001682
0.553781512605042,2.1134453781512605,0.0001870464949864689
0.561344537815126,2.1134453781512605,0.000188381055532921
0.5689075630252101,2.1134453781512605,0.00018971561607937309
0.5764705882352942,2.1134453781512605,0.0001910501766258252
0.5840336134453782,2.1134453781512605,0.00019238473717227733
0.5915966386554622,2.1134453781512605,0.0001937192977187294
0.5991596638655462,2.1134453781512605,0.0001951460734351815
0.6067226890756302,2.1134453781512605,0.00019633496198150926
0.6142857142857142,2.1134453781512605,0.00019728012111145461
0.6218487394957983,2.1134453781512605,0.0001982252802414
0.6294117647058823,2.1134453781512605,0.00019917043937134536
0.6369747899159663,2.1134453781512605,0.00020011559850129074
0.6445378151260504,2.1134453781512605,0.00020106075763123613
0.6521008403361345,2.1134453781512605,0.0002020059167611815
0.6596638655462185,2.1134453781512605,0.00020295107589112687
0.6672268907563025,2.1134453781512605,0.00020389623502107225
0.6747899159663865,2.1134453781512605,0.00020484139415101764
0.6823529411764706,2.1134453781512605,0.00020578655328096302
0.6899159663865546,2.1134453781512605,0.0002067317124109084
0.6974789915966386,2.1134453781512605,0.00020767687154085376
0.7050420168067226,2.1134453781512605,0.00020847485238438402
0.7126050420168067,2.1134453781512605,0.0002091992440847067
0.7201680672268908,2.1134453781512605,0.0002099236357850294
0.7277310924369748,2.1134453781512605,0.0002106480274853521
0.7352941176470588,2.1134453781512605,0.0002113724191856748
0.7428571428571429,2.1134453781512605,0.00021209681088599748
0.7504201680672269,2.1134453781512605,0.00021282120258632017
0.7579831932773109,2.1134453781512605,0.00021354559428664286
0.7655462184873949,2.1134453781512605,0.00021426998598696555
0.773109243697479,2.1134453781512605,0.00021499437768728825
0.780672268907563,2.1134453781512605,0.0002157187693876109
0.788235294117647,2.1134453781512605,0.0002164431610879336
0.795798319327731,2.1134453781512605,0.00021717346017634788
0.8033613445378152,2.1134453781512605,0.00021762801497375882
0.8109243697478992,2.1134453781512605,0.00021772312093718655
0.8184873949579832,2.1134453781512605,0.00021781822690061429
0.8260504201680672,2.1134453781512605,0.00021791333286404202
0.8336134453781512,2.1134453781512605,0.00021800843882746975
0.8411764705882353,2.1134453781512605,0.0002181035447908975
0.8487394957983193,2.1134453781512605,0.0002181986507543252
0.8563025210084033,2.1134453781512605,0.00021829375671775293
0.8638655462184873,2.1134453781512605,0.00021838886268118067
0.8714285714285714,2.1134453781512605,0.0002184839686446084
0.8789915966386554,2.1134453781512605,0.00021857907460803613
0.8865546218487395,2.1134453781512605,0.00021867418057146387
0.8941176470588235,2.1134453781512605,0.00021883649839140335
0.9016806722689076,2.1134453781512605,0.00021949211335716472
0.9092436974789916,2.1134453781512605,0.00022008553008255797
0.9168067226890756,2.1134453781512605,0.000220865334271121
0.9243697478991596,2.1134453781512605,0.00022164513845968404
0.9319327731092437,2.1134453781512605,0.00022242494264824707
0.9394957983193277,2.1134453781512605,0.00022320474683681007
0.9470588235294117,2.1134453781512605,0.0002239845510253731
0.9546218487394957,2.1134453781512605,0.00022476435521393614
0.9621848739495799,2.1134453781512605,0.00022554415940249914
0.9697478991596639,2.1134453781512605,0.00022632396359106217
0.9773109243697479,2.1134453781512605,0.0002271037677796252
0.9848739495798319,2.1134453781512605,0.00022788357196818824
0.992436974789916,2.1134453781512605,0.00022866337615675127
1.0,2.1134453781512605,0.00022944318034531428
0.1,2.130252100840336,5.584908137175027e-05
0.10756302521008404,2.130252100840336,5.955897846697176e-05
0.11512605042016807,2.130252100840336,6.326887556219324e-05
0.12268907563025211,2.130252100840336,6.657637841532962e-05
0.13025210084033614,2.130252100840336,6.9883881268466e-05
0.13781512605042018,2.130252100840336,7.319138412160238e-05
0.1453781512605042,2.130252100840336,7.649888697473874e-05
0.15294117647058825,2.130252100840336,7.980638982787511e-05
0.16050420168067228,2.130252100840336,8.311389268101151e-05
0.16806722689075632,2.130252100840336,8.642139553414787e-05
0.17563025210084032,2.130252100840336,8.972889838728423e-05
0.18319327731092439,2.130252100840336,9.303640124042062e-05
0.1907563025210084,2.130252100840336,9.634390409355699e-05
0.19831932773109245,2.130252100840336,9.965140694669337e-05
0.20588235294117646,2.130252100840336,0.00010273253686432955
0.21344537815126052,2.130252100840336,0.00010574898880039427
0.22100840336134453,2.130252100840336,0.0001085042960145377
0.22857142857142856,2.130252100840336,0.00011118499045098934
0.2361344537815126,2.130252100840336,0.00011386568488744099
0.24369747899159663,2.130252100840336,0.00011654637932389264
0.25126050420168067,2.130252100840336,0.00011922707376034428
0.2588235294117647,2.130252100840336,0.00012190776819679591
0.26638655462184874,2.130252100840336,0.0001245884626332476
0.2739495798319328,2.130252100840336,0.00012726915706969924
0.2815126050420168,2.130252100840336,0.00012994985150615088
0.2890756302521008,2.130252100840336,0.0001326305459426025
0.2966386554621849,2.130252100840336,0.00013531124037905416
0.30420168067226894,2.130252100840336,0.00013750097611018488
0.31176470588235294,2.130252100840336,0.00013929794487705882
0.31932773109243695,2.130252100840336,0.00014109491364393275
0.326890756302521,2.130252100840336,0.00014289188241080672
0.3344537815126051,2.130252100840336,0.00014468885117768066
0.3420168067226891,2.130252100840336,0.0001464858199445546
0.3495798319327731,2.130252100840336,0.00014828278871142854
0.3571428571428571,2.130252100840336,0.0001500797574783025
0.3647058823529412,2.130252100840336,0.00015187672624517644
0.3722689075630252,2.130252100840336,0.0001536736950120504
0.3798319327731092,2.130252100840336,0.00015547066377892435
0.38739495798319323,2.130252100840336,0.0001573468940426697
0.39495798319327735,2.130252100840336,0.00015938164730015797
0.40252100840336136,2.130252100840336,0.00016124733092920838
0.41008403361344536,2.130252100840336,0.00016277487530138318
0.41764705882352937,2.130252100840336,0.0001642493974284655
0.4252100840336135,2.130252100840336,0.000165617875065363
0.4327731092436975,2.130252100840336,0.0001669863527022605
0.4403361344537815,2.130252100840336,0.00016835483033915798
0.4478991596638655,2.130252100840336,0.00016972330797605543
0.4554621848739496,2.130252100840336,0.00017109178561295293
0.46302521008403363,2.130252100840336,0.00017246026324985042
0.47058823529411764,2.130252100840336,0.0001738287408867479
0.47815126050420165,2.130252100840336,0.00017519721852364537
0.48571428571428577,2.130252100840336,0.00017656569616054287
0.49327731092436977,2.130252100840336,0.00017793417379744034
0.5008403361344538,2.130252100840336,0.00017929888286873276
0.5084033613445378,2.130252100840336,0.00018063344341518486
0.5159663865546219,2.130252100840336,0.00018196800396163697
0.5235294117647059,2.130252100840336,0.00018330256450808908
0.5310924369747899,2.130252100840336,0.00018463712505454119
0.5386554621848739,2.130252100840336,0.0001859716856009933
0.546218487394958,2.130252100840336,0.0001873062461474454
0.553781512605042,2.130252100840336,0.00018864080669389748
0.561344537815126,2.130252100840336,0.0001899753672403496
0.5689075630252101,2.130252100840336,0.00019130992778680167
0.5764705882352942,2.130252100840336,0.00019264448833325378
0.5840336134453782,2.130252100840336,0.0001939790488797059
0.5915966386554622,2.130252100840336,0.00019541899819187228
0.5991596638655462,2.130252100840336,0.00019687212109975293
0.6067226890756302,2.130252100840336,0.00019806100964608065
0.6142857142857142,2.130252100840336,0.00019921686889721427
0.6218487394957983,2.130252100840336,0.00020018543915173613
0.6294117647058823,2.130252100840336,0.0002011305982816815
0.6369747899159663,2.130252100840336,0.00020207575741162687
0.6445378151260504,2.130252100840336,0.00020302091654157226
0.6521008403361345,2.130252100840336,0.00020396607567151764
0.6596638655462185,2.130252100840336,0.00020491123480146303
0.6672268907563025,2.130252100840336,0.0002058563939314084
0.6747899159663865,2.130252100840336,0.00020680155306135377
0.6823529411764706,2.130252100840336,0.00020774671219129915
0.6899159663865546,2.130252100840336,0.00020869187132124454
0.6974789915966386,2.130252100840336,0.0002096370304511899
0.7050420168067226,2.130252100840336,0.00021043501129472015
0.7126050420168067,2.130252100840336,0.00021115940299504284
0.7201680672268908,2.130252100840336,0.00021188379469536553
0.7277310924369748,2.130252100840336,0.00021260818639568823
0.7352941176470588,2.130252100840336,0.00021333257809601092
0.7428571428571429,2.130252100840336,0.0002140569697963336
0.7504201680672269,2.130252100840336,0.0002147813614966563
0.7579831932773109,2.130252100840336,0.000215505753196979
0.7655462184873949,2.130252100840336,0.00021623014489730168
0.773109243697479,2.130252100840336,0.00021695453659762438
0.780672268907563,2.130252100840336,0.00021767892829794704
0.788235294117647,2.130252100840336,0.0002184111965157252
0.795798319327731,2.130252100840336,0.0002191533103803227
0.8033613445378152,2.130252100840336,0.0002196078651777336
0.8109243697478992,2.130252100840336,0.00021970297114116136
0.8184873949579832,2.130252100840336,0.00021979807710458907
0.8260504201680672,2.130252100840336,0.0002198931830680168
0.8336134453781512,2.130252100840336,0.00021998828903144454
0.8411764705882353,2.130252100840336,0.00022008339499487227
0.8487394957983193,2.130252100840336,0.0002201785009583
0.8563025210084033,2.130252100840336,0.00022027360692172774
0.8638655462184873,2.130252100840336,0.00022036871288515545
0.8714285714285714,2.130252100840336,0.00022046381884858318
0.8789915966386554,2.130252100840336,0.00022055892481201092
0.8865546218487395,2.130252100840336,0.0002207884544884622
0.8941176470588235,2.130252100840336,0.0002214884671604958
0.9016806722689076,2.130252100840336,0.00022214408212625715
0.9092436974789916,2.130252100840336,0.00022264430512006556
0.9168067226890756,2.130252100840336,0.00022320665726826387
0.9243697478991596,2.130252100840336,0.00022398646145682687
0.9319327731092437,2.130252100840336,0.0002247662656453899
0.9394957983193277,2.130252100840336,0.00022554606983395294
0.9470588235294117,2.130252100840336,0.00022632587402251597
0.9546218487394957,2.130252100840336,0.00022710567821107897
0.9621848739495799,2.130252100840336,0.000227885482399642
0.9697478991596639,2.130252100840336,0.00022866528658820504
0.9773109243697479,2.130252100840336,0.00022944509077676807
0.9848739495798319,2.130252100840336,0.0002302248949653311
0.992436974789916,2.130252100840336,0.0002310046991538941
1.0,2.130252100840336,0.00023178450334245714
0.1,2.1470588235294117,5.618227867074576e-05
0.10756302521008404,2.1470588235294117,5.9892175765967246e-05
0.11512605042016807,2.1470588235294117,6.360207286118874e-05
0.12268907563025211,2.1470588235294117,6.731196995641023e-05
0.13025210084033614,2.1470588235294117,7.066418328088941e-05
0.13781512605042018,2.1470588235294117,7.397168613402578e-05
0.1453781512605042,2.1470588235294117,7.727918898716215e-05
0.15294117647058825,2.1470588235294117,8.058669184029851e-05
0.16050420168067228,2.1470588235294117,8.38941946934349e-05
0.16806722689075632,2.1470588235294117,8.720169754657127e-05
0.17563025210084032,2.1470588235294117,9.050920039970764e-05
0.18319327731092439,2.1470588235294117,9.381670325284402e-05
0.1907563025210084,2.1470588235294117,9.712420610598039e-05
0.19831932773109245,2.1470588235294117,0.00010043170895911677
0.20588235294117646,2.1470588235294117,0.00010351283887675295
0.21344537815126052,2.1470588235294117,0.00010652929081281767
0.22100840336134453,2.1470588235294117,0.00010954574274888236
0.22857142857142856,2.1470588235294117,0.0001123383563518717
0.2361344537815126,2.1470588235294117,0.00011501905078832335
0.24369747899159663,2.1470588235294117,0.000117699745224775
0.25126050420168067,2.1470588235294117,0.00012038043966122664
0.2588235294117647,2.1470588235294117,0.00012306113409767827
0.26638655462184874,2.1470588235294117,0.00012574182853412994
0.2739495798319328,2.1470588235294117,0.0001284225229705816
0.2815126050420168,2.1470588235294117,0.00013110321740703322
0.2890756302521008,2.1470588235294117,0.00013378391184348486
0.2966386554621849,2.1470588235294117,0.0001364646062799365
0.30420168067226894,2.1470588235294117,0.00013865434201106722
0.31176470588235294,2.1470588235294117,0.00014045131077794116
0.31932773109243695,2.1470588235294117,0.00014224827954481512
0.326890756302521,2.1470588235294117,0.00014404524831168906
0.3344537815126051,2.1470588235294117,0.00014584221707856303
0.3420168067226891,2.1470588235294117,0.00014763918584543697
0.3495798319327731,2.1470588235294117,0.00014943615461231088
0.3571428571428571,2.1470588235294117,0.00015123312337918487
0.3647058823529412,2.1470588235294117,0.0001530300921460588
0.3722689075630252,2.1470588235294117,0.00015482706091293278
0.3798319327731092,2.1470588235294117,0.0001567297116756353
0.38739495798319323,2.1470588235294117,0.00015876446493312348
0.39495798319327735,2.1470588235294117,0.00016079921819061173
0.40252100840336136,2.1470588235294117,0.00016266490181966216
0.41008403361344536,2.1470588235294117,0.00016419244619183697
0.41764705882352937,2.1470588235294117,0.00016571999056401175
0.4252100840336135,2.1470588235294117,0.0001672121867727916
0.4327731092436975,2.1470588235294117,0.00016858066440968904
0.4403361344537815,2.1470588235294117,0.00016994914204658654
0.4478991596638655,2.1470588235294117,0.000171317619683484
0.4554621848739496,2.1470588235294117,0.0001726860973203815
0.46302521008403363,2.1470588235294117,0.00017405457495727898
0.47058823529411764,2.1470588235294117,0.00017542305259417645
0.47815126050420165,2.1470588235294117,0.00017679153023107395
0.48571428571428577,2.1470588235294117,0.00017816000786797143
0.49327731092436977,2.1470588235294117,0.0001795284855048689
0.5008403361344538,2.1470588235294117,0.00018089319457616134
0.5084033613445378,2.1470588235294117,0.00018222775512261342
0.5159663865546219,2.1470588235294117,0.00018356231566906556
0.5235294117647059,2.1470588235294117,0.00018489687621551766
0.5310924369747899,2.1470588235294117,0.00018623143676196974
0.5386554621848739,2.1470588235294117,0.00018756599730842185
0.546218487394958,2.1470588235294117,0.000188900557854874
0.553781512605042,2.1470588235294117,0.00019023511840132604
0.561344537815126,2.1470588235294117,0.00019156967894777815
0.5689075630252101,2.1470588235294117,0.00019290423949423026
0.5764705882352942,2.1470588235294117,0.00019423880004068236
0.5840336134453782,2.1470588235294117,0.00019569192294856304
0.5915966386554622,2.1470588235294117,0.00019714504585644372
0.5991596638655462,2.1470588235294117,0.00019859816876432435
0.6067226890756302,2.1470588235294117,0.0001997870573106521
0.6142857142857142,2.1470588235294117,0.0002009429165617857
0.6218487394957983,2.1470588235294117,0.0002020987758129193
0.6294117647058823,2.1470588235294117,0.00020309075719201762
0.6369747899159663,2.1470588235294117,0.000204035916321963
0.6445378151260504,2.1470588235294117,0.0002049810754519084
0.6521008403361345,2.1470588235294117,0.00020592623458185377
0.6596638655462185,2.1470588235294117,0.00020687139371179916
0.6672268907563025,2.1470588235294117,0.00020781655284174451
0.6747899159663865,2.1470588235294117,0.0002087617119716899
0.6823529411764706,2.1470588235294117,0.00020970687110163528
0.6899159663865546,2.1470588235294117,0.00021065203023158067
0.6974789915966386,2.1470588235294117,0.00021159718936152603
0.7050420168067226,2.1470588235294117,0.00021239517020505628
0.7126050420168067,2.1470588235294117,0.00021311956190537897
0.7201680672268908,2.1470588235294117,0.00021384395360570167
0.7277310924369748,2.1470588235294117,0.00021456834530602436
0.7352941176470588,2.1470588235294117,0.00021529273700634705
0.7428571428571429,2.1470588235294117,0.00021601712870666974
0.7504201680672269,2.1470588235294117,0.00021674152040699243
0.7579831932773109,2.1470588235294117,0.00021746591210731512
0.7655462184873949,2.1470588235294117,0.00021819030380763782
0.773109243697479,2.1470588235294117,0.0002189146955079605
0.780672268907563,2.1470588235294117,0.0002196489328551025
0.788235294117647,2.1470588235294117,0.00022039104671969998
0.795798319327731,2.1470588235294117,0.00022113316058429744
0.8033613445378152,2.1470588235294117,0.00022158771538170838
0.8109243697478992,2.1470588235294117,0.00022168282134513612
0.8184873949579832,2.1470588235294117,0.00022177792730856385
0.8260504201680672,2.1470588235294117,0.0002218730332719916
0.8336134453781512,2.1470588235294117,0.0002219681392354193
0.8411764705882353,2.1470588235294117,0.00022206324519884703
0.8487394957983193,2.1470588235294117,0.0002221583511622748
0.8563025210084033,2.1470588235294117,0.0002222534571257025
0.8638655462184873,2.1470588235294117,0.00022234856308913023
0.8714285714285714,2.1470588235294117,0.00022244366905255797
0.8789915966386554,2.1470588235294117,0.00022274041058552098
0.8865546218487395,2.1470588235294117,0.0002234404232575546
0.8941176470588235,2.1470588235294117,0.00022414043592958822
0.9016806722689076,2.1470588235294117,0.00022479605089534957
0.9092436974789916,2.1470588235294117,0.00022529627388915798
0.9168067226890756,2.1470588235294117,0.00022579649688296636
0.9243697478991596,2.1470588235294117,0.00022632778445396974
0.9319327731092437,2.1470588235294117,0.00022710758864253277
0.9394957983193277,2.1470588235294117,0.0002278873928310958
0.9470588235294117,2.1470588235294117,0.0002286671970196588
0.9546218487394957,2.1470588235294117,0.00022944700120822184
0.9621848739495799,2.1470588235294117,0.00023022680539678484
0.9697478991596639,2.1470588235294117,0.0002310066095853479
0.9773109243697479,2.1470588235294117,0.0002317864137739109
0.9848739495798319,2.1470588235294117,0.00023256621796247394
0.992436974789916,2.1470588235294117,0.00023334602215103697
1.0,2.1470588235294117,0.0002341258263396
0.1,2.1638655462184873,5.651547596974124e-05
0.10756302521008404,2.1638655462184873,6.022537306496274e-05
0.11512605042016807,2.1638655462184873,6.393527016018423e-05
0.12268907563025211,2.1638655462184873,6.764516725540573e-05
0.13025210084033614,2.1638655462184873,7.135506435062721e-05
0.13781512605042018,2.1638655462184873,7.475198814644916e-05
0.1453781512605042,2.1638655462184873,7.805949099958553e-05
0.15294117647058825,2.1638655462184873,8.136699385272191e-05
0.16050420168067228,2.1638655462184873,8.46744967058583e-05
0.16806722689075632,2.1638655462184873,8.798199955899467e-05
0.17563025210084032,2.1638655462184873,9.128950241213102e-05
0.18319327731092439,2.1638655462184873,9.459700526526742e-05
0.1907563025210084,2.1638655462184873,9.790450811840377e-05
0.19831932773109245,2.1638655462184873,0.00010121201097154016
0.20588235294117646,2.1638655462184873,0.00010429314088917634
0.21344537815126052,2.1638655462184873,0.00010730959282524106
0.22100840336134453,2.1638655462184873,0.00011032604476130575
0.22857142857142856,2.1638655462184873,0.00011334249669737045
0.2361344537815126,2.1638655462184873,0.0001161724166892057
0.24369747899159663,2.1638655462184873,0.00011885311112565734
0.25126050420168067,2.1638655462184873,0.00012153380556210899
0.2588235294117647,2.1638655462184873,0.00012421449999856063
0.26638655462184874,2.1638655462184873,0.00012689519443501228
0.2739495798319328,2.1638655462184873,0.00012957588887146395
0.2815126050420168,2.1638655462184873,0.00013225658330791556
0.2890756302521008,2.1638655462184873,0.0001349372777443672
0.2966386554621849,2.1638655462184873,0.00013761797218081887
0.30420168067226894,2.1638655462184873,0.00013980770791194959
0.31176470588235294,2.1638655462184873,0.0001416046766788235
0.31932773109243695,2.1638655462184873,0.00014340164544569746
0.326890756302521,2.1638655462184873,0.00014519861421257143
0.3344537815126051,2.1638655462184873,0.00014699558297944537
0.3420168067226891,2.1638655462184873,0.0001487925517463193
0.3495798319327731,2.1638655462184873,0.00015058952051319325
0.3571428571428571,2.1638655462184873,0.00015238648928006721
0.3647058823529412,2.1638655462184873,0.00015418345804694118
0.3722689075630252,2.1638655462184873,0.00015611252930860083
0.3798319327731092,2.1638655462184873,0.00015814728256608905
0.38739495798319323,2.1638655462184873,0.00016018203582357726
0.39495798319327735,2.1638655462184873,0.00016221678908106554
0.40252100840336136,2.1638655462184873,0.00016408247271011594
0.41008403361344536,2.1638655462184873,0.00016561001708229075
0.41764705882352937,2.1638655462184873,0.0001671375614544655
0.4252100840336135,2.1638655462184873,0.00016866510582664034
0.4327731092436975,2.1638655462184873,0.00017017497611711762
0.4403361344537815,2.1638655462184873,0.00017154345375401512
0.4478991596638655,2.1638655462184873,0.0001729119313909126
0.4554621848739496,2.1638655462184873,0.00017428040902781007
0.46302521008403363,2.1638655462184873,0.00017564888666470754
0.47058823529411764,2.1638655462184873,0.000177017364301605
0.47815126050420165,2.1638655462184873,0.0001783858419385025
0.48571428571428577,2.1638655462184873,0.0001797543195754
0.49327731092436977,2.1638655462184873,0.00018112279721229746
0.5008403361344538,2.1638655462184873,0.0001824875062835899
0.5084033613445378,2.1638655462184873,0.000183822066830042
0.5159663865546219,2.1638655462184873,0.0001851566273764941
0.5235294117647059,2.1638655462184873,0.00018649118792294622
0.5310924369747899,2.1638655462184873,0.00018782574846939833
0.5386554621848739,2.1638655462184873,0.0001891603090158504
0.546218487394958,2.1638655462184873,0.00019049486956230254
0.553781512605042,2.1638655462184873,0.00019182943010875462
0.561344537815126,2.1638655462184873,0.00019316399065520673
0.5689075630252101,2.1638655462184873,0.0001945117247973731
0.5764705882352942,2.1638655462184873,0.0001959648477052538
0.5840336134453782,2.1638655462184873,0.00019741797061313446
0.5915966386554622,2.1638655462184873,0.00019887109352101514
0.5991596638655462,2.1638655462184873,0.0002003242164288958
0.6067226890756302,2.1638655462184873,0.0002015131049752235
0.6142857142857142,2.1638655462184873,0.00020266896422635713
0.6218487394957983,2.1638655462184873,0.00020382482347749072
0.6294117647058823,2.1638655462184873,0.00020498068272862435
0.6369747899159663,2.1638655462184873,0.00020599607523229913
0.6445378151260504,2.1638655462184873,0.00020694123436224452
0.6521008403361345,2.1638655462184873,0.0002078863934921899
0.6596638655462185,2.1638655462184873,0.00020883155262213526
0.6672268907563025,2.1638655462184873,0.00020977671175208065
0.6747899159663865,2.1638655462184873,0.00021072187088202603
0.6823529411764706,2.1638655462184873,0.00021166703001197141
0.6899159663865546,2.1638655462184873,0.0002126121891419168
0.6974789915966386,2.1638655462184873,0.00021355734827186216
0.7050420168067226,2.1638655462184873,0.0002143553291153924
0.7126050420168067,2.1638655462184873,0.0002150797208157151
0.7201680672268908,2.1638655462184873,0.0002158041125160378
0.7277310924369748,2.1638655462184873,0.0002165285042163605
0.7352941176470588,2.1638655462184873,0.00021725289591668318
0.7428571428571429,2.1638655462184873,0.00021797728761700584
0.7504201680672269,2.1638655462184873,0.00021870167931732854
0.7579831932773109,2.1638655462184873,0.00021942607101765126
0.7655462184873949,2.1638655462184873,0.00022015046271797392
0.773109243697479,2.1638655462184873,0.00022088666919447983
0.780672268907563,2.1638655462184873,0.0002216287830590773
0.788235294117647,2.1638655462184873,0.00022237089692367476
0.795798319327731,2.1638655462184873,0.00022311301078827223
0.8033613445378152,2.1638655462184873,0.00022356756558568317
0.8109243697478992,2.1638655462184873,0.0002236626715491109
0.8184873949579832,2.1638655462184873,0.00022375777751253867
0.8260504201680672,2.1638655462184873,0.00022385288347596637
0.8336134453781512,2.1638655462184873,0.0002239479894393941
0.8411764705882353,2.1638655462184873,0.00022404309540282184
0.8487394957983193,2.1638655462184873,0.00022413820136624955
0.8563025210084033,2.1638655462184873,0.00022423330732967728
0.8638655462184873,2.1638655462184873,0.00022432841329310502
0.8714285714285714,2.1638655462184873,0.0002246923666825798
0.8789915966386554,2.1638655462184873,0.0002253923793546134
0.8865546218487395,2.1638655462184873,0.00022609239202664701
0.8941176470588235,2.1638655462184873,0.00022679240469868065
0.9016806722689076,2.1638655462184873,0.00022744801966444197
0.9092436974789916,2.1638655462184873,0.0002279482426582504
0.9168067226890756,2.1638655462184873,0.0002284484656520588
0.9243697478991596,2.1638655462184873,0.0002289486886458672
0.9319327731092437,2.1638655462184873,0.0002294489116396756
0.9394957983193277,2.1638655462184873,0.00023022871582823864
0.9470588235294117,2.1638655462184873,0.00023100852001680164
0.9546218487394957,2.1638655462184873,0.00023178832420536467
0.9621848739495799,2.1638655462184873,0.00023256812839392773
0.9697478991596639,2.1638655462184873,0.00023334793258249074
0.9773109243697479,2.1638655462184873,0.00023412773677105377
0.9848739495798319,2.1638655462184873,0.0002349075409596168
0.992436974789916,2.1638655462184873,0.00023568734514817983
1.0,2.1638655462184873,0.00023646714933674284
0.1,2.1806722689075633,5.684867326873674e-05
0.10756302521008404,2.1806722689075633,6.055857036395824e-05
0.11512605042016807,2.1806722689075633,6.426846745917972e-05
0.12268907563025211,2.1806722689075633,6.797836455440123e-05
0.13025210084033614,2.1806722689075633,7.168826164962271e-05
0.13781512605042018,2.1806722689075633,7.539815874484421e-05
0.1453781512605042,2.1806722689075633,7.883979301200896e-05
0.15294117647058825,2.1806722689075633,8.214729586514533e-05
0.16050420168067228,2.1806722689075633,8.545479871828173e-05
0.16806722689075632,2.1806722689075633,8.876230157141808e-05
0.17563025210084032,2.1806722689075633,9.206980442455445e-05
0.18319327731092439,2.1806722689075633,9.537730727769083e-05
0.1907563025210084,2.1806722689075633,9.86848101308272e-05
0.19831932773109245,2.1806722689075633,0.00010199231298396358
0.20588235294117646,2.1806722689075633,0.00010507344290159976
0.21344537815126052,2.1806722689075633,0.00010808989483766449
0.22100840336134453,2.1806722689075633,0.00011110634677372917
0.22857142857142856,2.1806722689075633,0.00011412279870979389
0.2361344537815126,2.1806722689075633,0.00011713925064585859
0.24369747899159663,2.1806722689075633,0.00012000647702653973
0.25126050420168067,2.1806722689075633,0.00012268717146299136
0.2588235294117647,2.1806722689075633,0.000125367865899443
0.26638655462184874,2.1806722689075633,0.00012804856033589467
0.2739495798319328,2.1806722689075633,0.00013072925477234631
0.2815126050420168,2.1806722689075633,0.00013340994920879796
0.2890756302521008,2.1806722689075633,0.0001360906436452496
0.2966386554621849,2.1806722689075633,0.00013877133808170124
0.30420168067226894,2.1806722689075633,0.00014096107381283195
0.31176470588235294,2.1806722689075633,0.0001427580425797059
0.31932773109243695,2.1806722689075633,0.00014455501134657983
0.326890756302521,2.1806722689075633,0.0001463519801134538
0.3344537815126051,2.1806722689075633,0.00014814894888032774
0.3420168067226891,2.1806722689075633,0.00014994591764720168
0.3495798319327731,2.1806722689075633,0.00015174288641407564
0.3571428571428571,2.1806722689075633,0.00015353985518094958
0.3647058823529412,2.1806722689075633,0.00015549534694156642
0.3722689075630252,2.1806722689075633,0.00015753010019905464
0.3798319327731092,2.1806722689075633,0.00015956485345654288
0.38739495798319323,2.1806722689075633,0.00016159960671403107
0.39495798319327735,2.1806722689075633,0.00016363435997151935
0.40252100840336136,2.1806722689075633,0.00016550004360056975
0.41008403361344536,2.1806722689075633,0.00016702758797274453
0.41764705882352937,2.1806722689075633,0.00016855513234491934
0.4252100840336135,2.1806722689075633,0.00017008267671709415
0.4327731092436975,2.1806722689075633,0.00017161022108926893
0.4403361344537815,2.1806722689075633,0.0001731377654614437
0.4478991596638655,2.1806722689075633,0.0001745062430983412
0.4554621848739496,2.1806722689075633,0.00017587472073523868
0.46302521008403363,2.1806722689075633,0.00017724319837213618
0.47058823529411764,2.1806722689075633,0.00017861167600903365
0.47815126050420165,2.1806722689075633,0.00017998015364593112
0.48571428571428577,2.1806722689075633,0.00018134863128282862
0.49327731092436977,2.1806722689075633,0.00018271710891972607
0.5008403361344538,2.1806722689075633,0.0001840818179910185
0.5084033613445378,2.1806722689075633,0.00018541637853747062
0.5159663865546219,2.1806722689075633,0.00018675093908392272
0.5235294117647059,2.1806722689075633,0.00018808549963037483
0.5310924369747899,2.1806722689075633,0.00018942006017682694
0.5386554621848739,2.1806722689075633,0.00019075462072327902
0.546218487394958,2.1806722689075633,0.00019208918126973116
0.553781512605042,2.1806722689075633,0.00019342374181618324
0.561344537815126,2.1806722689075633,0.0001947846495540639
0.5689075630252101,2.1806722689075633,0.00019623777246194457
0.5764705882352942,2.1806722689075633,0.00019769089536982528
0.5840336134453782,2.1806722689075633,0.00019914401827770593
0.5915966386554622,2.1806722689075633,0.0002005971411855866
0.5991596638655462,2.1806722689075633,0.00020205026409346726
0.6067226890756302,2.1806722689075633,0.00020323915263979498
0.6142857142857142,2.1806722689075633,0.0002043950118909286
0.6218487394957983,2.1806722689075633,0.00020555087114206222
0.6294117647058823,2.1806722689075633,0.00020670673039319584
0.6369747899159663,2.1806722689075633,0.00020786258964432944
0.6445378151260504,2.1806722689075633,0.0002089013932725807
0.6521008403361345,2.1806722689075633,0.0002098465524025261
0.6596638655462185,2.1806722689075633,0.00021079171153247145
0.6672268907563025,2.1806722689075633,0.00021173687066241683
0.6747899159663865,2.1806722689075633,0.00021268202979236222
0.6823529411764706,2.1806722689075633,0.0002136271889223076
0.6899159663865546,2.1806722689075633,0.00021457234805225298
0.6974789915966386,2.1806722689075633,0.00021551750718219834
0.7050420168067226,2.1806722689075633,0.0002163154880257286
0.7126050420168067,2.1806722689075633,0.0002170398797260513
0.7201680672268908,2.1806722689075633,0.00021776427142637398
0.7277310924369748,2.1806722689075633,0.00021848866312669667
0.7352941176470588,2.1806722689075633,0.00021921305482701937
0.7428571428571429,2.1806722689075633,0.00021993744652734203
0.7504201680672269,2.1806722689075633,0.00022066183822766472
0.7579831932773109,2.1806722689075633,0.00022138622992798744
0.7655462184873949,2.1806722689075633,0.00022212440553385718
0.773109243697479,2.1806722689075633,0.00022286651939845467
0.780672268907563,2.1806722689075633,0.00022360863326305214
0.788235294117647,2.1806722689075633,0.0002243507471276496
0.795798319327731,2.1806722689075633,0.00022509286099224707
0.8033613445378152,2.1806722689075633,0.000225547415789658
0.8109243697478992,2.1806722689075633,0.00022564252175308574
0.8184873949579832,2.1806722689075633,0.00022573762771651348
0.8260504201680672,2.1806722689075633,0.00022583273367994118
0.8336134453781512,2.1806722689075633,0.00022592783964336892
0.8411764705882353,2.1806722689075633,0.00022602294560679665
0.8487394957983193,2.1806722689075633,0.0002261180515702244
0.8563025210084033,2.1806722689075633,0.00022621315753365212
0.8638655462184873,2.1806722689075633,0.00022664432277963868
0.8714285714285714,2.1806722689075633,0.0002273443354516723
0.8789915966386554,2.1806722689075633,0.00022804434812370592
0.8865546218487395,2.1806722689075633,0.00022874436079573955
0.8941176470588235,2.1806722689075633,0.00022944437346777315
0.9016806722689076,2.1806722689075633,0.0002300999884335345
0.9092436974789916,2.1806722689075633,0.00023060021142734289
0.9168067226890756,2.1806722689075633,0.0002311004344211513
0.9243697478991596,2.1806722689075633,0.0002316006574149597
0.9319327731092437,2.1806722689075633,0.0002321008804087681
0.9394957983193277,2.1806722689075633,0.00023260110340257652
0.9470588235294117,2.1806722689075633,0.00023334984301394456
0.9546218487394957,2.1806722689075633,0.0002341296472025076
0.9621848739495799,2.1806722689075633,0.00023490945139107062
0.9697478991596639,2.1806722689075633,0.00023568925557963366
0.9773109243697479,2.1806722689075633,0.00023646905976819666
0.9848739495798319,2.1806722689075633,0.0002372488639567597
0.992436974789916,2.1806722689075633,0.00023802866814532272
1.0,2.1806722689075633,0.00023880847233388576
0.1,2.197478991596639,5.718187056773222e-05
0.10756302521008404,2.197478991596639,6.089176766295371e-05
0.11512605042016807,2.197478991596639,6.460166475817521e-05
0.12268907563025211,2.197478991596639,6.831156185339671e-05
0.13025210084033614,2.197478991596639,7.20214589486182e-05
0.13781512605042018,2.197478991596639,7.573135604383969e-05
0.1453781512605042,2.197478991596639,7.944125313906119e-05
0.15294117647058825,2.197478991596639,8.292759787756873e-05
0.16050420168067228,2.197478991596639,8.623510073070511e-05
0.16806722689075632,2.197478991596639,8.954260358384148e-05
0.17563025210084032,2.197478991596639,9.285010643697785e-05
0.18319327731092439,2.197478991596639,9.615760929011423e-05
0.1907563025210084,2.197478991596639,9.946511214325059e-05
0.19831932773109245,2.197478991596639,0.00010277261499638698
0.20588235294117646,2.197478991596639,0.00010585374491402317
0.21344537815126052,2.197478991596639,0.00010887019685008787
0.22100840336134453,2.197478991596639,0.00011188664878615257
0.22857142857142856,2.197478991596639,0.00011490310072221728
0.2361344537815126,2.197478991596639,0.00011791955265828199
0.24369747899159663,2.197478991596639,0.00012093600459434668
0.25126050420168067,2.197478991596639,0.00012384053736387373
0.2588235294117647,2.197478991596639,0.00012652123180032534
0.26638655462184874,2.197478991596639,0.000129201926236777
0.2739495798319328,2.197478991596639,0.00013188262067322868
0.2815126050420168,2.197478991596639,0.0001345633151096803
0.2890756302521008,2.197478991596639,0.00013724400954613194
0.2966386554621849,2.197478991596639,0.0001399247039825836
0.30420168067226894,2.197478991596639,0.0001421144397137143
0.31176470588235294,2.197478991596639,0.00014391140848058826
0.31932773109243695,2.197478991596639,0.0001457083772474622
0.326890756302521,2.197478991596639,0.00014750534601433614
0.3344537815126051,2.197478991596639,0.0001493023147812101
0.3420168067226891,2.197478991596639,0.00015109928354808404
0.3495798319327731,2.197478991596639,0.00015289625231495798
0.3571428571428571,2.197478991596639,0.00015487816457453193
0.3647058823529412,2.197478991596639,0.0001569129178320202
0.3722689075630252,2.197478991596639,0.00015894767108950842
0.3798319327731092,2.197478991596639,0.00016098242434699664
0.38739495798319323,2.197478991596639,0.00016301717760448486
0.39495798319327735,2.197478991596639,0.00016505193086197313
0.40252100840336136,2.197478991596639,0.00016691761449102354
0.41008403361344536,2.197478991596639,0.00016844515886319832
0.41764705882352937,2.197478991596639,0.00016997270323537312
0.4252100840336135,2.197478991596639,0.00017150024760754793
0.4327731092436975,2.197478991596639,0.0001730277919797227
0.4403361344537815,2.197478991596639,0.00017455533635189746
0.4478991596638655,2.197478991596639,0.00017608288072407227
0.4554621848739496,2.197478991596639,0.00017746903244266726
0.46302521008403363,2.197478991596639,0.00017883751007956474
0.47058823529411764,2.197478991596639,0.0001802059877164622
0.47815126050420165,2.197478991596639,0.00018157446535335968
0.48571428571428577,2.197478991596639,0.00018294294299025718
0.49327731092436977,2.197478991596639,0.00018431142062715465
0.5008403361344538,2.197478991596639,0.0001856761296984471
0.5084033613445378,2.197478991596639,0.0001870106902448992
0.5159663865546219,2.197478991596639,0.0001883452507913513
0.5235294117647059,2.197478991596639,0.0001896798113378034
0.5310924369747899,2.197478991596639,0.0001910143718842555
0.5386554621848739,2.197478991596639,0.0001923489324307076
0.546218487394958,2.197478991596639,0.0001936834929771597
0.553781512605042,2.197478991596639,0.0001950575743107547
0.561344537815126,2.197478991596639,0.00019651069721863534
0.5689075630252101,2.197478991596639,0.00019796382012651602
0.5764705882352942,2.197478991596639,0.00019941694303439667
0.5840336134453782,2.197478991596639,0.00020087006594227735
0.5915966386554622,2.197478991596639,0.00020232318885015803
0.5991596638655462,2.197478991596639,0.00020377631175803868
0.6067226890756302,2.197478991596639,0.0002049652003043664
0.6142857142857142,2.197478991596639,0.00020612105955550002
0.6218487394957983,2.197478991596639,0.00020727691880663364
0.6294117647058823,2.197478991596639,0.00020843277805776723
0.6369747899159663,2.197478991596639,0.00020958863730890083
0.6445378151260504,2.197478991596639,0.00021074449656003445
0.6521008403361345,2.197478991596639,0.00021180671131286222
0.6596638655462185,2.197478991596639,0.00021275187044280758
0.6672268907563025,2.197478991596639,0.00021369702957275296
0.6747899159663865,2.197478991596639,0.00021464218870269835
0.6823529411764706,2.197478991596639,0.00021558734783264373
0.6899159663865546,2.197478991596639,0.00021653250696258912
0.6974789915966386,2.197478991596639,0.00021747766609253447
0.7050420168067226,2.197478991596639,0.00021827564693606473
0.7126050420168067,2.197478991596639,0.00021900003863638742
0.7201680672268908,2.197478991596639,0.0002197244303367101
0.7277310924369748,2.197478991596639,0.0002204488220370328
0.7352941176470588,2.197478991596639,0.0002211732137373555
0.7428571428571429,2.197478991596639,0.00022189760543767816
0.7504201680672269,2.197478991596639,0.00022262199713800085
0.7579831932773109,2.197478991596639,0.00022336214187323447
0.7655462184873949,2.197478991596639,0.00022410425573783196
0.773109243697479,2.197478991596639,0.00022484636960242945
0.780672268907563,2.197478991596639,0.00022558848346702695
0.788235294117647,2.197478991596639,0.00022633059733162439
0.795798319327731,2.197478991596639,0.00022707271119622185
0.8033613445378152,2.197478991596639,0.00022752726599363282
0.8109243697478992,2.197478991596639,0.00022762237195706055
0.8184873949579832,2.197478991596639,0.0002277174779204883
0.8260504201680672,2.197478991596639,0.000227812583883916
0.8336134453781512,2.197478991596639,0.00022790768984734373
0.8411764705882353,2.197478991596639,0.00022800279581077146
0.8487394957983193,2.197478991596639,0.00022809790177419917
0.8563025210084033,2.197478991596639,0.0002285962788766975
0.8638655462184873,2.197478991596639,0.0002292962915487311
0.8714285714285714,2.197478991596639,0.00022999630422076476
0.8789915966386554,2.197478991596639,0.00023069631689279837
0.8865546218487395,2.197478991596639,0.00023139632956483197
0.8941176470588235,2.197478991596639,0.00023209634223686558
0.9016806722689076,2.197478991596639,0.0002327519572026269
0.9092436974789916,2.197478991596639,0.00023325218019643534
0.9168067226890756,2.197478991596639,0.00023375240319024372
0.9243697478991596,2.197478991596639,0.00023425262618405215
0.9319327731092437,2.197478991596639,0.00023475284917786053
0.9394957983193277,2.197478991596639,0.00023525307217166894
0.9470588235294117,2.197478991596639,0.00023575329516547735
0.9546218487394957,2.197478991596639,0.00023647097019965043
0.9621848739495799,2.197478991596639,0.00023725077438821346
0.9697478991596639,2.197478991596639,0.0002380305785767765
0.9773109243697479,2.197478991596639,0.00023881038276533952
0.9848739495798319,2.197478991596639,0.00023959018695390253
0.992436974789916,2.197478991596639,0.0002403699911424656
1.0,2.197478991596639,0.0002411497953310286
0.1,2.2142857142857144,5.7515067866727714e-05
0.10756302521008404,2.2142857142857144,6.122496496194921e-05
0.11512605042016807,2.2142857142857144,6.493486205717071e-05
0.12268907563025211,2.2142857142857144,6.864475915239218e-05
0.13025210084033614,2.2142857142857144,7.23546562476137e-05
0.13781512605042018,2.2142857142857144,7.606455334283518e-05
0.1453781512605042,2.2142857142857144,7.977445043805669e-05
0.15294117647058825,2.2142857142857144,8.348434753327816e-05
0.16050420168067228,2.2142857142857144,8.701540274312851e-05
0.16806722689075632,2.2142857142857144,9.032290559626487e-05
0.17563025210084032,2.2142857142857144,9.363040844940124e-05
0.18319327731092439,2.2142857142857144,9.693791130253762e-05
0.1907563025210084,2.2142857142857144,0.00010024541415567399
0.19831932773109245,2.2142857142857144,0.00010355291700881037
0.20588235294117646,2.2142857142857144,0.00010663404692644656
0.21344537815126052,2.2142857142857144,0.00010965049886251127
0.22100840336134453,2.2142857142857144,0.00011266695079857596
0.22857142857142856,2.2142857142857144,0.00011568340273464066
0.2361344537815126,2.2142857142857144,0.00011869985467070537
0.24369747899159663,2.2142857142857144,0.00012171630660677008
0.25126050420168067,2.2142857142857144,0.00012473275854283478
0.2588235294117647,2.2142857142857144,0.0001276745977012077
0.26638655462184874,2.2142857142857144,0.00013035529213765935
0.2739495798319328,2.2142857142857144,0.00013303598657411102
0.2815126050420168,2.2142857142857144,0.00013571668101056264
0.2890756302521008,2.2142857142857144,0.0001383973754470143
0.2966386554621849,2.2142857142857144,0.00014107806988346595
0.30420168067226894,2.2142857142857144,0.00014326780561459666
0.31176470588235294,2.2142857142857144,0.0001450647743814706
0.31932773109243695,2.2142857142857144,0.00014686174314834454
0.326890756302521,2.2142857142857144,0.0001486587119152185
0.3344537815126051,2.2142857142857144,0.00015045568068209245
0.3420168067226891,2.2142857142857144,0.0001522526494489664
0.3495798319327731,2.2142857142857144,0.00015426098220749747
0.3571428571428571,2.2142857142857144,0.00015629573546498574
0.3647058823529412,2.2142857142857144,0.00015833048872247399
0.3722689075630252,2.2142857142857144,0.0001603652419799622
0.3798319327731092,2.2142857142857144,0.00016239999523745042
0.38739495798319323,2.2142857142857144,0.00016443474849493864
0.39495798319327735,2.2142857142857144,0.0001664695017524269
0.40252100840336136,2.2142857142857144,0.00016833518538147732
0.41008403361344536,2.2142857142857144,0.0001698627297536521
0.41764705882352937,2.2142857142857144,0.00017139027412582688
0.4252100840336135,2.2142857142857144,0.0001729178184980017
0.4327731092436975,2.2142857142857144,0.00017444536287017647
0.4403361344537815,2.2142857142857144,0.00017597290724235125
0.4478991596638655,2.2142857142857144,0.00017750045161452605
0.4554621848739496,2.2142857142857144,0.00017902799598670086
0.46302521008403363,2.2142857142857144,0.00018043182178699332
0.47058823529411764,2.2142857142857144,0.0001818002994238908
0.47815126050420165,2.2142857142857144,0.00018316877706078827
0.48571428571428577,2.2142857142857144,0.00018453725469768577
0.49327731092436977,2.2142857142857144,0.0001859057323345832
0.5008403361344538,2.2142857142857144,0.00018727044140587565
0.5084033613445378,2.2142857142857144,0.00018860500195232776
0.5159663865546219,2.2142857142857144,0.0001899395624987799
0.5235294117647059,2.2142857142857144,0.00019127412304523197
0.5310924369747899,2.2142857142857144,0.00019260868359168408
0.5386554621848739,2.2142857142857144,0.00019394324413813616
0.546218487394958,2.2142857142857144,0.00019533049906744543
0.553781512605042,2.2142857142857144,0.0001967836219753261
0.561344537815126,2.2142857142857144,0.00019823674488320676
0.5689075630252101,2.2142857142857144,0.00019968986779108743
0.5764705882352942,2.2142857142857144,0.0002011429906989681
0.5840336134453782,2.2142857142857144,0.00020259611360684876
0.5915966386554622,2.2142857142857144,0.00020404923651472944
0.5991596638655462,2.2142857142857144,0.0002055023594226101
0.6067226890756302,2.2142857142857144,0.00020669124796893784
0.6142857142857142,2.2142857142857144,0.00020784710722007143
0.6218487394957983,2.2142857142857144,0.00020900296647120506
0.6294117647058823,2.2142857142857144,0.00021015882572233868
0.6369747899159663,2.2142857142857144,0.00021131468497347227
0.6445378151260504,2.2142857142857144,0.0002124705442246059
0.6521008403361345,2.2142857142857144,0.00021362640347573952
0.6596638655462185,2.2142857142857144,0.0002147120293531437
0.6672268907563025,2.2142857142857144,0.0002156571884830891
0.6747899159663865,2.2142857142857144,0.00021660234761303445
0.6823529411764706,2.2142857142857144,0.00021754750674297986
0.6899159663865546,2.2142857142857144,0.00021849266587292522
0.6974789915966386,2.2142857142857144,0.0002194378250028706
0.7050420168067226,2.2142857142857144,0.00022023580584640086
0.7126050420168067,2.2142857142857144,0.00022096019754672353
0.7201680672268908,2.2142857142857144,0.00022168458924704622
0.7277310924369748,2.2142857142857144,0.0002224089809473689
0.7352941176470588,2.2142857142857144,0.0002231333726476916
0.7428571428571429,2.2142857142857144,0.00022385776434801432
0.7504201680672269,2.2142857142857144,0.00022459987821261179
0.7579831932773109,2.2142857142857144,0.00022534199207720928
0.7655462184873949,2.2142857142857144,0.00022608410594180675
0.773109243697479,2.2142857142857144,0.0002268262198064042
0.780672268907563,2.2142857142857144,0.0002275683336710017
0.788235294117647,2.2142857142857144,0.00022831044753559917
0.795798319327731,2.2142857142857144,0.00022905256140019664
0.8033613445378152,2.2142857142857144,0.00022950711619760758
0.8109243697478992,2.2142857142857144,0.00022960222216103528
0.8184873949579832,2.2142857142857144,0.00022969732812446305
0.8260504201680672,2.2142857142857144,0.00022979243408789075
0.8336134453781512,2.2142857142857144,0.0002298875400513185
0.8411764705882353,2.2142857142857144,0.00022998264601474622
0.8487394957983193,2.2142857142857144,0.00023054823497375632
0.8563025210084033,2.2142857142857144,0.00023124824764578992
0.8638655462184873,2.2142857142857144,0.00023194826031782353
0.8714285714285714,2.2142857142857144,0.00023264827298985716
0.8789915966386554,2.2142857142857144,0.00023334828566189076
0.8865546218487395,2.2142857142857144,0.00023404829833392437
0.8941176470588235,2.2142857142857144,0.000234748311005958
0.9016806722689076,2.2142857142857144,0.00023540392597171933
0.9092436974789916,2.2142857142857144,0.00023590414896552774
0.9168067226890756,2.2142857142857144,0.00023640437195933614
0.9243697478991596,2.2142857142857144,0.00023690459495314455
0.9319327731092437,2.2142857142857144,0.00023740481794695296
0.9394957983193277,2.2142857142857144,0.00023790504094076137
0.9470588235294117,2.2142857142857144,0.00023840526393456975
0.9546218487394957,2.2142857142857144,0.00023890548692837818
0.9621848739495799,2.2142857142857144,0.00023959209738535635
0.9697478991596639,2.2142857142857144,0.00024037190157391935
0.9773109243697479,2.2142857142857144,0.0002411517057624824
0.9848739495798319,2.2142857142857144,0.0002419315099510454
0.992436974789916,2.2142857142857144,0.00024271131413960845
1.0,2.2142857142857144,0.00024349111832817146
0.1,2.23109243697479,5.7848265165723206e-05
0.10756302521008404,2.23109243697479,6.15581622609447e-05
0.11512605042016807,2.23109243697479,6.52680593561662e-05
0.12268907563025211,2.23109243697479,6.89779564513877e-05
0.13025210084033614,2.23109243697479,7.268785354660918e-05
0.13781512605042018,2.23109243697479,7.639775064183067e-05
0.1453781512605042,2.23109243697479,8.010764773705216e-05
0.15294117647058825,2.23109243697479,8.381754483227367e-05
0.16050420168067228,2.23109243697479,8.752744192749516e-05
0.16806722689075632,2.23109243697479,9.110320760868828e-05
0.17563025210084032,2.23109243697479,9.441071046182464e-05
0.18319327731092439,2.23109243697479,9.771821331496103e-05
0.1907563025210084,2.23109243697479,0.00010102571616809739
0.19831932773109245,2.23109243697479,0.00010433321902123379
0.20588235294117646,2.23109243697479,0.00010741434893886997
0.21344537815126052,2.23109243697479,0.00011043080087493467
0.22100840336134453,2.23109243697479,0.00011344725281099938
0.22857142857142856,2.23109243697479,0.00011646370474706408
0.2361344537815126,2.23109243697479,0.0001194801566831288
0.24369747899159663,2.23109243697479,0.0001224966086191935
0.25126050420168067,2.23109243697479,0.0001255130605552582
0.2588235294117647,2.23109243697479,0.0001285295124913229
0.26638655462184874,2.23109243697479,0.00013150865803854172
0.2739495798319328,2.23109243697479,0.00013418935247499336
0.2815126050420168,2.23109243697479,0.000136870046911445
0.2890756302521008,2.23109243697479,0.00013955074134789665
0.2966386554621849,2.23109243697479,0.00014223143578434832
0.30420168067226894,2.23109243697479,0.000144421171515479
0.31176470588235294,2.23109243697479,0.00014621814028235294
0.31932773109243695,2.23109243697479,0.0001480151090492269
0.326890756302521,2.23109243697479,0.00014981207781610085
0.3344537815126051,2.23109243697479,0.0001516090465829748
0.3420168067226891,2.23109243697479,0.00015364379984046303
0.3495798319327731,2.23109243697479,0.00015567855309795125
0.3571428571428571,2.23109243697479,0.0001577133063554395
0.3647058823529412,2.23109243697479,0.00015974805961292774
0.3722689075630252,2.23109243697479,0.000161782812870416
0.3798319327731092,2.23109243697479,0.0001638175661279042
0.38739495798319323,2.23109243697479,0.00016585231938539243
0.39495798319327735,2.23109243697479,0.0001678870726428807
0.40252100840336136,2.23109243697479,0.0001697527562719311
0.41008403361344536,2.23109243697479,0.0001712803006441059
0.41764705882352937,2.23109243697479,0.0001728078450162807
0.4252100840336135,2.23109243697479,0.0001743353893884555
0.4327731092436975,2.23109243697479,0.00017586293376063028
0.4403361344537815,2.23109243697479,0.00017739047813280506
0.4478991596638655,2.23109243697479,0.00017891802250497984
0.4554621848739496,2.23109243697479,0.00018044556687715464
0.46302521008403363,2.23109243697479,0.00018197311124932945
0.47058823529411764,2.23109243697479,0.00018339461113131935
0.47815126050420165,2.23109243697479,0.00018476308876821682
0.48571428571428577,2.23109243697479,0.00018613156640511432
0.49327731092436977,2.23109243697479,0.0001875000440420118
0.5008403361344538,2.23109243697479,0.00018886475311330424
0.5084033613445378,2.23109243697479,0.00019019931365975632
0.5159663865546219,2.23109243697479,0.00019153387420620842
0.5235294117647059,2.23109243697479,0.00019286843475266053
0.5310924369747899,2.23109243697479,0.00019420299529911264
0.5386554621848739,2.23109243697479,0.00019560342382413614
0.546218487394958,2.23109243697479,0.00019705654673201684
0.553781512605042,2.23109243697479,0.00019850966963989752
0.561344537815126,2.23109243697479,0.0001999627925477782
0.5689075630252101,2.23109243697479,0.00020141591545565885
0.5764705882352942,2.23109243697479,0.00020286903836353953
0.5840336134453782,2.23109243697479,0.0002043221612714202
0.5915966386554622,2.23109243697479,0.0002057752841793009
0.5991596638655462,2.23109243697479,0.00020722840708718154
0.6067226890756302,2.23109243697479,0.00020841729563350926
0.6142857142857142,2.23109243697479,0.00020957315488464288
0.6218487394957983,2.23109243697479,0.0002107290141357765
0.6294117647058823,2.23109243697479,0.00021188487338691012
0.6369747899159663,2.23109243697479,0.00021304073263804372
0.6445378151260504,2.23109243697479,0.0002141965918891773
0.6521008403361345,2.23109243697479,0.00021535245114031096
0.6596638655462185,2.23109243697479,0.00021650831039144456
0.6672268907563025,2.23109243697479,0.00021761734739342522
0.6747899159663865,2.23109243697479,0.00021856250652337058
0.6823529411764706,2.23109243697479,0.000219507665653316
0.6899159663865546,2.23109243697479,0.00022045282478326135
0.6974789915966386,2.23109243697479,0.00022139798391320674
0.7050420168067226,2.23109243697479,0.000222195964756737
0.7126050420168067,2.23109243697479,0.00022292035645705966
0.7201680672268908,2.23109243697479,0.00022364474815738235
0.7277310924369748,2.23109243697479,0.00022436913985770504
0.7352941176470588,2.23109243697479,0.0002250955006873916
0.7428571428571429,2.23109243697479,0.0002258376145519891
0.7504201680672269,2.23109243697479,0.00022657972841658654
0.7579831932773109,2.23109243697479,0.00022732184228118404
0.7655462184873949,2.23109243697479,0.00022806395614578153
0.773109243697479,2.23109243697479,0.00022880607001037902
0.780672268907563,2.23109243697479,0.00022954818387497652
0.788235294117647,2.23109243697479,0.00023029029773957395
0.795798319327731,2.23109243697479,0.00023103241160417145
0.8033613445378152,2.23109243697479,0.0002314869664015824
0.8109243697478992,2.23109243697479,0.00023158207236501012
0.8184873949579832,2.23109243697479,0.00023167717832843786
0.8260504201680672,2.23109243697479,0.00023177228429186556
0.8336134453781512,2.23109243697479,0.0002318673902552933
0.8411764705882353,2.23109243697479,0.00023250019107081516
0.8487394957983193,2.23109243697479,0.0002332002037428488
0.8563025210084033,2.23109243697479,0.00023390021641488237
0.8638655462184873,2.23109243697479,0.00023460022908691598
0.8714285714285714,2.23109243697479,0.0002353002417589496
0.8789915966386554,2.23109243697479,0.00023600025443098322
0.8865546218487395,2.23109243697479,0.00023670026710301685
0.8941176470588235,2.23109243697479,0.00023740027977505045
0.9016806722689076,2.23109243697479,0.00023805589474081178
0.9092436974789916,2.23109243697479,0.0002385561177346202
0.9168067226890756,2.23109243697479,0.0002390563407284286
0.9243697478991596,2.23109243697479,0.000239556563722237
0.9319327731092437,2.23109243697479,0.0002400567867160454
0.9394957983193277,2.23109243697479,0.00024055700970985382
0.9470588235294117,2.23109243697479,0.0002410572327036622
0.9546218487394957,2.23109243697479,0.0002415574556974706
0.9621848739495799,2.23109243697479,0.00024205767869127902
0.9697478991596639,2.23109243697479,0.0002427132245710622
0.9773109243697479,2.23109243697479,0.00024349302875962522
0.9848739495798319,2.23109243697479,0.00024427283294818826
0.992436974789916,2.23109243697479,0.0002450526371367513
1.0,2.23109243697479,0.0002458324413253143
0.1,2.2478991596638656,5.818146246471869e-05
0.10756302521008404,2.2478991596638656,6.189135955994019e-05
0.11512605042016807,2.2478991596638656,6.560125665516168e-05
0.12268907563025211,2.2478991596638656,6.931115375038317e-05
0.13025210084033614,2.2478991596638656,7.302105084560468e-05
0.13781512605042018,2.2478991596638656,7.673094794082617e-05
0.1453781512605042,2.2478991596638656,8.044084503604766e-05
0.15294117647058825,2.2478991596638656,8.415074213126913e-05
0.16050420168067228,2.2478991596638656,8.786063922649064e-05
0.16806722689075632,2.2478991596638656,9.157053632171213e-05
0.17563025210084032,2.2478991596638656,9.519101247424804e-05
0.18319327731092439,2.2478991596638656,9.849851532738442e-05
0.1907563025210084,2.2478991596638656,0.00010180601818052079
0.19831932773109245,2.2478991596638656,0.00010511352103365717
0.20588235294117646,2.2478991596638656,0.00010819465095129334
0.21344537815126052,2.2478991596638656,0.00011121110288735806
0.22100840336134453,2.2478991596638656,0.00011422755482342276
0.22857142857142856,2.2478991596638656,0.00011724400675948746
0.2361344537815126,2.2478991596638656,0.00012026045869555218
0.24369747899159663,2.2478991596638656,0.00012327691063161687
0.25126050420168067,2.2478991596638656,0.00012629336256768159
0.2588235294117647,2.2478991596638656,0.00012930981450374627
0.26638655462184874,2.2478991596638656,0.00013232626643981102
0.2739495798319328,2.2478991596638656,0.00013534271837587573
0.2815126050420168,2.2478991596638656,0.00013802341281232735
0.2890756302521008,2.2478991596638656,0.000140704107248779
0.2966386554621849,2.2478991596638656,0.00014338480168523066
0.30420168067226894,2.2478991596638656,0.00014557453741636137
0.31176470588235294,2.2478991596638656,0.00014737150618323528
0.31932773109243695,2.2478991596638656,0.00014916847495010925
0.326890756302521,2.2478991596638656,0.00015099186421594035
0.3344537815126051,2.2478991596638656,0.0001530266174734286
0.3420168067226891,2.2478991596638656,0.00015506137073091682
0.3495798319327731,2.2478991596638656,0.00015709612398840503
0.3571428571428571,2.2478991596638656,0.00015913087724589328
0.3647058823529412,2.2478991596638656,0.00016116563050338153
0.3722689075630252,2.2478991596638656,0.00016320038376086974
0.3798319327731092,2.2478991596638656,0.000165235137018358
0.38739495798319323,2.2478991596638656,0.00016726989027584618
0.39495798319327735,2.2478991596638656,0.00016930464353333445
0.40252100840336136,2.2478991596638656,0.00017117032716238486
0.41008403361344536,2.2478991596638656,0.00017269787153455964
0.41764705882352937,2.2478991596638656,0.00017422541590673445
0.4252100840336135,2.2478991596638656,0.00017575296027890925
0.4327731092436975,2.2478991596638656,0.00017728050465108403
0.4403361344537815,2.2478991596638656,0.00017880804902325881
0.4478991596638655,2.2478991596638656,0.0001803355933954336
0.4554621848739496,2.2478991596638656,0.0001818631377676084
0.46302521008403363,2.2478991596638656,0.0001833906821397832
0.47058823529411764,2.2478991596638656,0.000184918226511958
0.47815126050420165,2.2478991596638656,0.0001863574004756454
0.48571428571428577,2.2478991596638656,0.0001877258781125429
0.49327731092436977,2.2478991596638656,0.00018909435574944038
0.5008403361344538,2.2478991596638656,0.0001904590648207328
0.5084033613445378,2.2478991596638656,0.0001917936253671849
0.5159663865546219,2.2478991596638656,0.000193128185913637
0.5235294117647059,2.2478991596638656,0.00019446274646008912
0.5310924369747899,2.2478991596638656,0.00019587634858082693
0.5386554621848739,2.2478991596638656,0.00019732947148870758
0.546218487394958,2.2478991596638656,0.00019878259439658826
0.553781512605042,2.2478991596638656,0.00020023571730446894
0.561344537815126,2.2478991596638656,0.00020168884021234962
0.5689075630252101,2.2478991596638656,0.0002031419631202303
0.5764705882352942,2.2478991596638656,0.00020459508602811095
0.5840336134453782,2.2478991596638656,0.00020604820893599163
0.5915966386554622,2.2478991596638656,0.00020750133184387228
0.5991596638655462,2.2478991596638656,0.00020895445475175293
0.6067226890756302,2.2478991596638656,0.00021014334329808067
0.6142857142857142,2.2478991596638656,0.00021129920254921427
0.6218487394957983,2.2478991596638656,0.00021245506180034792
0.6294117647058823,2.2478991596638656,0.0002136109210514815
0.6369747899159663,2.2478991596638656,0.0002147667803026151
0.6445378151260504,2.2478991596638656,0.0002159226395537487
0.6521008403361345,2.2478991596638656,0.00021707849880488235
0.6596638655462185,2.2478991596638656,0.00021823435805601595
0.6672268907563025,2.2478991596638656,0.0002193902173071496
0.6747899159663865,2.2478991596638656,0.0002205226654337067
0.6823529411764706,2.2478991596638656,0.00022146782456365212
0.6899159663865546,2.2478991596638656,0.00022241298369359748
0.6974789915966386,2.2478991596638656,0.00022335814282354287
0.7050420168067226,2.2478991596638656,0.00022415612366707312
0.7126050420168067,2.2478991596638656,0.0002248805153673958
0.7201680672268908,2.2478991596638656,0.00022560490706771848
0.7277310924369748,2.2478991596638656,0.00022633323702676893
0.7352941176470588,2.2478991596638656,0.0002270753508913664
0.7428571428571429,2.2478991596638656,0.0002278174647559639
0.7504201680672269,2.2478991596638656,0.00022855957862056135
0.7579831932773109,2.2478991596638656,0.00022930169248515882
0.7655462184873949,2.2478991596638656,0.00023004380634975631
0.773109243697479,2.2478991596638656,0.00023078592021435378
0.780672268907563,2.2478991596638656,0.00023152803407895127
0.788235294117647,2.2478991596638656,0.00023227014794354877
0.795798319327731,2.2478991596638656,0.0002330122618081462
0.8033613445378152,2.2478991596638656,0.00023346681660555717
0.8109243697478992,2.2478991596638656,0.0002335619225689849
0.8184873949579832,2.2478991596638656,0.00023365702853241261
0.8260504201680672,2.2478991596638656,0.00023375213449584032
0.8336134453781512,2.2478991596638656,0.00023445214716787395
0.8411764705882353,2.2478991596638656,0.00023515215983990756
0.8487394957983193,2.2478991596638656,0.00023585217251194117
0.8563025210084033,2.2478991596638656,0.00023655218518397477
0.8638655462184873,2.2478991596638656,0.00023725219785600838
0.8714285714285714,2.2478991596638656,0.000237952210528042
0.8789915966386554,2.2478991596638656,0.00023865222320007561
0.8865546218487395,2.2478991596638656,0.00023935223587210925
0.8941176470588235,2.2478991596638656,0.00024005224854414285
0.9016806722689076,2.2478991596638656,0.00024070786350990423
0.9092436974789916,2.2478991596638656,0.0002412080865037126
0.9168067226890756,2.2478991596638656,0.00024170830949752102
0.9243697478991596,2.2478991596638656,0.00024220853249132943
0.9319327731092437,2.2478991596638656,0.0002427087554851378
0.9394957983193277,2.2478991596638656,0.00024320897847894622
0.9470588235294117,2.2478991596638656,0.0002437092014727546
0.9546218487394957,2.2478991596638656,0.00024420942446656303
0.9621848739495799,2.2478991596638656,0.00024470964746037147
0.9697478991596639,2.2478991596638656,0.00024520987045417985
0.9773109243697479,2.2478991596638656,0.0002458343517567681
0.9848739495798319,2.2478991596638656,0.00024661415594533106
0.992436974789916,2.2478991596638656,0.00024739396013389415
1.0,2.2478991596638656,0.00024817376432245713
0.1,2.264705882352941,5.8514659763714184e-05
0.10756302521008404,2.264705882352941,6.222455685893568e-05
0.11512605042016807,2.264705882352941,6.593445395415717e-05
0.12268907563025211,2.264705882352941,6.964435104937867e-05
0.13025210084033614,2.264705882352941,7.335424814460015e-05
0.13781512605042018,2.264705882352941,7.706414523982165e-05
0.1453781512605042,2.264705882352941,8.077404233504314e-05
0.15294117647058825,2.264705882352941,8.448393943026464e-05
0.16050420168067228,2.264705882352941,8.819383652548613e-05
0.16806722689075632,2.264705882352941,9.190373362070762e-05
0.17563025210084032,2.264705882352941,9.56136307159291e-05
0.18319327731092439,2.264705882352941,9.927881733980782e-05
0.1907563025210084,2.264705882352941,0.00010258632019294419
0.19831932773109245,2.264705882352941,0.00010589382304608057
0.20588235294117646,2.264705882352941,0.00010897495296371674
0.21344537815126052,2.264705882352941,0.00011199140489978146
0.22100840336134453,2.264705882352941,0.00011500785683584616
0.22857142857142856,2.264705882352941,0.00011802430877191087
0.2361344537815126,2.264705882352941,0.00012104076070797558
0.24369747899159663,2.264705882352941,0.00012405721264404027
0.25126050420168067,2.264705882352941,0.00012707366458010499
0.2588235294117647,2.264705882352941,0.00013009011651616967
0.26638655462184874,2.264705882352941,0.0001331065684522344
0.2739495798319328,2.264705882352941,0.00013612302038829913
0.2815126050420168,2.264705882352941,0.00013913947232436382
0.2890756302521008,2.264705882352941,0.00014185747314966136
0.2966386554621849,2.264705882352941,0.00014453816758611303
0.30420168067226894,2.264705882352941,0.0001467279033172437
0.31176470588235294,2.264705882352941,0.00014852487208411765
0.31932773109243695,2.264705882352941,0.0001503746818489059
0.326890756302521,2.264705882352941,0.00015240943510639414
0.3344537815126051,2.264705882352941,0.00015444418836388238
0.3420168067226891,2.264705882352941,0.0001564789416213706
0.3495798319327731,2.264705882352941,0.00015851369487885882
0.3571428571428571,2.264705882352941,0.00016054844813634706
0.3647058823529412,2.264705882352941,0.0001625832013938353
0.3722689075630252,2.264705882352941,0.00016461795465132353
0.3798319327731092,2.264705882352941,0.00016665270790881177
0.38739495798319323,2.264705882352941,0.00016868746116629996
0.39495798319327735,2.264705882352941,0.00017072221442378824
0.40252100840336136,2.264705882352941,0.00017258789805283867
0.41008403361344536,2.264705882352941,0.00017411544242501345
0.41764705882352937,2.264705882352941,0.00017564298679718823
0.4252100840336135,2.264705882352941,0.00017717053116936306
0.4327731092436975,2.264705882352941,0.00017869807554153784
0.4403361344537815,2.264705882352941,0.0001802256199137126
0.4478991596638655,2.264705882352941,0.0001817531642858874
0.4554621848739496,2.264705882352941,0.0001832807086580622
0.46302521008403363,2.264705882352941,0.000184808253030237
0.47058823529411764,2.264705882352941,0.00018633579740241177
0.47815126050420165,2.264705882352941,0.00018786334177458658
0.48571428571428577,2.264705882352941,0.00018932018981997144
0.49327731092436977,2.264705882352941,0.0001906886674568689
0.5008403361344538,2.264705882352941,0.00019205337652816135
0.5084033613445378,2.264705882352941,0.00019338793707461346
0.5159663865546219,2.264705882352941,0.00019472249762106557
0.5235294117647059,2.264705882352941,0.00019614927333751767
0.5310924369747899,2.264705882352941,0.00019760239624539832
0.5386554621848739,2.264705882352941,0.000199055519153279
0.546218487394958,2.264705882352941,0.00020050864206115968
0.553781512605042,2.264705882352941,0.00020196176496904038
0.561344537815126,2.264705882352941,0.00020341488787692103
0.5689075630252101,2.264705882352941,0.0002048680107848017
0.5764705882352942,2.264705882352941,0.0002063211336926824
0.5840336134453782,2.264705882352941,0.00020777425660056304
0.5915966386554622,2.264705882352941,0.00020922737950844372
0.5991596638655462,2.264705882352941,0.00021068050241632437
0.6067226890756302,2.264705882352941,0.00021186939096265212
0.6142857142857142,2.264705882352941,0.00021302525021378574
0.6218487394957983,2.264705882352941,0.00021418110946491934
0.6294117647058823,2.264705882352941,0.00021533696871605296
0.6369747899159663,2.264705882352941,0.00021649282796718655
0.6445378151260504,2.264705882352941,0.00021764868721832017
0.6521008403361345,2.264705882352941,0.0002188045464694538
0.6596638655462185,2.264705882352941,0.00021996040572058742
0.6672268907563025,2.264705882352941,0.000221116264971721
0.6747899159663865,2.264705882352941,0.00022227212422285463
0.6823529411764706,2.264705882352941,0.00022342798347398826
0.6899159663865546,2.264705882352941,0.00022437314260393361
0.6974789915966386,2.264705882352941,0.000225318301733879
0.7050420168067226,2.264705882352941,0.00022611628257740925
0.7126050420168067,2.264705882352941,0.00022684067427773195
0.7201680672268908,2.264705882352941,0.00022757097336614622
0.7277310924369748,2.264705882352941,0.0002283130872307437
0.7352941176470588,2.264705882352941,0.00022905520109534118
0.7428571428571429,2.264705882352941,0.00022979731495993865
0.7504201680672269,2.264705882352941,0.00023053942882453614
0.7579831932773109,2.264705882352941,0.00023128154268913363
0.7655462184873949,2.264705882352941,0.0002320236565537311
0.773109243697479,2.264705882352941,0.0002327657704183286
0.780672268907563,2.264705882352941,0.00023350788428292606
0.788235294117647,2.264705882352941,0.00023424999814752352
0.795798319327731,2.264705882352941,0.000234992112012121
0.8033613445378152,2.264705882352941,0.00023544666680953196
0.8109243697478992,2.264705882352941,0.0002355417727729597
0.8184873949579832,2.264705882352941,0.00023570409059289917
0.8260504201680672,2.264705882352941,0.0002364041032649328
0.8336134453781512,2.264705882352941,0.0002371041159369664
0.8411764705882353,2.264705882352941,0.000237804128609
0.8487394957983193,2.264705882352941,0.00023850414128103364
0.8563025210084033,2.264705882352941,0.00023920415395306722
0.8638655462184873,2.264705882352941,0.00023990416662510083
0.8714285714285714,2.264705882352941,0.00024060417929713446
0.8789915966386554,2.264705882352941,0.00024130419196916807
0.8865546218487395,2.264705882352941,0.0002420042046412017
0.8941176470588235,2.264705882352941,0.0002427042173132353
0.9016806722689076,2.264705882352941,0.00024335983227899666
0.9092436974789916,2.264705882352941,0.00024386005527280504
0.9168067226890756,2.264705882352941,0.00024436027826661347
0.9243697478991596,2.264705882352941,0.00024486050126042185
0.9319327731092437,2.264705882352941,0.0002453607242542303
0.9394957983193277,2.264705882352941,0.00024586094724803867
0.9470588235294117,2.264705882352941,0.00024636117024184705
0.9546218487394957,2.264705882352941,0.0002468613932356555
0.9621848739495799,2.264705882352941,0.00024736161622946387
0.9697478991596639,2.264705882352941,0.0002478618392232723
0.9773109243697479,2.264705882352941,0.0002483620622170807
0.9848739495798319,2.264705882352941,0.00024895547894247393
0.992436974789916,2.264705882352941,0.00024973528313103696
1.0,2.264705882352941,0.0002505150873196
0.1,2.2815126050420167,5.8847857062709676e-05
0.10756302521008404,2.2815126050420167,6.255775415793116e-05
0.11512605042016807,2.2815126050420167,6.626765125315265e-05
0.12268907563025211,2.2815126050420167,6.997754834837415e-05
0.13025210084033614,2.2815126050420167,7.368744544359565e-05
0.13781512605042018,2.2815126050420167,7.739734253881714e-05
0.1453781512605042,2.2815126050420167,8.110723963403863e-05
0.15294117647058825,2.2815126050420167,8.481713672926013e-05
0.16050420168067228,2.2815126050420167,8.852703382448161e-05
0.16806722689075632,2.2815126050420167,9.223693091970312e-05
0.17563025210084032,2.2815126050420167,9.594682801492459e-05
0.18319327731092439,2.2815126050420167,9.965672511014609e-05
0.1907563025210084,2.2815126050420167,0.00010336662220536758
0.19831932773109245,2.2815126050420167,0.00010667412505850396
0.20588235294117646,2.2815126050420167,0.00010975525497614015
0.21344537815126052,2.2815126050420167,0.00011277170691220486
0.22100840336134453,2.2815126050420167,0.00011578815884826956
0.22857142857142856,2.2815126050420167,0.00011880461078433427
0.2361344537815126,2.2815126050420167,0.00012182106272039897
0.24369747899159663,2.2815126050420167,0.00012483751465646367
0.25126050420168067,2.2815126050420167,0.00012785396659252839
0.2588235294117647,2.2815126050420167,0.00013087041852859307
0.26638655462184874,2.2815126050420167,0.0001338868704646578
0.2739495798319328,2.2815126050420167,0.0001369033224007225
0.2815126050420168,2.2815126050420167,0.0001399197743367872
0.2890756302521008,2.2815126050420167,0.0001429362262728519
0.2966386554621849,2.2815126050420167,0.00014569153348699537
0.30420168067226894,2.2815126050420167,0.00014788126921812608
0.31176470588235294,2.2815126050420167,0.00014975749948187145
0.31932773109243695,2.2815126050420167,0.00015179225273935967
0.326890756302521,2.2815126050420167,0.00015382700599684792
0.3344537815126051,2.2815126050420167,0.00015586175925433616
0.3420168067226891,2.2815126050420167,0.00015789651251182438
0.3495798319327731,2.2815126050420167,0.0001599312657693126
0.3571428571428571,2.2815126050420167,0.00016196601902680085
0.3647058823529412,2.2815126050420167,0.0001640007722842891
0.3722689075630252,2.2815126050420167,0.0001660355255417773
0.3798319327731092,2.2815126050420167,0.00016807027879926556
0.38739495798319323,2.2815126050420167,0.00017010503205675375
0.39495798319327735,2.2815126050420167,0.00017213978531424202
0.40252100840336136,2.2815126050420167,0.00017400546894329243
0.41008403361344536,2.2815126050420167,0.00017553301331546723
0.41764705882352937,2.2815126050420167,0.000177060557687642
0.4252100840336135,2.2815126050420167,0.00017858810205981682
0.4327731092436975,2.2815126050420167,0.00018011564643199157
0.4403361344537815,2.2815126050420167,0.00018164319080416638
0.4478991596638655,2.2815126050420167,0.0001831707351763412
0.4554621848739496,2.2815126050420167,0.00018469827954851597
0.46302521008403363,2.2815126050420167,0.00018622582392069077
0.47058823529411764,2.2815126050420167,0.00018775336829286555
0.47815126050420165,2.2815126050420167,0.00018928091266504033
0.48571428571428577,2.2815126050420167,0.00019080845703721514
0.49327731092436977,2.2815126050420167,0.0001922829791642975
0.5008403361344538,2.2815126050420167,0.00019364768823558994
0.5084033613445378,2.2815126050420167,0.00019498224878204204
0.5159663865546219,2.2815126050420167,0.00019642219809420843
0.5235294117647059,2.2815126050420167,0.00019787532100208908
0.5310924369747899,2.2815126050420167,0.00019932844390996976
0.5386554621848739,2.2815126050420167,0.00020078156681785044
0.546218487394958,2.2815126050420167,0.00020223468972573112
0.553781512605042,2.2815126050420167,0.0002036878126336118
0.561344537815126,2.2815126050420167,0.00020514093554149245
0.5689075630252101,2.2815126050420167,0.00020659405844937313
0.5764705882352942,2.2815126050420167,0.0002080471813572538
0.5840336134453782,2.2815126050420167,0.0002095003042651345
0.5915966386554622,2.2815126050420167,0.00021095342717301514
0.5991596638655462,2.2815126050420167,0.0002124065500808958
0.6067226890756302,2.2815126050420167,0.00021359543862722354
0.6142857142857142,2.2815126050420167,0.00021475129787835716
0.6218487394957983,2.2815126050420167,0.00021590715712949078
0.6294117647058823,2.2815126050420167,0.00021706301638062435
0.6369747899159663,2.2815126050420167,0.00021821887563175797
0.6445378151260504,2.2815126050420167,0.0002193747348828916
0.6521008403361345,2.2815126050420167,0.0002205305941340252
0.6596638655462185,2.2815126050420167,0.00022168645338515883
0.6672268907563025,2.2815126050420167,0.00022284231263629243
0.6747899159663865,2.2815126050420167,0.00022399817188742605
0.6823529411764706,2.2815126050420167,0.00022515403113855965
0.6899159663865546,2.2815126050420167,0.0002263098903896933
0.6974789915966386,2.2815126050420167,0.00022727846064421513
0.7050420168067226,2.2815126050420167,0.00022807644148774536
0.7126050420168067,2.2815126050420167,0.0002288087097055235
0.7201680672268908,2.2815126050420167,0.000229550823570121
0.7277310924369748,2.2815126050420167,0.0002302929374347185
0.7352941176470588,2.2815126050420167,0.00023103505129931596
0.7428571428571429,2.2815126050420167,0.00023177716516391346
0.7504201680672269,2.2815126050420167,0.00023251927902851092
0.7579831932773109,2.2815126050420167,0.00023326139289310842
0.7655462184873949,2.2815126050420167,0.00023400350675770588
0.773109243697479,2.2815126050420167,0.00023474562062230338
0.780672268907563,2.2815126050420167,0.00023548773448690087
0.788235294117647,2.2815126050420167,0.0002362298483514983
0.795798319327731,2.2815126050420167,0.00023697196221609577
0.8033613445378152,2.2815126050420167,0.00023742651701350674
0.8109243697478992,2.2815126050420167,0.000237656046689958
0.8184873949579832,2.2815126050420167,0.0002383560593619916
0.8260504201680672,2.2815126050420167,0.00023905607203402523
0.8336134453781512,2.2815126050420167,0.00023975608470605883
0.8411764705882353,2.2815126050420167,0.00024045609737809246
0.8487394957983193,2.2815126050420167,0.00024115611005012607
0.8563025210084033,2.2815126050420167,0.00024185612272215967
0.8638655462184873,2.2815126050420167,0.00024255613539419328
0.8714285714285714,2.2815126050420167,0.00024325614806622689
0.8789915966386554,2.2815126050420167,0.0002439561607382605
0.8865546218487395,2.2815126050420167,0.0002446561734102941
0.8941176470588235,2.2815126050420167,0.00024535618608232773
0.9016806722689076,2.2815126050420167,0.00024601180104808905
0.9092436974789916,2.2815126050420167,0.0002465120240418975
0.9168067226890756,2.2815126050420167,0.00024701224703570587
0.9243697478991596,2.2815126050420167,0.0002475124700295143
0.9319327731092437,2.2815126050420167,0.0002480126930233227
0.9394957983193277,2.2815126050420167,0.00024851291601713107
0.9470588235294117,2.2815126050420167,0.0002490131390109395
0.9546218487394957,2.2815126050420167,0.0002495133620047479
0.9621848739495799,2.2815126050420167,0.00025001358499855626
0.9697478991596639,2.2815126050420167,0.0002505138079923647
0.9773109243697479,2.2815126050420167,0.0002510140309861731
0.9848739495798319,2.2815126050420167,0.0002515142539799815
0.992436974789916,2.2815126050420167,0.00025207660612817977
1.0,2.2815126050420167,0.00025285641031674286
0.1,2.2983193277310923,5.918105436170516e-05
0.10756302521008404,2.2983193277310923,6.289095145692665e-05
0.11512605042016807,2.2983193277310923,6.660084855214814e-05
0.12268907563025211,2.2983193277310923,7.031074564736964e-05
0.13025210084033614,2.2983193277310923,7.402064274259114e-05
0.13781512605042018,2.2983193277310923,7.773053983781262e-05
0.1453781512605042,2.2983193277310923,8.144043693303411e-05
0.15294117647058825,2.2983193277310923,8.515033402825561e-05
0.16050420168067228,2.2983193277310923,8.886023112347711e-05
0.16806722689075632,2.2983193277310923,9.25701282186986e-05
0.17563025210084032,2.2983193277310923,9.628002531392007e-05
0.18319327731092439,2.2983193277310923,9.998992240914159e-05
0.1907563025210084,2.2983193277310923,0.00010369981950436306
0.19831932773109245,2.2983193277310923,0.00010740971659958456
0.20588235294117646,2.2983193277310923,0.00011053555698856355
0.21344537815126052,2.2983193277310923,0.00011355200892462826
0.22100840336134453,2.2983193277310923,0.00011656846086069295
0.22857142857142856,2.2983193277310923,0.00011958491279675767
0.2361344537815126,2.2983193277310923,0.00012260136473282238
0.24369747899159663,2.2983193277310923,0.00012561781666888707
0.25126050420168067,2.2983193277310923,0.0001286342686049518
0.2588235294117647,2.2983193277310923,0.00013165072054101648
0.26638655462184874,2.2983193277310923,0.0001346671724770812
0.2739495798319328,2.2983193277310923,0.0001376836244131459
0.2815126050420168,2.2983193277310923,0.00014070007634921062
0.2890756302521008,2.2983193277310923,0.00014371652828527528
0.2966386554621849,2.2983193277310923,0.00014673298022134003
0.30420168067226894,2.2983193277310923,0.000149140317114837
0.31176470588235294,2.2983193277310923,0.0001511750703723252
0.31932773109243695,2.2983193277310923,0.00015320982362981346
0.326890756302521,2.2983193277310923,0.00015524457688730167
0.3344537815126051,2.2983193277310923,0.00015727933014478992
0.3420168067226891,2.2983193277310923,0.00015931408340227817
0.3495798319327731,2.2983193277310923,0.00016134883665976638
0.3571428571428571,2.2983193277310923,0.0001633835899172546
0.3647058823529412,2.2983193277310923,0.00016541834317474288
0.3722689075630252,2.2983193277310923,0.0001674530964322311
0.3798319327731092,2.2983193277310923,0.0001694878496897193
0.38739495798319323,2.2983193277310923,0.00017152260294720753
0.39495798319327735,2.2983193277310923,0.0001735573562046958
0.40252100840336136,2.2983193277310923,0.0001754230398337462
0.41008403361344536,2.2983193277310923,0.00017695058420592102
0.41764705882352937,2.2983193277310923,0.0001784781285780958
0.4252100840336135,2.2983193277310923,0.0001800056729502706
0.4327731092436975,2.2983193277310923,0.0001815332173224454
0.4403361344537815,2.2983193277310923,0.00018306076169462016
0.4478991596638655,2.2983193277310923,0.00018458830606679494
0.4554621848739496,2.2983193277310923,0.00018611585043896978
0.46302521008403363,2.2983193277310923,0.00018764339481114456
0.47058823529411764,2.2983193277310923,0.00018917093918331934
0.47815126050420165,2.2983193277310923,0.00019069848355549412
0.48571428571428577,2.2983193277310923,0.00019222602792766892
0.49327731092436977,2.2983193277310923,0.0001937535722998437
0.5008403361344538,2.2983193277310923,0.0001952419999430185
0.5084033613445378,2.2983193277310923,0.00019669512285089917
0.5159663865546219,2.2983193277310923,0.00019814824575877985
0.5235294117647059,2.2983193277310923,0.0001996013686666605
0.5310924369747899,2.2983193277310923,0.00020105449157454118
0.5386554621848739,2.2983193277310923,0.00020250761448242186
0.546218487394958,2.2983193277310923,0.00020396073739030254
0.553781512605042,2.2983193277310923,0.00020541386029818322
0.561344537815126,2.2983193277310923,0.0002068669832060639
0.5689075630252101,2.2983193277310923,0.00020832010611394455
0.5764705882352942,2.2983193277310923,0.00020977322902182523
0.5840336134453782,2.2983193277310923,0.0002112263519297059
0.5915966386554622,2.2983193277310923,0.00021267947483758656
0.5991596638655462,2.2983193277310923,0.00021413259774546723
0.6067226890756302,2.2983193277310923,0.00021532148629179495
0.6142857142857142,2.2983193277310923,0.00021647734554292857
0.6218487394957983,2.2983193277310923,0.0002176332047940622
0.6294117647058823,2.2983193277310923,0.00021878906404519582
0.6369747899159663,2.2983193277310923,0.0002199449232963294
0.6445378151260504,2.2983193277310923,0.00022110078254746304
0.6521008403361345,2.2983193277310923,0.00022225664179859663
0.6596638655462185,2.2983193277310923,0.00022341250104973025
0.6672268907563025,2.2983193277310923,0.00022456836030086385
0.6747899159663865,2.2983193277310923,0.00022572421955199747
0.6823529411764706,2.2983193277310923,0.0002268800788031311
0.6899159663865546,2.2983193277310923,0.0002280359380542647
0.6974789915966386,2.2983193277310923,0.0002291917973053983
0.7050420168067226,2.2983193277310923,0.00023004644604490083
0.7126050420168067,2.2983193277310923,0.00023078855990949832
0.7201680672268908,2.2983193277310923,0.00023153067377409582
0.7277310924369748,2.2983193277310923,0.00023227278763869328
0.7352941176470588,2.2983193277310923,0.00023301490150329075
0.7428571428571429,2.2983193277310923,0.00023375701536788824
0.7504201680672269,2.2983193277310923,0.0002344991292324857
0.7579831932773109,2.2983193277310923,0.0002352412430970832
0.7655462184873949,2.2983193277310923,0.00023598335696168067
0.773109243697479,2.2983193277310923,0.00023672547082627816
0.780672268907563,2.2983193277310923,0.00023746758469087565
0.788235294117647,2.2983193277310923,0.0002382096985554731
0.795798319327731,2.2983193277310923,0.00023895181242007056
0.8033613445378152,2.2983193277310923,0.0002396080027870168
0.8109243697478992,2.2983193277310923,0.0002403080154590504
0.8184873949579832,2.2983193277310923,0.00024100802813108404
0.8260504201680672,2.2983193277310923,0.00024170804080311765
0.8336134453781512,2.2983193277310923,0.00024240805347515126
0.8411764705882353,2.2983193277310923,0.0002431080661471849
0.8487394957983193,2.2983193277310923,0.0002438080788192185
0.8563025210084033,2.2983193277310923,0.00024450809149125207
0.8638655462184873,2.2983193277310923,0.0002452081041632857
0.8714285714285714,2.2983193277310923,0.00024590811683531934
0.8789915966386554,2.2983193277310923,0.0002466081295073529
0.8865546218487395,2.2983193277310923,0.00024730814217938655
0.8941176470588235,2.2983193277310923,0.0002480081548514201
0.9016806722689076,2.2983193277310923,0.00024866376981718145
0.9092436974789916,2.2983193277310923,0.0002491639928109899
0.9168067226890756,2.2983193277310923,0.0002496642158047983
0.9243697478991596,2.2983193277310923,0.0002501644387986067
0.9319327731092437,2.2983193277310923,0.00025066466179241514
0.9394957983193277,2.2983193277310923,0.0002511648847862235
0.9470588235294117,2.2983193277310923,0.0002516651077800319
0.9546218487394957,2.2983193277310923,0.00025216533077384033
0.9621848739495799,2.2983193277310923,0.0002526655537676487
0.9697478991596639,2.2983193277310923,0.00025316577676145715
0.9773109243697479,2.2983193277310923,0.00025366599975526553
0.9848739495798319,2.2983193277310923,0.00025416622274907397
0.992436974789916,2.2983193277310923,0.00025466644574288235
1.0,2.2983193277310923,0.0002551977333138857
0.1,2.315126050420168,5.948343377760305e-05
0.10756302521008404,2.315126050420168,6.354355107360183e-05
0.11512605042016807,2.315126050420168,6.725344816882333e-05
0.12268907563025211,2.315126050420168,7.096334526404483e-05
0.13025210084033614,2.315126050420168,7.467324235926632e-05
0.13781512605042018,2.315126050420168,7.83831394544878e-05
0.1453781512605042,2.315126050420168,8.209303654970929e-05
0.15294117647058825,2.315126050420168,8.580293364493079e-05
0.16050420168067228,2.315126050420168,8.951283074015228e-05
0.16806722689075632,2.315126050420168,9.322272783537378e-05
0.17563025210084032,2.315126050420168,9.693262493059525e-05
0.18319327731092439,2.315126050420168,0.00010064252202581677
0.1907563025210084,2.315126050420168,0.00010435241912103824
0.19831932773109245,2.315126050420168,0.00010806231621625976
0.20588235294117646,2.315126050420168,0.00011123286707658151
0.21344537815126052,2.315126050420168,0.00011424931901264624
0.22100840336134453,2.315126050420168,0.00011726577094871093
0.22857142857142856,2.315126050420168,0.00012028222288477563
0.2361344537815126,2.315126050420168,0.00012329867482084033
0.24369747899159663,2.315126050420168,0.00012631512675690505
0.25126050420168067,2.315126050420168,0.00012933157869296974
0.2588235294117647,2.315126050420168,0.00013234803062903445
0.26638655462184874,2.315126050420168,0.00013536448256509917
0.2739495798319328,2.315126050420168,0.00013838093450116388
0.2815126050420168,2.315126050420168,0.00014139738643722855
0.2890756302521008,2.315126050420168,0.00014441383837329326
0.2966386554621849,2.315126050420168,0.0001475095494519084
0.30420168067226894,2.315126050420168,0.0001502332383560681
0.31176470588235294,2.315126050420168,0.0001524193658606118
0.31932773109243695,2.315126050420168,0.0001544541191181
0.326890756302521,2.315126050420168,0.00015648887237558823
0.3344537815126051,2.315126050420168,0.00015852362563307647
0.3420168067226891,2.315126050420168,0.00016055837889056472
0.3495798319327731,2.315126050420168,0.00016259313214805294
0.3571428571428571,2.315126050420168,0.00016462788540554116
0.3647058823529412,2.315126050420168,0.0001666626386630294
0.3722689075630252,2.315126050420168,0.00016869739192051765
0.3798319327731092,2.315126050420168,0.0001707321451780059
0.38739495798319323,2.315126050420168,0.0001727668984354941
0.39495798319327735,2.315126050420168,0.00017480165169298236
0.40252100840336136,2.315126050420168,0.00017666733532203276
0.41008403361344536,2.315126050420168,0.00017819487969420757
0.41764705882352937,2.315126050420168,0.00017972242406638235
0.4252100840336135,2.315126050420168,0.00018124996843855716
0.4327731092436975,2.315126050420168,0.00018277751281073194
0.4403361344537815,2.315126050420168,0.00018430505718290674
0.4478991596638655,2.315126050420168,0.0001858326015550815
0.4554621848739496,2.315126050420168,0.0001873601459272563
0.46302521008403363,2.315126050420168,0.00018888769029943108
0.47058823529411764,2.315126050420168,0.00019041523467160586
0.47815126050420165,2.315126050420168,0.00019194277904378067
0.48571428571428577,2.315126050420168,0.00019347032341595545
0.49327731092436977,2.315126050420168,0.00019505056584808906
0.5008403361344538,2.315126050420168,0.00019703372476395463
0.5084033613445378,2.315126050420168,0.00019882524059670252
0.5159663865546219,2.315126050420168,0.0002002783635045832
0.5235294117647059,2.315126050420168,0.00020173148641246388
0.5310924369747899,2.315126050420168,0.00020318460932034456
0.5386554621848739,2.315126050420168,0.0002046377322282252
0.546218487394958,2.315126050420168,0.0002060908551361059
0.553781512605042,2.315126050420168,0.00020754397804398657
0.561344537815126,2.315126050420168,0.00020899710095186722
0.5689075630252101,2.315126050420168,0.0002104502238597479
0.5764705882352942,2.315126050420168,0.00021190334676762858
0.5840336134453782,2.315126050420168,0.00021335646967550925
0.5915966386554622,2.315126050420168,0.00021480959258338993
0.5991596638655462,2.315126050420168,0.00021626271549127058
0.6067226890756302,2.315126050420168,0.0002174516040375983
0.6142857142857142,2.315126050420168,0.00021860746328873192
0.6218487394957983,2.315126050420168,0.00021976332253986555
0.6294117647058823,2.315126050420168,0.00022091918179099917
0.6369747899159663,2.315126050420168,0.0002220750410421328
0.6445378151260504,2.315126050420168,0.00022323090029326639
0.6521008403361345,2.315126050420168,0.00022438675954439998
0.6596638655462185,2.315126050420168,0.0002255426187955336
0.6672268907563025,2.315126050420168,0.0002266984780466672
0.6747899159663865,2.315126050420168,0.00022785433729780085
0.6823529411764706,2.315126050420168,0.00022901019654893444
0.6899159663865546,2.315126050420168,0.00023016605580006806
0.6974789915966386,2.315126050420168,0.00023131823695597814
0.7050420168067226,2.315126050420168,0.00023222296194063275
0.7126050420168067,2.315126050420168,0.000232978343324642
0.7201680672268908,2.315126050420168,0.0002337204571892395
0.7277310924369748,2.315126050420168,0.00023446257105383698
0.7352941176470588,2.315126050420168,0.00023520468491843445
0.7428571428571429,2.315126050420168,0.00023594679878303194
0.7504201680672269,2.315126050420168,0.0002366889126476294
0.7579831932773109,2.315126050420168,0.00023743102651222687
0.7655462184873949,2.315126050420168,0.00023817314037682437
0.773109243697479,2.315126050420168,0.00023891525424142186
0.780672268907563,2.315126050420168,0.00023965736810601933
0.788235294117647,2.315126050420168,0.0002403994819706168
0.795798319327731,2.315126050420168,0.00024114159583521426
0.8033613445378152,2.315126050420168,0.00024186499805867228
0.8109243697478992,2.315126050420168,0.00024256501073070588
0.8184873949579832,2.315126050420168,0.00024326502340273949
0.8260504201680672,2.315126050420168,0.00024396503607477312
0.8336134453781512,2.315126050420168,0.00024466504874680675
0.8411764705882353,2.315126050420168,0.00024536506141884033
0.8487394957983193,2.315126050420168,0.0002460650740908739
0.8563025210084033,2.315126050420168,0.00024676508676290754
0.8638655462184873,2.315126050420168,0.0002474650994349412
0.8714285714285714,2.315126050420168,0.00024816511210697475
0.8789915966386554,2.315126050420168,0.0002488651247790084
0.8865546218487395,2.315126050420168,0.000249565137451042
0.8941176470588235,2.315126050420168,0.00025024659681905547
0.9016806722689076,2.315126050420168,0.0002508372752207462
0.9092436974789916,2.315126050420168,0.0002513374982145546
0.9168067226890756,2.315126050420168,0.00025183772120836303
0.9243697478991596,2.315126050420168,0.0002523379442021714
0.9319327731092437,2.315126050420168,0.00025283816719597985
0.9394957983193277,2.315126050420168,0.00025333839018978823
0.9470588235294117,2.315126050420168,0.0002538386131835966
0.9546218487394957,2.315126050420168,0.00025433883617740504
0.9621848739495799,2.315126050420168,0.0002548390591712134
0.9697478991596639,2.315126050420168,0.00025533928216502186
0.9773109243697479,2.315126050420168,0.00025583950515883024
0.9848739495798319,2.315126050420168,0.0002563397281526386
0.992436974789916,2.315126050420168,0.00025683995114644706
1.0,2.315126050420168,0.0002579572482464285
0.1,2.3319327731092434,5.9782388984267876e-05
0.10756302521008404,2.3319327731092434,6.384250628026666e-05
0.11512605042016807,2.3319327731092434,6.790262357626544e-05
0.12268907563025211,2.3319327731092434,7.165143402712885e-05
0.13025210084033614,2.3319327731092434,7.536133112235034e-05
0.13781512605042018,2.3319327731092434,7.907122821757184e-05
0.1453781512605042,2.3319327731092434,8.278112531279332e-05
0.15294117647058825,2.3319327731092434,8.649102240801482e-05
0.16050420168067228,2.3319327731092434,9.020091950323631e-05
0.16806722689075632,2.3319327731092434,9.39108165984578e-05
0.17563025210084032,2.3319327731092434,9.762071369367929e-05
0.18319327731092439,2.3319327731092434,0.00010133061078890079
0.1907563025210084,2.3319327731092434,0.00010504050788412226
0.19831932773109245,2.3319327731092434,0.00010875040497934378
0.20588235294117646,2.3319327731092434,0.00011192095583966553
0.21344537815126052,2.3319327731092434,0.00011493740777573026
0.22100840336134453,2.3319327731092434,0.00011795385971179495
0.22857142857142856,2.3319327731092434,0.00012097031164785966
0.2361344537815126,2.3319327731092434,0.00012398676358392436
0.24369747899159663,2.3319327731092434,0.00012700321551998908
0.25126050420168067,2.3319327731092434,0.00013001966745605377
0.2588235294117647,2.3319327731092434,0.00013303611939211848
0.26638655462184874,2.3319327731092434,0.0001360525713281832
0.2739495798319328,2.3319327731092434,0.00013906902326424792
0.2815126050420168,2.3319327731092434,0.0001420854752003126
0.2890756302521008,2.3319327731092434,0.00014519703810743782
0.2966386554621849,2.3319327731092434,0.00014835615650009328
0.30420168067226894,2.3319327731092434,0.00015107984540425296
0.31176470588235294,2.3319327731092434,0.00015345519071761598
0.31932773109243695,2.3319327731092434,0.0001556791617839235
0.326890756302521,2.3319327731092434,0.00015771391504141175
0.3344537815126051,2.3319327731092434,0.0001597486682989
0.3420168067226891,2.3319327731092434,0.00016178342155638822
0.3495798319327731,2.3319327731092434,0.00016381817481387646
0.3571428571428571,2.3319327731092434,0.00016585292807136468
0.3647058823529412,2.3319327731092434,0.00016788768132885293
0.3722689075630252,2.3319327731092434,0.00016992243458634117
0.3798319327731092,2.3319327731092434,0.0001719571878438294
0.38739495798319323,2.3319327731092434,0.0001739919411013176
0.39495798319327735,2.3319327731092434,0.00017602669435880586
0.40252100840336136,2.3319327731092434,0.0001778923779878563
0.41008403361344536,2.3319327731092434,0.00017941992236003107
0.41764705882352937,2.3319327731092434,0.00018094746673220585
0.4252100840336135,2.3319327731092434,0.00018247501110438068
0.4327731092436975,2.3319327731092434,0.00018400255547655546
0.4403361344537815,2.3319327731092434,0.00018553009984873024
0.4478991596638655,2.3319327731092434,0.00018705764422090502
0.4554621848739496,2.3319327731092434,0.0001885851885930798
0.46302521008403363,2.3319327731092434,0.0001901127329652546
0.47058823529411764,2.3319327731092434,0.0001916402773374294
0.47815126050420165,2.3319327731092434,0.0001931678217096042
0.48571428571428577,2.3319327731092434,0.00019480076220169663
0.49327731092436977,2.3319327731092434,0.00019680258911350084
0.5008403361344538,2.3319327731092434,0.00019878574802936638
0.5084033613445378,2.3319327731092434,0.00020061956297772265
0.5159663865546219,2.3319327731092434,0.000202453377926079
0.5235294117647059,2.3319327731092434,0.00020390650083395965
0.5310924369747899,2.3319327731092434,0.0002053596237418403
0.5386554621848739,2.3319327731092434,0.00020681274664972098
0.546218487394958,2.3319327731092434,0.00020826586955760166
0.553781512605042,2.3319327731092434,0.00020971899246548234
0.561344537815126,2.3319327731092434,0.00021117211537336302
0.5689075630252101,2.3319327731092434,0.00021262523828124367
0.5764705882352942,2.3319327731092434,0.00021407836118912435
0.5840336134453782,2.3319327731092434,0.00021553148409700503
0.5915966386554622,2.3319327731092434,0.0002169846070048857
0.5991596638655462,2.3319327731092434,0.00021843772991276636
0.6067226890756302,2.3319327731092434,0.00021962661845909408
0.6142857142857142,2.3319327731092434,0.0002207824777102277
0.6218487394957983,2.3319327731092434,0.00022193833696136132
0.6294117647058823,2.3319327731092434,0.00022309419621249494
0.6369747899159663,2.3319327731092434,0.00022425005546362857
0.6445378151260504,2.3319327731092434,0.00022540591471476216
0.6521008403361345,2.3319327731092434,0.00022656177396589576
0.6596638655462185,2.3319327731092434,0.0002277176332170294
0.6672268907563025,2.3319327731092434,0.000228873492468163
0.6747899159663865,2.3319327731092434,0.00023002935171929662
0.6823529411764706,2.3319327731092434,0.00023118521097043022
0.6899159663865546,2.3319327731092434,0.00023233677911046975
0.6974789915966386,2.3319327731092434,0.00023348712121876804
0.7050420168067226,2.3319327731092434,0.00023439184620342265
0.7126050420168067,2.3319327731092434,0.00023517376262625542
0.7201680672268908,2.3319327731092434,0.00023593356651673526
0.7277310924369748,2.3319327731092434,0.00023667568038133276
0.7352941176470588,2.3319327731092434,0.00023741779424593022
0.7428571428571429,2.3319327731092434,0.0002381599081105277
0.7504201680672269,2.3319327731092434,0.00023890202197512518
0.7579831932773109,2.3319327731092434,0.00023964413583972265
0.7655462184873949,2.3319327731092434,0.00024038624970432014
0.773109243697479,2.3319327731092434,0.0002411283635689176
0.780672268907563,2.3319327731092434,0.00024187047743351507
0.788235294117647,2.3319327731092434,0.00024261259129811257
0.795798319327731,2.3319327731092434,0.00024335470516271003
0.8033613445378152,2.3319327731092434,0.00024407810738616805
0.8109243697478992,2.3319327731092434,0.00024477812005820163
0.8184873949579832,2.3319327731092434,0.00024547813273023526
0.8260504201680672,2.3319327731092434,0.0002461781454022689
0.8336134453781512,2.3319327731092434,0.00024687815807430247
0.8411764705882353,2.3319327731092434,0.0002475781707463361
0.8487394957983193,2.3319327731092434,0.00024827818341836974
0.8563025210084033,2.3319327731092434,0.0002489781960904033
0.8638655462184873,2.3319327731092434,0.00024967820876243695
0.8714285714285714,2.3319327731092434,0.0002503782214344706
0.8789915966386554,2.3319327731092434,0.00025107823410650416
0.8865546218487395,2.3319327731092434,0.0002517504168225076
0.8941176470588235,2.3319327731092434,0.0002523669396264504
0.9016806722689076,2.3319327731092434,0.00025295761802814114
0.9092436974789916,2.3319327731092434,0.0002534578410219495
0.9168067226890756,2.3319327731092434,0.00025395806401575796
0.9243697478991596,2.3319327731092434,0.00025445828700956634
0.9319327731092437,2.3319327731092434,0.00025495851000337477
0.9394957983193277,2.3319327731092434,0.00025545873299718315
0.9470588235294117,2.3319327731092434,0.00025595895599099153
0.9546218487394957,2.3319327731092434,0.00025645917898479997
0.9621848739495799,2.3319327731092434,0.00025695940197860835
0.9697478991596639,2.3319327731092434,0.0002574596249724168
0.9773109243697479,2.3319327731092434,0.00025795984796622517
0.9848739495798319,2.3319327731092434,0.0002585286347496084
0.992436974789916,2.3319327731092434,0.00025964593184958987
1.0,2.3319327731092434,0.0002607632289495714
0.1,2.348739495798319,6.008134419093271e-05
0.10756302521008404,2.348739495798319,6.414146148693148e-05
0.11512605042016807,2.348739495798319,6.820157878293027e-05
0.12268907563025211,2.348739495798319,7.226169607892904e-05
0.13025210084033614,2.348739495798319,7.604941988543438e-05
0.13781512605042018,2.348739495798319,7.975931698065587e-05
0.1453781512605042,2.348739495798319,8.346921407587736e-05
0.15294117647058825,2.348739495798319,8.717911117109886e-05
0.16050420168067228,2.348739495798319,9.088900826632034e-05
0.16806722689075632,2.348739495798319,9.459890536154184e-05
0.17563025210084032,2.348739495798319,9.830880245676332e-05
0.18319327731092439,2.348739495798319,0.00010201869955198482
0.1907563025210084,2.348739495798319,0.0001057285966472063
0.19831932773109245,2.348739495798319,0.00010943849374242781
0.20588235294117646,2.348739495798319,0.00011260904460274956
0.21344537815126052,2.348739495798319,0.00011562549653881429
0.22100840336134453,2.348739495798319,0.00011864194847487899
0.22857142857142856,2.348739495798319,0.00012165840041094368
0.2361344537815126,2.348739495798319,0.0001246748523470084
0.24369747899159663,2.348739495798319,0.0001276913042830731
0.25126050420168067,2.348739495798319,0.0001307077562191378
0.2588235294117647,2.348739495798319,0.00013372420815520252
0.26638655462184874,2.348739495798319,0.00013674066009126723
0.2739495798319328,2.348739495798319,0.00013975711202733195
0.2815126050420168,2.348739495798319,0.00014288452676296723
0.2890756302521008,2.348739495798319,0.0001460436451556227
0.2966386554621849,2.348739495798319,0.00014920276354827815
0.30420168067226894,2.348739495798319,0.00015192645245243783
0.31176470588235294,2.348739495798319,0.00015430179776580085
0.31932773109243695,2.348739495798319,0.00015667714307916386
0.326890756302521,2.348739495798319,0.00015893895770723528
0.3344537815126051,2.348739495798319,0.00016097371096472353
0.3420168067226891,2.348739495798319,0.00016300846422221177
0.3495798319327731,2.348739495798319,0.0001650432174797
0.3571428571428571,2.348739495798319,0.0001670779707371882
0.3647058823529412,2.348739495798319,0.00016911272399467646
0.3722689075630252,2.348739495798319,0.0001711474772521647
0.3798319327731092,2.348739495798319,0.00017318223050965292
0.38739495798319323,2.348739495798319,0.00017521698376714114
0.39495798319327735,2.348739495798319,0.00017725173702462938
0.40252100840336136,2.348739495798319,0.00017911742065367982
0.41008403361344536,2.348739495798319,0.0001806449650258546
0.41764705882352937,2.348739495798319,0.0001821725093980294
0.4252100840336135,2.348739495798319,0.0001837000537702042
0.4327731092436975,2.348739495798319,0.000185227598142379
0.4403361344537815,2.348739495798319,0.00018675514251455377
0.4478991596638655,2.348739495798319,0.00018828268688672852
0.4554621848739496,2.348739495798319,0.00018981023125890336
0.46302521008403363,2.348739495798319,0.00019133777563107814
0.47058823529411764,2.348739495798319,0.00019286532000325292
0.47815126050420165,2.348739495798319,0.00019455095855530418
0.48571428571428577,2.348739495798319,0.00019655278546710839
0.49327731092436977,2.348739495798319,0.0001985546123789126
0.5008403361344538,2.348739495798319,0.00020053777129477814
0.5084033613445378,2.348739495798319,0.00020237158624313443
0.5159663865546219,2.348739495798319,0.00020420540119149076
0.5235294117647059,2.348739495798319,0.00020603921613984705
0.5310924369747899,2.348739495798319,0.0002075346381633361
0.5386554621848739,2.348739495798319,0.0002089877610712168
0.546218487394958,2.348739495798319,0.00021044088397909747
0.553781512605042,2.348739495798319,0.00021189400688697814
0.561344537815126,2.348739495798319,0.00021334712979485882
0.5689075630252101,2.348739495798319,0.00021480025270273947
0.5764705882352942,2.348739495798319,0.00021625337561062018
0.5840336134453782,2.348739495798319,0.00021770649851850083
0.5915966386554622,2.348739495798319,0.00021915962142638148
0.5991596638655462,2.348739495798319,0.00022061274433426216
0.6067226890756302,2.348739495798319,0.00022180163288058988
0.6142857142857142,2.348739495798319,0.0002229574921317235
0.6218487394957983,2.348739495798319,0.0002241133513828571
0.6294117647058823,2.348739495798319,0.00022526921063399072
0.6369747899159663,2.348739495798319,0.00022642506988512434
0.6445378151260504,2.348739495798319,0.00022758092913625794
0.6521008403361345,2.348739495798319,0.00022873678838739156
0.6596638655462185,2.348739495798319,0.00022989264763852518
0.6672268907563025,2.348739495798319,0.00023104850688965877
0.6747899159663865,2.348739495798319,0.0002322043661407924
0.6823529411764706,2.348739495798319,0.0002333553212649613
0.6899159663865546,2.348739495798319,0.00023450566337325965
0.6974789915966386,2.348739495798319,0.00023565600548155794
0.7050420168067226,2.348739495798319,0.00023656073046621255
0.7126050420168067,2.348739495798319,0.00023734264688904535
0.7201680672268908,2.348739495798319,0.0002381245633118781
0.7277310924369748,2.348739495798319,0.00023888878970882856
0.7352941176470588,2.348739495798319,0.00023963090357342602
0.7428571428571429,2.348739495798319,0.00024037301743802352
0.7504201680672269,2.348739495798319,0.00024111513130262098
0.7579831932773109,2.348739495798319,0.00024185724516721845
0.7655462184873949,2.348739495798319,0.00024259935903181594
0.773109243697479,2.348739495798319,0.0002433414728964134
0.780672268907563,2.348739495798319,0.00024408358676101093
0.788235294117647,2.348739495798319,0.00024482570062560837
0.795798319327731,2.348739495798319,0.00024556781449020583
0.8033613445378152,2.348739495798319,0.0002462912167136638
0.8109243697478992,2.348739495798319,0.00024699122938569746
0.8184873949579832,2.348739495798319,0.0002476912420577311
0.8260504201680672,2.348739495798319,0.00024839125472976467
0.8336134453781512,2.348739495798319,0.0002490912674017983
0.8411764705882353,2.348739495798319,0.0002497912800738319
0.8487394957983193,2.348739495798319,0.0002504912927458655
0.8563025210084033,2.348739495798319,0.00025119130541789914
0.8638655462184873,2.348739495798319,0.0002518913180899327
0.8714285714285714,2.348739495798319,0.00025259133076196635
0.8789915966386554,2.348739495798319,0.0002532542368259596
0.8865546218487395,2.348739495798319,0.0002538707596299025
0.8941176470588235,2.348739495798319,0.0002544872824338453
0.9016806722689076,2.348739495798319,0.00025507796083553606
0.9092436974789916,2.348739495798319,0.0002555781838293445
0.9168067226890756,2.348739495798319,0.00025607840682315293
0.9243697478991596,2.348739495798319,0.0002565786298169613
0.9319327731092437,2.348739495798319,0.0002570788528107697
0.9394957983193277,2.348739495798319,0.00025757907580457813
0.9470588235294117,2.348739495798319,0.0002580792987983865
0.9546218487394957,2.348739495798319,0.00025857952179219495
0.9621848739495799,2.348739495798319,0.00025907974478600333
0.9697478991596639,2.348739495798319,0.00025957996777981176
0.9773109243697479,2.348739495798319,0.0002602173183527697
0.9848739495798319,2.348739495798319,0.0002613346154527512
0.992436974789916,2.348739495798319,0.00026245191255273273
1.0,2.348739495798319,0.00026356920965271425
0.1,2.3655462184873945,6.038029939759753e-05
0.10756302521008404,2.3655462184873945,6.444041669359631e-05
0.11512605042016807,2.3655462184873945,6.85005339895951e-05
0.12268907563025211,2.3655462184873945,7.256065128559387e-05
0.13025210084033614,2.3655462184873945,7.662076858159264e-05
0.13781512605042018,2.3655462184873945,8.044740574373989e-05
0.1453781512605042,2.3655462184873945,8.415730283896137e-05
0.15294117647058825,2.3655462184873945,8.786719993418287e-05
0.16050420168067228,2.3655462184873945,9.157709702940436e-05
0.16806722689075632,2.3655462184873945,9.528699412462586e-05
0.17563025210084032,2.3655462184873945,9.899689121984734e-05
0.18319327731092439,2.3655462184873945,0.00010270678831506885
0.1907563025210084,2.3655462184873945,0.00010641668541029032
0.19831932773109245,2.3655462184873945,0.00011012658250551184
0.20588235294117646,2.3655462184873945,0.00011329713336583359
0.21344537815126052,2.3655462184873945,0.00011631358530189833
0.22100840336134453,2.3655462184873945,0.00011933003723796302
0.22857142857142856,2.3655462184873945,0.00012234648917402774
0.2361344537815126,2.3655462184873945,0.00012536294111009243
0.24369747899159663,2.3655462184873945,0.00012837939304615714
0.25126050420168067,2.3655462184873945,0.00013139584498222183
0.2588235294117647,2.3655462184873945,0.00013441229691828655
0.26638655462184874,2.3655462184873945,0.00013742874885435126
0.2739495798319328,2.3655462184873945,0.00014057201541849663
0.2815126050420168,2.3655462184873945,0.0001437311338111521
0.2890756302521008,2.3655462184873945,0.00014689025220380756
0.2966386554621849,2.3655462184873945,0.00015004937059646302
0.30420168067226894,2.3655462184873945,0.0001527730595006227
0.31176470588235294,2.3655462184873945,0.00015514840481398572
0.31932773109243695,2.3655462184873945,0.00015752375012734873
0.326890756302521,2.3655462184873945,0.00015989909544071175
0.3344537815126051,2.3655462184873945,0.00016219875363054703
0.3420168067226891,2.3655462184873945,0.00016423350688803525
0.3495798319327731,2.3655462184873945,0.00016626826014552352
0.3571428571428571,2.3655462184873945,0.0001683030134030117
0.3647058823529412,2.3655462184873945,0.00017033776666049998
0.3722689075630252,2.3655462184873945,0.0001723725199179882
0.3798319327731092,2.3655462184873945,0.00017440727317547645
0.38739495798319323,2.3655462184873945,0.00017644202643296464
0.39495798319327735,2.3655462184873945,0.0001784767796904529
0.40252100840336136,2.3655462184873945,0.00018034246331950332
0.41008403361344536,2.3655462184873945,0.00018187000769167812
0.41764705882352937,2.3655462184873945,0.0001833975520638529
0.4252100840336135,2.3655462184873945,0.0001849250964360277
0.4327731092436975,2.3655462184873945,0.00018645264080820252
0.4403361344537815,2.3655462184873945,0.0001879801851803773
0.4478991596638655,2.3655462184873945,0.00018950772955255208
0.4554621848739496,2.3655462184873945,0.00019103527392472686
0.46302521008403363,2.3655462184873945,0.00019256281829690166
0.47058823529411764,2.3655462184873945,0.00019430115490891173
0.47815126050420165,2.3655462184873945,0.00019630298182071593
0.48571428571428577,2.3655462184873945,0.00019830480873252017
0.49327731092436977,2.3655462184873945,0.00020030663564432437
0.5008403361344538,2.3655462184873945,0.00020228979456018991
0.5084033613445378,2.3655462184873945,0.00020412360950854618
0.5159663865546219,2.3655462184873945,0.00020595742445690253
0.5235294117647059,2.3655462184873945,0.0002077912394052588
0.5310924369747899,2.3655462184873945,0.00020962505435361513
0.5386554621848739,2.3655462184873945,0.00021116277549271256
0.546218487394958,2.3655462184873945,0.00021261589840059324
0.553781512605042,2.3655462184873945,0.0002140690213084739
0.561344537815126,2.3655462184873945,0.00021552214421635457
0.5689075630252101,2.3655462184873945,0.00021697526712423525
0.5764705882352942,2.3655462184873945,0.00021842839003211593
0.5840336134453782,2.3655462184873945,0.0002198815129399966
0.5915966386554622,2.3655462184873945,0.00022133463584787726
0.5991596638655462,2.3655462184873945,0.0002227877587557579
0.6067226890756302,2.3655462184873945,0.00022397664730208566
0.6142857142857142,2.3655462184873945,0.00022513250655321928
0.6218487394957983,2.3655462184873945,0.0002262883658043529
0.6294117647058823,2.3655462184873945,0.00022744422505548652
0.6369747899159663,2.3655462184873945,0.00022860008430662012
0.6445378151260504,2.3655462184873945,0.00022975594355775374
0.6521008403361345,2.3655462184873945,0.00023091180280888736
0.6596638655462185,2.3655462184873945,0.00023206766206002098
0.6672268907563025,2.3655462184873945,0.00023322352131115458
0.6747899159663865,2.3655462184873945,0.00023437386341945292
0.6823529411764706,2.3655462184873945,0.00023552420552775123
0.6899159663865546,2.3655462184873945,0.00023667454763604955
0.6974789915966386,2.3655462184873945,0.00023782488974434787
0.7050420168067226,2.3655462184873945,0.00023872961472900245
0.7126050420168067,2.3655462184873945,0.00023951153115183525
0.7201680672268908,2.3655462184873945,0.000240293447574668
0.7277310924369748,2.3655462184873945,0.00024107536399750078
0.7352941176470588,2.3655462184873945,0.0002418440129009218
0.7428571428571429,2.3655462184873945,0.0002425861267655193
0.7504201680672269,2.3655462184873945,0.00024332824063011678
0.7579831932773109,2.3655462184873945,0.00024407035449471425
0.7655462184873949,2.3655462184873945,0.00024481246835931174
0.773109243697479,2.3655462184873945,0.0002455545822239092
0.780672268907563,2.3655462184873945,0.0002462966960885067
0.788235294117647,2.3655462184873945,0.00024703880995310414
0.795798319327731,2.3655462184873945,0.0002477809238177016
0.8033613445378152,2.3655462184873945,0.0002485043260411596
0.8109243697478992,2.3655462184873945,0.00024920433871319323
0.8184873949579832,2.3655462184873945,0.00024990435138522686
0.8260504201680672,2.3655462184873945,0.0002506043640572605
0.8336134453781512,2.3655462184873945,0.0002513043767292941
0.8411764705882353,2.3655462184873945,0.0002520043894013277
0.8487394957983193,2.3655462184873945,0.0002527044020733613
0.8563025210084033,2.3655462184873945,0.0002534044147453949
0.8638655462184873,2.3655462184873945,0.0002541044274174285
0.8714285714285714,2.3655462184873945,0.00025475805682941173
0.8789915966386554,2.3655462184873945,0.0002553745796333546
0.8865546218487395,2.3655462184873945,0.0002559911024372974
0.8941176470588235,2.3655462184873945,0.0002566076252412403
0.9016806722689076,2.3655462184873945,0.00025719830364293104
0.9092436974789916,2.3655462184873945,0.0002576985266367394
0.9168067226890756,2.3655462184873945,0.00025819874963054786
0.9243697478991596,2.3655462184873945,0.00025869897262435624
0.9319327731092437,2.3655462184873945,0.0002591991956181646
0.9394957983193277,2.3655462184873945,0.00025969941861197306
0.9470588235294117,2.3655462184873945,0.00026019964160578144
0.9546218487394957,2.3655462184873945,0.00026069986459958987
0.9621848739495799,2.3655462184873945,0.00026120008759339825
0.9697478991596639,2.3655462184873945,0.0002619060019559311
0.9773109243697479,2.3655462184873945,0.00026302329905591255
0.9848739495798319,2.3655462184873945,0.000264140596155894
0.992436974789916,2.3655462184873945,0.0002652578932558756
1.0,2.3655462184873945,0.00026637519035585706
0.1,2.3823529411764706,6.067925460426236e-05
0.10756302521008404,2.3823529411764706,6.473937190026113e-05
0.11512605042016807,2.3823529411764706,6.879948919625992e-05
0.12268907563025211,2.3823529411764706,7.285960649225869e-05
0.13025210084033614,2.3823529411764706,7.691972378825748e-05
0.13781512605042018,2.3823529411764706,8.097984108425625e-05
0.1453781512605042,2.3823529411764706,8.484539160204545e-05
0.15294117647058825,2.3823529411764706,8.855528869726693e-05
0.16050420168067228,2.3823529411764706,9.226518579248843e-05
0.16806722689075632,2.3823529411764706,9.597508288770992e-05
0.17563025210084032,2.3823529411764706,9.96849799829314e-05
0.18319327731092439,2.3823529411764706,0.00010339487707815291
0.1907563025210084,2.3823529411764706,0.00010710477417337438
0.19831932773109245,2.3823529411764706,0.0001108146712685959
0.20588235294117646,2.3823529411764706,0.00011398522212891765
0.21344537815126052,2.3823529411764706,0.00011700167406498238
0.22100840336134453,2.3823529411764706,0.00012001812600104705
0.22857142857142856,2.3823529411764706,0.00012303457793711177
0.2361344537815126,2.3823529411764706,0.00012605102987317649
0.24369747899159663,2.3823529411764706,0.00012906748180924117
0.25126050420168067,2.3823529411764706,0.00013208393374530586
0.2588235294117647,2.3823529411764706,0.00013510038568137058
0.26638655462184874,2.3823529411764706,0.00013825950407402607
0.2739495798319328,2.3823529411764706,0.00014141862246668153
0.2815126050420168,2.3823529411764706,0.000144577740859337
0.2890756302521008,2.3823529411764706,0.00014773685925199246
0.2966386554621849,2.3823529411764706,0.00015089597764464792
0.30420168067226894,2.3823529411764706,0.00015361966654880757
0.31176470588235294,2.3823529411764706,0.0001559950118621706
0.31932773109243695,2.3823529411764706,0.0001583703571755336
0.326890756302521,2.3823529411764706,0.00016074570248889665
0.3344537815126051,2.3823529411764706,0.0001631210478022597
0.3420168067226891,2.3823529411764706,0.00016545854955385883
0.3495798319327731,2.3823529411764706,0.0001674933028113471
0.3571428571428571,2.3823529411764706,0.0001695280560688353
0.3647058823529412,2.3823529411764706,0.00017156280932632354
0.3722689075630252,2.3823529411764706,0.00017359756258381178
0.3798319327731092,2.3823529411764706,0.00017563231584130003
0.38739495798319323,2.3823529411764706,0.00017766706909878825
0.39495798319327735,2.3823529411764706,0.0001797018223562765
0.40252100840336136,2.3823529411764706,0.0001815675059853269
0.41008403361344536,2.3823529411764706,0.00018309505035750168
0.41764705882352937,2.3823529411764706,0.00018462259472967649
0.4252100840336135,2.3823529411764706,0.0001861501391018513
0.4327731092436975,2.3823529411764706,0.00018767768347402607
0.4403361344537815,2.3823529411764706,0.00018920522784620085
0.4478991596638655,2.3823529411764706,0.00019073277221837563
0.4554621848739496,2.3823529411764706,0.00019226031659055044
0.46302521008403363,2.3823529411764706,0.00019405135126251936
0.47058823529411764,2.3823529411764706,0.00019605317817432354
0.47815126050420165,2.3823529411764706,0.00019805500508612774
0.48571428571428577,2.3823529411764706,0.00020005683199793197
0.49327731092436977,2.3823529411764706,0.00020205865890973615
0.5008403361344538,2.3823529411764706,0.0002040418178256017
0.5084033613445378,2.3823529411764706,0.000205875632773958
0.5159663865546219,2.3823529411764706,0.00020770944772231431
0.5235294117647059,2.3823529411764706,0.0002095432626706706
0.5310924369747899,2.3823529411764706,0.0002113770776190269
0.5386554621848739,2.3823529411764706,0.00021321089256738318
0.546218487394958,2.3823529411764706,0.00021479091282208912
0.553781512605042,2.3823529411764706,0.00021624403572996978
0.561344537815126,2.3823529411764706,0.00021769715863785045
0.5689075630252101,2.3823529411764706,0.0002191502815457311
0.5764705882352942,2.3823529411764706,0.0002206034044536118
0.5840336134453782,2.3823529411764706,0.00022205652736149246
0.5915966386554622,2.3823529411764706,0.00022350965026937312
0.5991596638655462,2.3823529411764706,0.0002249627731772538
0.6067226890756302,2.3823529411764706,0.0002261516617235815
0.6142857142857142,2.3823529411764706,0.00022730752097471513
0.6218487394957983,2.3823529411764706,0.00022846338022584876
0.6294117647058823,2.3823529411764706,0.00022961923947698238
0.6369747899159663,2.3823529411764706,0.00023077509872811597
0.6445378151260504,2.3823529411764706,0.0002319309579792496
0.6521008403361345,2.3823529411764706,0.00023308681723038322
0.6596638655462185,2.3823529411764706,0.00023424206346564622
0.6672268907563025,2.3823529411764706,0.00023539240557394456
0.6747899159663865,2.3823529411764706,0.00023654274768224287
0.6823529411764706,2.3823529411764706,0.0002376930897905412
0.6899159663865546,2.3823529411764706,0.0002388434318988395
0.6974789915966386,2.3823529411764706,0.00023999377400713782
0.7050420168067226,2.3823529411764706,0.00024089849899179244
0.7126050420168067,2.3823529411764706,0.0002416804154146252
0.7201680672268908,2.3823529411764706,0.00024246233183745797
0.7277310924369748,2.3823529411764706,0.00024324424826029073
0.7352941176470588,2.3823529411764706,0.00024402616468312353
0.7428571428571429,2.3823529411764706,0.00024479923609301517
0.7504201680672269,2.3823529411764706,0.00024554134995761264
0.7579831932773109,2.3823529411764706,0.0002462834638222101
0.7655462184873949,2.3823529411764706,0.00024702557768680757
0.773109243697479,2.3823529411764706,0.0002477676915514051
0.780672268907563,2.3823529411764706,0.00024850980541600256
0.788235294117647,2.3823529411764706,0.0002492519192806
0.795798319327731,2.3823529411764706,0.0002499940331451975
0.8033613445378152,2.3823529411764706,0.0002507174353686555
0.8109243697478992,2.3823529411764706,0.0002514174480406891
0.8184873949579832,2.3823529411764706,0.0002521174607127227
0.8260504201680672,2.3823529411764706,0.0002528174733847563
0.8336134453781512,2.3823529411764706,0.0002535174860567899
0.8411764705882353,2.3823529411764706,0.00025421749872882353
0.8487394957983193,2.3823529411764706,0.00025491751140085717
0.8563025210084033,2.3823529411764706,0.00025561752407289075
0.8638655462184873,2.3823529411764706,0.0002562618768328639
0.8714285714285714,2.3823529411764706,0.00025687839963680676
0.8789915966386554,2.3823529411764706,0.0002574949224407496
0.8865546218487395,2.3823529411764706,0.00025811144524469246
0.8941176470588235,2.3823529411764706,0.00025872796804863533
0.9016806722689076,2.3823529411764706,0.0002593186464503261
0.9092436974789916,2.3823529411764706,0.00025981886944413446
0.9168067226890756,2.3823529411764706,0.00026031909243794284
0.9243697478991596,2.3823529411764706,0.0002608193154317513
0.9319327731092437,2.3823529411764706,0.00026131953842555965
0.9394957983193277,2.3823529411764706,0.0002618197614193681
0.9470588235294117,2.3823529411764706,0.00026231998441317647
0.9546218487394957,2.3823529411764706,0.00026282020740698485
0.9621848739495799,2.3823529411764706,0.00026359468555909243
0.9697478991596639,2.3823529411764706,0.00026471198265907395
0.9773109243697479,2.3823529411764706,0.00026582927975905547
0.9848739495798319,2.3823529411764706,0.000266946576859037
0.992436974789916,2.3823529411764706,0.0002680638739590185
1.0,2.3823529411764706,0.000269181171059
0.1,2.399159663865546,6.097820981092719e-05
0.10756302521008404,2.399159663865546,6.503832710692597e-05
0.11512605042016807,2.399159663865546,6.909844440292475e-05
0.12268907563025211,2.399159663865546,7.315856169892353e-05
0.13025210084033614,2.399159663865546,7.72186789949223e-05
0.13781512605042018,2.399159663865546,8.127879629092109e-05
0.1453781512605042,2.399159663865546,8.533891358691988e-05
0.15294117647058825,2.399159663865546,8.924337746035097e-05
0.16050420168067228,2.399159663865546,9.295327455557245e-05
0.16806722689075632,2.399159663865546,9.666317165079395e-05
0.17563025210084032,2.399159663865546,0.00010037306874601543
0.18319327731092439,2.399159663865546,0.00010408296584123693
0.1907563025210084,2.399159663865546,0.00010779286293645842
0.19831932773109245,2.399159663865546,0.00011150276003167992
0.20588235294117646,2.399159663865546,0.00011467331089200168
0.21344537815126052,2.399159663865546,0.0001176897628280664
0.22100840336134453,2.399159663865546,0.00012070621476413109
0.22857142857142856,2.399159663865546,0.0001237226667001958
0.2361344537815126,2.399159663865546,0.00012673911863626052
0.24369747899159663,2.399159663865546,0.0001297555705723252
0.25126050420168067,2.399159663865546,0.00013278787433690001
0.2588235294117647,2.399159663865546,0.00013594699272955545
0.26638655462184874,2.399159663865546,0.00013910611112221094
0.2739495798319328,2.399159663865546,0.0001422652295148664
0.2815126050420168,2.399159663865546,0.00014542434790752187
0.2890756302521008,2.399159663865546,0.00014858346630017733
0.2966386554621849,2.399159663865546,0.0001517425846928328
0.30420168067226894,2.399159663865546,0.00015446627359699244
0.31176470588235294,2.399159663865546,0.00015684161891035549
0.31932773109243695,2.399159663865546,0.0001592169642237185
0.326890756302521,2.399159663865546,0.00016159230953708152
0.3344537815126051,2.399159663865546,0.00016396765485044457
0.3420168067226891,2.399159663865546,0.00016634300016380758
0.3495798319327731,2.399159663865546,0.00016871834547717057
0.3571428571428571,2.399159663865546,0.00017075309873465882
0.3647058823529412,2.399159663865546,0.00017278785199214706
0.3722689075630252,2.399159663865546,0.0001748226052496353
0.3798319327731092,2.399159663865546,0.00017685735850712353
0.38739495798319323,2.399159663865546,0.00017889211176461175
0.39495798319327735,2.399159663865546,0.00018092686502210002
0.40252100840336136,2.399159663865546,0.00018279254865115043
0.41008403361344536,2.399159663865546,0.0001843200930233252
0.41764705882352937,2.399159663865546,0.00018584763739549999
0.4252100840336135,2.399159663865546,0.00018737518176767482
0.4327731092436975,2.399159663865546,0.00018890272613984957
0.4403361344537815,2.399159663865546,0.00019043027051202438
0.4478991596638655,2.399159663865546,0.00019195781488419913
0.4554621848739496,2.399159663865546,0.0001938015476161269
0.46302521008403363,2.399159663865546,0.00019580337452793108
0.47058823529411764,2.399159663865546,0.00019780520143973532
0.47815126050420165,2.399159663865546,0.0001998070283515395
0.48571428571428577,2.399159663865546,0.00020180885526334372
0.49327731092436977,2.399159663865546,0.0002038106821751479
0.5008403361344538,2.399159663865546,0.00020579384109101345
0.5084033613445378,2.399159663865546,0.00020762765603936974
0.5159663865546219,2.399159663865546,0.00020946147098772607
0.5235294117647059,2.399159663865546,0.0002112952859360824
0.5310924369747899,2.399159663865546,0.00021312910088443866
0.5386554621848739,2.399159663865546,0.00021496291583279496
0.546218487394958,2.399159663865546,0.00021679673078115128
0.553781512605042,2.399159663865546,0.00021841905015146555
0.561344537815126,2.399159663865546,0.0002198721730593462
0.5689075630252101,2.399159663865546,0.00022132529596722688
0.5764705882352942,2.399159663865546,0.00022277841887510756
0.5840336134453782,2.399159663865546,0.00022423154178298824
0.5915966386554622,2.399159663865546,0.0002256846646908689
0.5991596638655462,2.399159663865546,0.00022713778759874957
0.6067226890756302,2.399159663865546,0.0002283266761450773
0.6142857142857142,2.399159663865546,0.00022948253539621094
0.6218487394957983,2.399159663865546,0.00023063839464734453
0.6294117647058823,2.399159663865546,0.00023179425389847815
0.6369747899159663,2.399159663865546,0.00023295011314961177
0.6445378151260504,2.399159663865546,0.00023410597240074537
0.6521008403361345,2.399159663865546,0.0002352606056201378
0.6596638655462185,2.399159663865546,0.00023641094772843614
0.6672268907563025,2.399159663865546,0.00023756128983673446
0.6747899159663865,2.399159663865546,0.00023871163194503277
0.6823529411764706,2.399159663865546,0.0002398619740533311
0.6899159663865546,2.399159663865546,0.00024101231616162943
0.6974789915966386,2.399159663865546,0.00024216265826992772
0.7050420168067226,2.399159663865546,0.00024306738325458236
0.7126050420168067,2.399159663865546,0.00024384929967741516
0.7201680672268908,2.399159663865546,0.0002446312161002479
0.7277310924369748,2.399159663865546,0.00024541313252308066
0.7352941176470588,2.399159663865546,0.00024619504894591345
0.7428571428571429,2.399159663865546,0.00024697696536874625
0.7504201680672269,2.399159663865546,0.0002477544592851084
0.7579831932773109,2.399159663865546,0.0002484965731497059
0.7655462184873949,2.399159663865546,0.0002492386870143034
0.773109243697479,2.399159663865546,0.00024998080087890086
0.780672268907563,2.399159663865546,0.00025072291474349833
0.788235294117647,2.399159663865546,0.0002514650286080958
0.795798319327731,2.399159663865546,0.00025220714247269326
0.8033613445378152,2.399159663865546,0.00025293054469615125
0.8109243697478992,2.399159663865546,0.0002536305573681849
0.8184873949579832,2.399159663865546,0.00025433057004021846
0.8260504201680672,2.399159663865546,0.00025503058271225215
0.8336134453781512,2.399159663865546,0.00025573059538428573
0.8411764705882353,2.399159663865546,0.00025643060805631936
0.8487394957983193,2.399159663865546,0.00025713062072835294
0.8563025210084033,2.399159663865546,0.00025776569683631594
0.8638655462184873,2.399159663865546,0.0002583822196402588
0.8714285714285714,2.399159663865546,0.0002589987424442017
0.8789915966386554,2.399159663865546,0.00025961526524814456
0.8865546218487395,2.399159663865546,0.0002602317880520874
0.8941176470588235,2.399159663865546,0.00026084831085603025
0.9016806722689076,2.399159663865546,0.000261438989257721
0.9092436974789916,2.399159663865546,0.00026193921225152944
0.9168067226890756,2.399159663865546,0.0002624394352453378
0.9243697478991596,2.399159663865546,0.00026293965823914625
0.9319327731092437,2.399159663865546,0.00026343988123295463
0.9394957983193277,2.399159663865546,0.000263940104226763
0.9470588235294117,2.399159663865546,0.0002644403272205714
0.9546218487394957,2.399159663865546,0.00026528336916225377
0.9621848739495799,2.399159663865546,0.0002664006662622353
0.9697478991596639,2.399159663865546,0.0002675179633622168
0.9773109243697479,2.399159663865546,0.0002686352604621983
0.9848739495798319,2.399159663865546,0.0002697525575621798
0.992436974789916,2.399159663865546,0.0002708698546621613
1.0,2.399159663865546,0.00027198715176214285
0.1,2.4159663865546217,6.127716501759201e-05
0.10756302521008404,2.4159663865546217,6.53372823135908e-05
0.11512605042016807,2.4159663865546217,6.939739960958957e-05
0.12268907563025211,2.4159663865546217,7.345751690558836e-05
0.13025210084033614,2.4159663865546217,7.751763420158714e-05
0.13781512605042018,2.4159663865546217,8.157775149758592e-05
0.1453781512605042,2.4159663865546217,8.56378687935847e-05
0.15294117647058825,2.4159663865546217,8.969798608958347e-05
0.16050420168067228,2.4159663865546217,9.364136331865648e-05
0.16806722689075632,2.4159663865546217,9.735126041387799e-05
0.17563025210084032,2.4159663865546217,0.00010106115750909946
0.18319327731092439,2.4159663865546217,0.00010477105460432097
0.1907563025210084,2.4159663865546217,0.00010848095169954245
0.19831932773109245,2.4159663865546217,0.00011219084879476396
0.20588235294117646,2.4159663865546217,0.0001153613996550857
0.21344537815126052,2.4159663865546217,0.00011837785159115043
0.22100840336134453,2.4159663865546217,0.00012139430352721512
0.22857142857142856,2.4159663865546217,0.00012441075546327983
0.2361344537815126,2.4159663865546217,0.00012742720739934455
0.24369747899159663,2.4159663865546217,0.00013047536299242942
0.25126050420168067,2.4159663865546217,0.00013363448138508489
0.2588235294117647,2.4159663865546217,0.00013679359977774032
0.26638655462184874,2.4159663865546217,0.0001399527181703958
0.2739495798319328,2.4159663865546217,0.00014311183656305125
0.2815126050420168,2.4159663865546217,0.00014627095495570674
0.2890756302521008,2.4159663865546217,0.00014943007334836217
0.2966386554621849,2.4159663865546217,0.00015258919174101766
0.30420168067226894,2.4159663865546217,0.0001553128806451773
0.31176470588235294,2.4159663865546217,0.00015768822595854036
0.31932773109243695,2.4159663865546217,0.00016006357127190337
0.326890756302521,2.4159663865546217,0.0001624389165852664
0.3344537815126051,2.4159663865546217,0.00016481426189862944
0.3420168067226891,2.4159663865546217,0.00016718960721199245
0.3495798319327731,2.4159663865546217,0.00016956495252535547
0.3571428571428571,2.4159663865546217,0.0001719402978387185
0.3647058823529412,2.4159663865546217,0.0001740128946579706
0.3722689075630252,2.4159663865546217,0.0001760476479154588
0.3798319327731092,2.4159663865546217,0.00017808240117294703
0.38739495798319323,2.4159663865546217,0.00018011715443043527
0.39495798319327735,2.4159663865546217,0.00018215190768792352
0.40252100840336136,2.4159663865546217,0.00018401759131697395
0.41008403361344536,2.4159663865546217,0.00018554513568914873
0.41764705882352937,2.4159663865546217,0.00018707268006132354
0.4252100840336135,2.4159663865546217,0.00018860022443349832
0.4327731092436975,2.4159663865546217,0.00019012776880567313
0.4403361344537815,2.4159663865546217,0.0001916553131778479
0.4478991596638655,2.4159663865546217,0.00019355174396973445
0.4554621848739496,2.4159663865546217,0.00019555357088153869
0.46302521008403363,2.4159663865546217,0.00019755539779334286
0.47058823529411764,2.4159663865546217,0.00019955722470514707
0.47815126050420165,2.4159663865546217,0.00020155905161695125
0.48571428571428577,2.4159663865546217,0.00020356087852875548
0.49327731092436977,2.4159663865546217,0.00020556270544055965
0.5008403361344538,2.4159663865546217,0.00020754586435642523
0.5084033613445378,2.4159663865546217,0.00020937967930478152
0.5159663865546219,2.4159663865546217,0.00021121349425313785
0.5235294117647059,2.4159663865546217,0.00021304730920149414
0.5310924369747899,2.4159663865546217,0.0002148811241498504
0.5386554621848739,2.4159663865546217,0.0002167149390982067
0.546218487394958,2.4159663865546217,0.00021854875404656306
0.553781512605042,2.4159663865546217,0.00022038256899491936
0.561344537815126,2.4159663865546217,0.000222047187480842
0.5689075630252101,2.4159663865546217,0.00022350031038872268
0.5764705882352942,2.4159663865546217,0.00022495343329660334
0.5840336134453782,2.4159663865546217,0.00022640655620448404
0.5915966386554622,2.4159663865546217,0.0002278596791123647
0.5991596638655462,2.4159663865546217,0.00022931280202024537
0.6067226890756302,2.4159663865546217,0.0002305016905665731
0.6142857142857142,2.4159663865546217,0.0002316575498177067
0.6218487394957983,2.4159663865546217,0.0002328134090688403
0.6294117647058823,2.4159663865546217,0.00023396926831997393
0.6369747899159663,2.4159663865546217,0.00023512512757110755
0.6445378151260504,2.4159663865546217,0.00023627914777462939
0.6521008403361345,2.4159663865546217,0.00023742948988292773
0.6596638655462185,2.4159663865546217,0.00023857983199122604
0.6672268907563025,2.4159663865546217,0.00023973017409952439
0.6747899159663865,2.4159663865546217,0.00024088051620782267
0.6823529411764706,2.4159663865546217,0.000242030858316121
0.6899159663865546,2.4159663865546217,0.00024318120042441933
0.6974789915966386,2.4159663865546217,0.0002443315425327177
0.7050420168067226,2.4159663865546217,0.00024523626751737226
0.7126050420168067,2.4159663865546217,0.00024601818394020506
0.7201680672268908,2.4159663865546217,0.00024680010036303785
0.7277310924369748,2.4159663865546217,0.0002475820167858706
0.7352941176470588,2.4159663865546217,0.0002483639332087034
0.7428571428571429,2.4159663865546217,0.0002491458496315362
0.7504201680672269,2.4159663865546217,0.0002499277660543689
0.7579831932773109,2.4159663865546217,0.0002507096824772017
0.7655462184873949,2.4159663865546217,0.00025145179634179917
0.773109243697479,2.4159663865546217,0.00025219391020639664
0.780672268907563,2.4159663865546217,0.0002529360240709941
0.788235294117647,2.4159663865546217,0.0002536781379355916
0.795798319327731,2.4159663865546217,0.0002544202518001891
0.8033613445378152,2.4159663865546217,0.0002551436540236471
0.8109243697478992,2.4159663865546217,0.00025584366669568066
0.8184873949579832,2.4159663865546217,0.0002565436793677143
0.8260504201680672,2.4159663865546217,0.0002572436920397479
0.8336134453781512,2.4159663865546217,0.0002579437047117815
0.8411764705882353,2.4159663865546217,0.00025864371738381514
0.8487394957983193,2.4159663865546217,0.0002592695168397681
0.8563025210084033,2.4159663865546217,0.0002598860396437109
0.8638655462184873,2.4159663865546217,0.00026050256244765374
0.8714285714285714,2.4159663865546217,0.0002611190852515966
0.8789915966386554,2.4159663865546217,0.0002617356080555395
0.8865546218487395,2.4159663865546217,0.00026235213085948236
0.8941176470588235,2.4159663865546217,0.0002629686536634252
0.9016806722689076,2.4159663865546217,0.000263559332065116
0.9092436974789916,2.4159663865546217,0.00026405955505892436
0.9168067226890756,2.4159663865546217,0.00026455977805273274
0.9243697478991596,2.4159663865546217,0.0002650600010465412
0.9319327731092437,2.4159663865546217,0.00026556022404034956
0.9394957983193277,2.4159663865546217,0.00026606044703415794
0.9470588235294117,2.4159663865546217,0.0002669720527654151
0.9546218487394957,2.4159663865546217,0.0002680893498653966
0.9621848739495799,2.4159663865546217,0.00026920664696537816
0.9697478991596639,2.4159663865546217,0.0002703239440653597
0.9773109243697479,2.4159663865546217,0.00027144124116534115
0.9848739495798319,2.4159663865546217,0.00027255853826532267
0.992436974789916,2.4159663865546217,0.0002736758353653042
1.0,2.4159663865546217,0.0002747931324652857
0.1,2.4327731092436977,6.157612022425684e-05
0.10756302521008404,2.4327731092436977,6.563623752025563e-05
0.11512605042016807,2.4327731092436977,6.96963548162544e-05
0.12268907563025211,2.4327731092436977,7.375647211225318e-05
0.13025210084033614,2.4327731092436977,7.781658940825196e-05
0.13781512605042018,2.4327731092436977,8.187670670425073e-05
0.1453781512605042,2.4327731092436977,8.593682400024951e-05
0.15294117647058825,2.4327731092436977,8.99969412962483e-05
0.16050420168067228,2.4327731092436977,9.405705859224707e-05
0.16806722689075632,2.4327731092436977,9.803934917696202e-05
0.17563025210084032,2.4327731092436977,0.0001017492462721835
0.18319327731092439,2.4327731092436977,0.000105459143367405
0.1907563025210084,2.4327731092436977,0.00010916904046262648
0.19831932773109245,2.4327731092436977,0.000112878937557848
0.20588235294117646,2.4327731092436977,0.00011604948841816976
0.21344537815126052,2.4327731092436977,0.00011906594035423447
0.22100840336134453,2.4327731092436977,0.00012208239229029918
0.22857142857142856,2.4327731092436977,0.0001250988442263639
0.2361344537815126,2.4327731092436977,0.00012816285164795883
0.24369747899159663,2.4327731092436977,0.0001313219700406143
0.25126050420168067,2.4327731092436977,0.00013448108843326976
0.2588235294117647,2.4327731092436977,0.00013764020682592522
0.26638655462184874,2.4327731092436977,0.00014079932521858068
0.2739495798319328,2.4327731092436977,0.00014395844361123614
0.2815126050420168,2.4327731092436977,0.0001471175620038916
0.2890756302521008,2.4327731092436977,0.0001502766803965471
0.2966386554621849,2.4327731092436977,0.00015343579878920253
0.30420168067226894,2.4327731092436977,0.0001561594876933622
0.31176470588235294,2.4327731092436977,0.0001585348330067252
0.31932773109243695,2.4327731092436977,0.00016091017832008822
0.326890756302521,2.4327731092436977,0.00016328552363345126
0.3344537815126051,2.4327731092436977,0.00016566086894681433
0.3420168067226891,2.4327731092436977,0.00016803621426017732
0.3495798319327731,2.4327731092436977,0.00017041155957354034
0.3571428571428571,2.4327731092436977,0.00017278690488690339
0.3647058823529412,2.4327731092436977,0.0001751622502002664
0.3722689075630252,2.4327731092436977,0.0001772726905812824
0.3798319327731092,2.4327731092436977,0.0001793074438387706
0.38739495798319323,2.4327731092436977,0.00018134219709625883
0.39495798319327735,2.4327731092436977,0.00018337695035374707
0.40252100840336136,2.4327731092436977,0.00018524263398279748
0.41008403361344536,2.4327731092436977,0.0001867701783549723
0.41764705882352937,2.4327731092436977,0.00018829772272714707
0.4252100840336135,2.4327731092436977,0.0001898252670993219
0.4327731092436975,2.4327731092436977,0.00019135281147149668
0.4403361344537815,2.4327731092436977,0.00019330194032334206
0.4478991596638655,2.4327731092436977,0.00019530376723514623
0.4554621848739496,2.4327731092436977,0.00019730559414695047
0.46302521008403363,2.4327731092436977,0.00019930742105875464
0.47058823529411764,2.4327731092436977,0.00020130924797055885
0.47815126050420165,2.4327731092436977,0.00020331107488236302
0.48571428571428577,2.4327731092436977,0.00020531290179416726
0.49327731092436977,2.4327731092436977,0.00020731472870597146
0.5008403361344538,2.4327731092436977,0.000209297887621837
0.5084033613445378,2.4327731092436977,0.0002111317025701933
0.5159663865546219,2.4327731092436977,0.00021296551751854963
0.5235294117647059,2.4327731092436977,0.00021479933246690592
0.5310924369747899,2.4327731092436977,0.00021663314741526222
0.5386554621848739,2.4327731092436977,0.0002184669623636185
0.546218487394958,2.4327731092436977,0.00022030077731197484
0.553781512605042,2.4327731092436977,0.00022213459226033114
0.561344537815126,2.4327731092436977,0.0002239684072086874
0.5689075630252101,2.4327731092436977,0.00022567532481021854
0.5764705882352942,2.4327731092436977,0.0002271284477180992
0.5840336134453782,2.4327731092436977,0.0002285815706259799
0.5915966386554622,2.4327731092436977,0.00023003469353386055
0.5991596638655462,2.4327731092436977,0.00023148781644174123
0.6067226890756302,2.4327731092436977,0.00023267670498806895
0.6142857142857142,2.4327731092436977,0.00023383256423920254
0.6218487394957983,2.4327731092436977,0.00023498842349033616
0.6294117647058823,2.4327731092436977,0.00023614428274146978
0.6369747899159663,2.4327731092436977,0.00023729768992912105
0.6445378151260504,2.4327731092436977,0.00023844803203741934
0.6521008403361345,2.4327731092436977,0.00023959837414571768
0.6596638655462185,2.4327731092436977,0.00024074871625401602
0.6672268907563025,2.4327731092436977,0.00024189905836231434
0.6747899159663865,2.4327731092436977,0.00024304940047061266
0.6823529411764706,2.4327731092436977,0.00024419974257891097
0.6899159663865546,2.4327731092436977,0.00024535008468720926
0.6974789915966386,2.4327731092436977,0.0002465004267955076
0.7050420168067226,2.4327731092436977,0.0002474051517801622
0.7126050420168067,2.4327731092436977,0.000248187068202995
0.7201680672268908,2.4327731092436977,0.0002489689846258278
0.7277310924369748,2.4327731092436977,0.0002497509010486605
0.7352941176470588,2.4327731092436977,0.0002505328174714933
0.7428571428571429,2.4327731092436977,0.0002513147338943261
0.7504201680672269,2.4327731092436977,0.00025209665031715884
0.7579831932773109,2.4327731092436977,0.00025287856673999163
0.7655462184873949,2.4327731092436977,0.0002536604831628244
0.773109243697479,2.4327731092436977,0.00025440701953389247
0.780672268907563,2.4327731092436977,0.00025514913339848993
0.788235294117647,2.4327731092436977,0.00025589124726308745
0.795798319327731,2.4327731092436977,0.0002566333611276849
0.8033613445378152,2.4327731092436977,0.0002573567633511429
0.8109243697478992,2.4327731092436977,0.00025805677602317654
0.8184873949579832,2.4327731092436977,0.0002587567886952101
0.8260504201680672,2.4327731092436977,0.00025945680136724375
0.8336134453781512,2.4327731092436977,0.0002601568140392774
0.8411764705882353,2.4327731092436977,0.0002607733368432202
0.8487394957983193,2.4327731092436977,0.0002613898596471631
0.8563025210084033,2.4327731092436977,0.0002620063824511059
0.8638655462184873,2.4327731092436977,0.00026262290525504877
0.8714285714285714,2.4327731092436977,0.00026323942805899165
0.8789915966386554,2.4327731092436977,0.0002638559508629345
0.8865546218487395,2.4327731092436977,0.00026447247366687734
0.8941176470588235,2.4327731092436977,0.0002650889964708202
0.9016806722689076,2.4327731092436977,0.00026567967487251096
0.9092436974789916,2.4327731092436977,0.00026617989786631934
0.9168067226890756,2.4327731092436977,0.0002666801208601278
0.9243697478991596,2.4327731092436977,0.00026718034385393616
0.9319327731092437,2.4327731092436977,0.00026768056684774454
0.9394957983193277,2.4327731092436977,0.00026866073636857657
0.9470588235294117,2.4327731092436977,0.00026977803346855803
0.9546218487394957,2.4327731092436977,0.0002708953305685395
0.9621848739495799,2.4327731092436977,0.0002720126276685211
0.9697478991596639,2.4327731092436977,0.0002731299247685026
0.9773109243697479,2.4327731092436977,0.00027424722186848407
0.9848739495798319,2.4327731092436977,0.00027536451896846553
0.992436974789916,2.4327731092436977,0.00027648181606844706
1.0,2.4327731092436977,0.0002775991131684286
0.1,2.4495798319327733,6.187507543092167e-05
0.10756302521008404,2.4495798319327733,6.593519272692045e-05
0.11512605042016807,2.4495798319327733,6.999531002291923e-05
0.12268907563025211,2.4495798319327733,7.405542731891801e-05
0.13025210084033614,2.4495798319327733,7.81155446149168e-05
0.13781512605042018,2.4495798319327733,8.217566191091557e-05
0.1453781512605042,2.4495798319327733,8.623577920691434e-05
0.15294117647058825,2.4495798319327733,9.029589650291314e-05
0.16050420168067228,2.4495798319327733,9.43560137989119e-05
0.16806722689075632,2.4495798319327733,9.841613109491068e-05
0.17563025210084032,2.4495798319327733,0.00010243733503526754
0.18319327731092439,2.4495798319327733,0.00010614723213048904
0.1907563025210084,2.4495798319327733,0.00010985712922571052
0.19831932773109245,2.4495798319327733,0.00011356702632093203
0.20588235294117646,2.4495798319327733,0.00011673757718125379
0.21344537815126052,2.4495798319327733,0.0001197540291173185
0.22100840336134453,2.4495798319327733,0.0001227704810533832
0.22857142857142856,2.4495798319327733,0.00012585034030348824
0.2361344537815126,2.4495798319327733,0.0001290094586961437
0.24369747899159663,2.4495798319327733,0.00013216857708879916
0.25126050420168067,2.4495798319327733,0.00013532769548145463
0.2588235294117647,2.4495798319327733,0.0001384868138741101
0.26638655462184874,2.4495798319327733,0.00014164593226676558
0.2739495798319328,2.4495798319327733,0.00014480505065942101
0.2815126050420168,2.4495798319327733,0.00014796416905207648
0.2890756302521008,2.4495798319327733,0.00015112328744473194
0.2966386554621849,2.4495798319327733,0.0001542824058373874
0.30420168067226894,2.4495798319327733,0.00015700609474154708
0.31176470588235294,2.4495798319327733,0.0001593814400549101
0.31932773109243695,2.4495798319327733,0.00016175678536827314
0.326890756302521,2.4495798319327733,0.00016413213068163613
0.3344537815126051,2.4495798319327733,0.00016650747599499918
0.3420168067226891,2.4495798319327733,0.0001688828213083622
0.3495798319327731,2.4495798319327733,0.0001712581666217252
0.3571428571428571,2.4495798319327733,0.00017363351193508826
0.3647058823529412,2.4495798319327733,0.00017600885724845127
0.3722689075630252,2.4495798319327733,0.0001783842025618143
0.3798319327731092,2.4495798319327733,0.0001805324865045941
0.38739495798319323,2.4495798319327733,0.00018256723976208233
0.39495798319327735,2.4495798319327733,0.0001846019930195706
0.40252100840336136,2.4495798319327733,0.00018646767664862103
0.41008403361344536,2.4495798319327733,0.00018799522102079581
0.41764705882352937,2.4495798319327733,0.0001895227653929706
0.4252100840336135,2.4495798319327733,0.0001910503097651454
0.4327731092436975,2.4495798319327733,0.00019305213667694963
0.4403361344537815,2.4495798319327733,0.0001950539635887538
0.4478991596638655,2.4495798319327733,0.000197055790500558
0.4554621848739496,2.4495798319327733,0.00019905761741236222
0.46302521008403363,2.4495798319327733,0.0002010594443241664
0.47058823529411764,2.4495798319327733,0.00020306127123597063
0.47815126050420165,2.4495798319327733,0.0002050630981477748
0.48571428571428577,2.4495798319327733,0.00020706492505957904
0.49327731092436977,2.4495798319327733,0.0002090667519713832
0.5008403361344538,2.4495798319327733,0.00021104991088724876
0.5084033613445378,2.4495798319327733,0.00021288372583560508
0.5159663865546219,2.4495798319327733,0.0002147175407839614
0.5235294117647059,2.4495798319327733,0.0002165513557323177
0.5310924369747899,2.4495798319327733,0.00021838517068067397
0.5386554621848739,2.4495798319327733,0.00022021898562903027
0.546218487394958,2.4495798319327733,0.0002220528005773866
0.553781512605042,2.4495798319327733,0.0002238866155257429
0.561344537815126,2.4495798319327733,0.00022572043047409918
0.5689075630252101,2.4495798319327733,0.00022755424542245548
0.5764705882352942,2.4495798319327733,0.000229303462139595
0.5840336134453782,2.4495798319327733,0.00023075658504747567
0.5915966386554622,2.4495798319327733,0.00023220970795535632
0.5991596638655462,2.4495798319327733,0.000233662830863237
0.6067226890756302,2.4495798319327733,0.00023485171940956472
0.6142857142857142,2.4495798319327733,0.00023600757866069832
0.6218487394957983,2.4495798319327733,0.00023716343791183197
0.6294117647058823,2.4495798319327733,0.0002383162320836126
0.6369747899159663,2.4495798319327733,0.00023946657419191095
0.6445378151260504,2.4495798319327733,0.00024061691630020924
0.6521008403361345,2.4495798319327733,0.00024176725840850758
0.6596638655462185,2.4495798319327733,0.00024291760051680592
0.6672268907563025,2.4495798319327733,0.00024406794262510424
0.6747899159663865,2.4495798319327733,0.00024521828473340256
0.6823529411764706,2.4495798319327733,0.0002463686268417009
0.6899159663865546,2.4495798319327733,0.0002475189689499992
0.6974789915966386,2.4495798319327733,0.00024866931105829753
0.7050420168067226,2.4495798319327733,0.0002495740360429521
0.7126050420168067,2.4495798319327733,0.0002503559524657849
0.7201680672268908,2.4495798319327733,0.0002511378688886177
0.7277310924369748,2.4495798319327733,0.00025191978531145044
0.7352941176470588,2.4495798319327733,0.00025270170173428324
0.7428571428571429,2.4495798319327733,0.000253483618157116
0.7504201680672269,2.4495798319327733,0.00025426553457994877
0.7579831932773109,2.4495798319327733,0.00025504745100278156
0.7655462184873949,2.4495798319327733,0.00025582936742561435
0.773109243697479,2.4495798319327733,0.0002566112838484471
0.780672268907563,2.4495798319327733,0.00025736224272598576
0.788235294117647,2.4495798319327733,0.00025810435659058323
0.795798319327731,2.4495798319327733,0.0002588464704551807
0.8033613445378152,2.4495798319327733,0.00025956987267863874
0.8109243697478992,2.4495798319327733,0.0002602698853506723
0.8184873949579832,2.4495798319327733,0.00026096989802270595
0.8260504201680672,2.4495798319327733,0.00026166063404272944
0.8336134453781512,2.4495798319327733,0.0002622771568466723
0.8411764705882353,2.4495798319327733,0.0002628936796506152
0.8487394957983193,2.4495798319327733,0.000263510202454558
0.8563025210084033,2.4495798319327733,0.0002641267252585009
0.8638655462184873,2.4495798319327733,0.00026474324806244375
0.8714285714285714,2.4495798319327733,0.00026535977086638657
0.8789915966386554,2.4495798319327733,0.00026597629367032944
0.8865546218487395,2.4495798319327733,0.0002665928164742723
0.8941176470588235,2.4495798319327733,0.00026720933927821514
0.9016806722689076,2.4495798319327733,0.0002678000176799059
0.9092436974789916,2.4495798319327733,0.0002683002406737143
0.9168067226890756,2.4495798319327733,0.00026880046366752275
0.9243697478991596,2.4495798319327733,0.00026930068666133113
0.9319327731092437,2.4495798319327733,0.00027034941997173786
0.9394957983193277,2.4495798319327733,0.0002714667170717193
0.9470588235294117,2.4495798319327733,0.00027258401417170085
0.9546218487394957,2.4495798319327733,0.00027370131127168237
0.9621848739495799,2.4495798319327733,0.00027481860837166394
0.9697478991596639,2.4495798319327733,0.0002759359054716454
0.9773109243697479,2.4495798319327733,0.0002770532025716269
0.9848739495798319,2.4495798319327733,0.0002781704996716084
0.992436974789916,2.4495798319327733,0.0002792877967715899
1.0,2.4495798319327733,0.00028040509387157144
0.1,2.466386554621849,6.21740306375865e-05
0.10756302521008404,2.466386554621849,6.623414793358527e-05
0.11512605042016807,2.466386554621849,7.029426522958405e-05
0.12268907563025211,2.466386554621849,7.435438252558284e-05
0.13025210084033614,2.466386554621849,7.841449982158161e-05
0.13781512605042018,2.466386554621849,8.24746171175804e-05
0.1453781512605042,2.466386554621849,8.653473441357917e-05
0.15294117647058825,2.466386554621849,9.059485170957795e-05
0.16050420168067228,2.466386554621849,9.465496900557673e-05
0.16806722689075632,2.466386554621849,9.871508630157551e-05
0.17563025210084032,2.466386554621849,0.00010277520359757427
0.18319327731092439,2.466386554621849,0.00010683532089357308
0.1907563025210084,2.466386554621849,0.00011054521798879456
0.19831932773109245,2.466386554621849,0.00011425511508401607
0.20588235294117646,2.466386554621849,0.00011742566594433781
0.21344537815126052,2.466386554621849,0.00012044211788040254
0.22100840336134453,2.466386554621849,0.00012353782895901765
0.22857142857142856,2.466386554621849,0.0001266969473516731
0.2361344537815126,2.466386554621849,0.00012985606574432857
0.24369747899159663,2.466386554621849,0.00013301518413698403
0.25126050420168067,2.466386554621849,0.0001361743025296395
0.2588235294117647,2.466386554621849,0.00013933342092229493
0.26638655462184874,2.466386554621849,0.00014249253931495042
0.2739495798319328,2.466386554621849,0.00014565165770760589
0.2815126050420168,2.466386554621849,0.00014881077610026135
0.2890756302521008,2.466386554621849,0.0001519698944929168
0.2966386554621849,2.466386554621849,0.00015512901288557227
0.30420168067226894,2.466386554621849,0.00015785270178973192
0.31176470588235294,2.466386554621849,0.00016022804710309497
0.31932773109243695,2.466386554621849,0.00016260339241645799
0.326890756302521,2.466386554621849,0.000164978737729821
0.3344537815126051,2.466386554621849,0.00016735408304318402
0.3420168067226891,2.466386554621849,0.00016972942835654707
0.3495798319327731,2.466386554621849,0.00017210477366991008
0.3571428571428571,2.466386554621849,0.0001744801189832731
0.3647058823529412,2.466386554621849,0.00017685546429663614
0.3722689075630252,2.466386554621849,0.00017923080960999916
0.3798319327731092,2.466386554621849,0.00018160615492336218
0.38739495798319323,2.466386554621849,0.00018379228242790588
0.39495798319327735,2.466386554621849,0.00018582703568539413
0.40252100840336136,2.466386554621849,0.00018769271931444456
0.41008403361344536,2.466386554621849,0.00018922026368661934
0.41764705882352937,2.466386554621849,0.00019080050611875292
0.4252100840336135,2.466386554621849,0.00019280233303055715
0.4327731092436975,2.466386554621849,0.00019480415994236136
0.4403361344537815,2.466386554621849,0.00019680598685416556
0.4478991596638655,2.466386554621849,0.00019880781376596974
0.4554621848739496,2.466386554621849,0.00020080964067777397
0.46302521008403363,2.466386554621849,0.00020281146758957817
0.47058823529411764,2.466386554621849,0.00020481329450138238
0.47815126050420165,2.466386554621849,0.00020681512141318656
0.48571428571428577,2.466386554621849,0.0002088169483249908
0.49327731092436977,2.466386554621849,0.00021081877523679497
0.5008403361344538,2.466386554621849,0.0002128019341526605
0.5084033613445378,2.466386554621849,0.00021463574910101683
0.5159663865546219,2.466386554621849,0.00021646956404937316
0.5235294117647059,2.466386554621849,0.00021830337899772943
0.5310924369747899,2.466386554621849,0.00022013719394608572
0.5386554621848739,2.466386554621849,0.00022197100889444202
0.546218487394958,2.466386554621849,0.00022380482384279834
0.553781512605042,2.466386554621849,0.00022563863879115464
0.561344537815126,2.466386554621849,0.00022747245373951094
0.5689075630252101,2.466386554621849,0.00022930626868786723
0.5764705882352942,2.466386554621849,0.00023114008363622353
0.5840336134453782,2.466386554621849,0.00023293159946897145
0.5915966386554622,2.466386554621849,0.0002343847223768521
0.5991596638655462,2.466386554621849,0.00023583784528473278
0.6067226890756302,2.466386554621849,0.00023702673383106052
0.6142857142857142,2.466386554621849,0.00023818259308219412
0.6218487394957983,2.466386554621849,0.00023933477423810422
0.6294117647058823,2.466386554621849,0.00024048511634640254
0.6369747899159663,2.466386554621849,0.00024163545845470085
0.6445378151260504,2.466386554621849,0.00024278580056299914
0.6521008403361345,2.466386554621849,0.00024393614267129748
0.6596638655462185,2.466386554621849,0.0002450864847795958
0.6672268907563025,2.466386554621849,0.00024623682688789414
0.6747899159663865,2.466386554621849,0.00024738716899619243
0.6823529411764706,2.466386554621849,0.00024853751110449077
0.6899159663865546,2.466386554621849,0.0002496878532127891
0.6974789915966386,2.466386554621849,0.0002508381953210874
0.7050420168067226,2.466386554621849,0.000251742920305742
0.7126050420168067,2.466386554621849,0.0002525248367285748
0.7201680672268908,2.466386554621849,0.0002533067531514076
0.7277310924369748,2.466386554621849,0.00025408866957424037
0.7352941176470588,2.466386554621849,0.0002548705859970731
0.7428571428571429,2.466386554621849,0.0002556525024199059
0.7504201680672269,2.466386554621849,0.0002564344188427387
0.7579831932773109,2.466386554621849,0.00025721633526557143
0.7655462184873949,2.466386554621849,0.00025799825168840423
0.773109243697479,2.466386554621849,0.000258780168111237
0.780672268907563,2.466386554621849,0.0002595620845340698
0.788235294117647,2.466386554621849,0.000260317465918079
0.795798319327731,2.466386554621849,0.00026105957978267647
0.8033613445378152,2.466386554621849,0.00026178298200613446
0.8109243697478992,2.466386554621849,0.0002624829946781681
0.8184873949579832,2.466386554621849,0.00026316445404618154
0.8260504201680672,2.466386554621849,0.0002637809768501244
0.8336134453781512,2.466386554621849,0.0002643974996540673
0.8411764705882353,2.466386554621849,0.00026501402245801016
0.8487394957983193,2.466386554621849,0.000265630545261953
0.8563025210084033,2.466386554621849,0.0002662470680658958
0.8638655462184873,2.466386554621849,0.0002668635908698387
0.8714285714285714,2.466386554621849,0.0002674801136737815
0.8789915966386554,2.466386554621849,0.00026809663647772437
0.8865546218487395,2.466386554621849,0.00026871315928166724
0.8941176470588235,2.466386554621849,0.0002693296820856101
0.9016806722689076,2.466386554621849,0.00026992036048730086
0.9092436974789916,2.466386554621849,0.0002704205834811093
0.9168067226890756,2.466386554621849,0.0002709208064749177
0.9243697478991596,2.466386554621849,0.0002720381035748992
0.9319327731092437,2.466386554621849,0.0002731554006748807
0.9394957983193277,2.466386554621849,0.0002742726977748622
0.9470588235294117,2.466386554621849,0.0002753899948748437
0.9546218487394957,2.466386554621849,0.00027650729197482523
0.9621848739495799,2.466386554621849,0.00027762458907480675
0.9697478991596639,2.466386554621849,0.0002787418861747883
0.9773109243697479,2.466386554621849,0.00027985918327476974
0.9848739495798319,2.466386554621849,0.00028097648037475126
0.992436974789916,2.466386554621849,0.0002820937774747328
1.0,2.466386554621849,0.0002832110745747143
0.1,2.4831932773109244,6.247298584425132e-05
0.10756302521008404,2.4831932773109244,6.65331031402501e-05
0.11512605042016807,2.4831932773109244,7.059322043624888e-05
0.12268907563025211,2.4831932773109244,7.465333773224766e-05
0.13025210084033614,2.4831932773109244,7.871345502824644e-05
0.13781512605042018,2.4831932773109244,8.277357232424522e-05
0.1453781512605042,2.4831932773109244,8.6833689620244e-05
0.15294117647058825,2.4831932773109244,9.089380691624278e-05
0.16050420168067228,2.4831932773109244,9.495392421224155e-05
0.16806722689075632,2.4831932773109244,9.901404150824034e-05
0.17563025210084032,2.4831932773109244,0.00010307415880423911
0.18319327731092439,2.4831932773109244,0.00010713427610023791
0.1907563025210084,2.4831932773109244,0.00011119439339623667
0.19831932773109245,2.4831932773109244,0.00011494320384710009
0.20588235294117646,2.4831932773109244,0.00011811375470742185
0.21344537815126052,2.4831932773109244,0.00012122531761454707
0.22100840336134453,2.4831932773109244,0.00012438443600720252
0.22857142857142856,2.4831932773109244,0.00012754355439985798
0.2361344537815126,2.4831932773109244,0.00013070267279251344
0.24369747899159663,2.4831932773109244,0.0001338617911851689
0.25126050420168067,2.4831932773109244,0.00013702090957782437
0.2588235294117647,2.4831932773109244,0.00014018002797047983
0.26638655462184874,2.4831932773109244,0.00014333914636313532
0.2739495798319328,2.4831932773109244,0.00014649826475579076
0.2815126050420168,2.4831932773109244,0.00014965738314844625
0.2890756302521008,2.4831932773109244,0.00015281650154110168
0.2966386554621849,2.4831932773109244,0.00015597561993375714
0.30420168067226894,2.4831932773109244,0.00015869930883791682
0.31176470588235294,2.4831932773109244,0.0001610746541512798
0.31932773109243695,2.4831932773109244,0.00016344999946464286
0.326890756302521,2.4831932773109244,0.00016582534477800587
0.3344537815126051,2.4831932773109244,0.00016820069009136892
0.3420168067226891,2.4831932773109244,0.00017057603540473194
0.3495798319327731,2.4831932773109244,0.00017295138071809495
0.3571428571428571,2.4831932773109244,0.00017532672603145797
0.3647058823529412,2.4831932773109244,0.00017770207134482102
0.3722689075630252,2.4831932773109244,0.00018007741665818403
0.3798319327731092,2.4831932773109244,0.00018245276197154705
0.38739495798319323,2.4831932773109244,0.0001848281072849101
0.39495798319327735,2.4831932773109244,0.00018705207835121766
0.40252100840336136,2.4831932773109244,0.0001889177619802681
0.41008403361344536,2.4831932773109244,0.00019055070247236052
0.41764705882352937,2.4831932773109244,0.0001925525293841647
0.4252100840336135,2.4831932773109244,0.00019455435629596893
0.4327731092436975,2.4831932773109244,0.00019655618320777314
0.4403361344537815,2.4831932773109244,0.00019855801011957731
0.4478991596638655,2.4831932773109244,0.00020055983703138155
0.4554621848739496,2.4831932773109244,0.00020256166394318575
0.46302521008403363,2.4831932773109244,0.00020456349085498993
0.47058823529411764,2.4831932773109244,0.00020656531776679413
0.47815126050420165,2.4831932773109244,0.00020856714467859834
0.48571428571428577,2.4831932773109244,0.00021056897159040254
0.49327731092436977,2.4831932773109244,0.00021257079850220674
0.5008403361344538,2.4831932773109244,0.0002145539574180723
0.5084033613445378,2.4831932773109244,0.00021638777236642859
0.5159663865546219,2.4831932773109244,0.0002182215873147849
0.5235294117647059,2.4831932773109244,0.0002200554022631412
0.5310924369747899,2.4831932773109244,0.00022188921721149748
0.5386554621848739,2.4831932773109244,0.00022372303215985377
0.546218487394958,2.4831932773109244,0.00022555684710821012
0.553781512605042,2.4831932773109244,0.00022739066205656642
0.561344537815126,2.4831932773109244,0.0002292244770049227
0.5689075630252101,2.4831932773109244,0.000231058291953279
0.5764705882352942,2.4831932773109244,0.00023289210690163534
0.5840336134453782,2.4831932773109244,0.0002347259218499916
0.5915966386554622,2.4831932773109244,0.00023655973679834793
0.5991596638655462,2.4831932773109244,0.00023801285970622858
0.6067226890756302,2.4831932773109244,0.0002392017482525563
0.6142857142857142,2.4831932773109244,0.00024035331639259578
0.6218487394957983,2.4831932773109244,0.00024150365850089412
0.6294117647058823,2.4831932773109244,0.0002426540006091924
0.6369747899159663,2.4831932773109244,0.00024380434271749075
0.6445378151260504,2.4831932773109244,0.00024495468482578904
0.6521008403361345,2.4831932773109244,0.0002461050269340874
0.6596638655462185,2.4831932773109244,0.0002472553690423857
0.6672268907563025,2.4831932773109244,0.00024840571115068407
0.6747899159663865,2.4831932773109244,0.00024955605325898236
0.6823529411764706,2.4831932773109244,0.0002507063953672807
0.6899159663865546,2.4831932773109244,0.00025185673747557904
0.6974789915966386,2.4831932773109244,0.00025300707958387733
0.7050420168067226,2.4831932773109244,0.0002539118045685319
0.7126050420168067,2.4831932773109244,0.0002546937209913647
0.7201680672268908,2.4831932773109244,0.0002554756374141975
0.7277310924369748,2.4831932773109244,0.0002562575538370303
0.7352941176470588,2.4831932773109244,0.00025703947025986304
0.7428571428571429,2.4831932773109244,0.00025782138668269583
0.7504201680672269,2.4831932773109244,0.0002586033031055286
0.7579831932773109,2.4831932773109244,0.00025938521952836136
0.7655462184873949,2.4831932773109244,0.00026016713595119415
0.773109243697479,2.4831932773109244,0.00026094905237402695
0.780672268907563,2.4831932773109244,0.0002617309687968597
0.788235294117647,2.4831932773109244,0.0002625128852196925
0.795798319327731,2.4831932773109244,0.0002632726891101723
0.8033613445378152,2.4831932773109244,0.0002639960913336303
0.8109243697478992,2.4831932773109244,0.00026466827404963365
0.8184873949579832,2.4831932773109244,0.00026528479685357647
0.8260504201680672,2.4831932773109244,0.00026590131965751934
0.8336134453781512,2.4831932773109244,0.00026651784246146216
0.8411764705882353,2.4831932773109244,0.00026713436526540503
0.8487394957983193,2.4831932773109244,0.0002677508880693479
0.8563025210084033,2.4831932773109244,0.0002683674108732908
0.8638655462184873,2.4831932773109244,0.00026898393367723365
0.8714285714285714,2.4831932773109244,0.00026960045648117653
0.8789915966386554,2.4831932773109244,0.00027021697928511935
0.8865546218487395,2.4831932773109244,0.0002708335020890622
0.8941176470588235,2.4831932773109244,0.00027145002489300504
0.9016806722689076,2.4831932773109244,0.0002720407032946958
0.9092436974789916,2.4831932773109244,0.000272609490078079
0.9168067226890756,2.4831932773109244,0.00027372678717806054
0.9243697478991596,2.4831932773109244,0.000274844084278042
0.9319327731092437,2.4831932773109244,0.00027596138137802353
0.9394957983193277,2.4831932773109244,0.00027707867847800505
0.9470588235294117,2.4831932773109244,0.0002781959755779866
0.9546218487394957,2.4831932773109244,0.0002793132726779681
0.9621848739495799,2.4831932773109244,0.0002804305697779496
0.9697478991596639,2.4831932773109244,0.00028154786687793114
0.9773109243697479,2.4831932773109244,0.0002826651639779126
0.9848739495798319,2.4831932773109244,0.00028378246107789413
0.992436974789916,2.4831932773109244,0.00028489975817787565
1.0,2.4831932773109244,0.00028601705527785717
0.1,2.5,6.277194105091615e-05
0.10756302521008404,2.5,6.683205834691493e-05
0.11512605042016807,2.5,7.08921756429137e-05
0.12268907563025211,2.5,7.495229293891248e-05
0.13025210084033614,2.5,7.901241023491126e-05
0.13781512605042018,2.5,8.307252753091005e-05
0.1453781512605042,2.5,8.713264482690882e-05
0.15294117647058825,2.5,9.11927621229076e-05
0.16050420168067228,2.5,9.525287941890639e-05
0.16806722689075632,2.5,9.931299671490516e-05
0.17563025210084032,2.5,0.00010337311401090394
0.18319327731092439,2.5,0.00010743323130690272
0.1907563025210084,2.5,0.00011149334860290148
0.19831932773109245,2.5,0.00011555346589890028
0.20588235294117646,2.5,0.00011891280627007648
0.21344537815126052,2.5,0.00012207192466273195
0.22100840336134453,2.5,0.0001252310430553874
0.22857142857142856,2.5,0.00012839016144804285
0.2361344537815126,2.5,0.0001315492798406983
0.24369747899159663,2.5,0.00013470839823335378
0.25126050420168067,2.5,0.00013786751662600924
0.2588235294117647,2.5,0.00014102663501866467
0.26638655462184874,2.5,0.00014418575341132016
0.2739495798319328,2.5,0.00014734487180397563
0.2815126050420168,2.5,0.0001505039901966311
0.2890756302521008,2.5,0.00015366310858928655
0.2966386554621849,2.5,0.00015682222698194201
0.30420168067226894,2.5,0.0001595459158861017
0.31176470588235294,2.5,0.0001619212611994647
0.31932773109243695,2.5,0.00016429660651282773
0.326890756302521,2.5,0.00016667195182619074
0.3344537815126051,2.5,0.0001690472971395538
0.3420168067226891,2.5,0.0001714226424529168
0.3495798319327731,2.5,0.00017379798776627982
0.3571428571428571,2.5,0.00017617333307964284
0.3647058823529412,2.5,0.00017854867839300589
0.3722689075630252,2.5,0.0001809240237063689
0.3798319327731092,2.5,0.00018329936901973192
0.38739495798319323,2.5,0.00018567471433309494
0.39495798319327735,2.5,0.00018805005964645798
0.40252100840336136,2.5,0.00019030089882596807
0.41008403361344536,2.5,0.00019230272573777228
0.41764705882352937,2.5,0.00019430455264957645
0.4252100840336135,2.5,0.00019630637956138069
0.4327731092436975,2.5,0.0001983082064731849
0.4403361344537815,2.5,0.00020031003338498907
0.4478991596638655,2.5,0.00020231186029679327
0.4554621848739496,2.5,0.0002043136872085975
0.46302521008403363,2.5,0.00020631551412040168
0.47058823529411764,2.5,0.00020831734103220588
0.47815126050420165,2.5,0.0002103191679440101
0.48571428571428577,2.5,0.0002123209948558143
0.49327731092436977,2.5,0.00021432282176761847
0.5008403361344538,2.5,0.00021630598068348404
0.5084033613445378,2.5,0.00021813979563184034
0.5159663865546219,2.5,0.00021997361058019666
0.5235294117647059,2.5,0.00022180742552855296
0.5310924369747899,2.5,0.00022364124047690926
0.5386554621848739,2.5,0.00022547505542526555
0.546218487394958,2.5,0.00022730887037362188
0.553781512605042,2.5,0.00022914268532197814
0.561344537815126,2.5,0.00023097650027033447
0.5689075630252101,2.5,0.00023281031521869074
0.5764705882352942,2.5,0.00023464413016704706
0.5840336134453782,2.5,0.00023647794511540338
0.5915966386554622,2.5,0.00023831176006375965
0.5991596638655462,2.5,0.00024014557501211595
0.6067226890756302,2.5,0.0002413718585470874
0.6142857142857142,2.5,0.0002425222006553857
0.6218487394957983,2.5,0.00024367254276368405
0.6294117647058823,2.5,0.00024482288487198234
0.6369747899159663,2.5,0.0002459732269802807
0.6445378151260504,2.5,0.00024712356908857897
0.6521008403361345,2.5,0.0002482739111968773
0.6596638655462185,2.5,0.00024942425330517565
0.6672268907563025,2.5,0.00025057459541347394
0.6747899159663865,2.5,0.0002517249375217723
0.6823529411764706,2.5,0.0002528752796300706
0.6899159663865546,2.5,0.0002540256217383689
0.6974789915966386,2.5,0.00025517596384666726
0.7050420168067226,2.5,0.00025608068883132184
0.7126050420168067,2.5,0.00025686260525415464
0.7201680672268908,2.5,0.00025764452167698743
0.7277310924369748,2.5,0.00025842643809982017
0.7352941176470588,2.5,0.00025920835452265296
0.7428571428571429,2.5,0.00025999027094548576
0.7504201680672269,2.5,0.0002607721873683185
0.7579831932773109,2.5,0.0002615541037911513
0.7655462184873949,2.5,0.00026233602021398403
0.773109243697479,2.5,0.0002631179366368168
0.780672268907563,2.5,0.00026389985305964956
0.788235294117647,2.5,0.00026468176948248235
0.795798319327731,2.5,0.00026546368590531515
0.8033613445378152,2.5,0.00026617209405308575
0.8109243697478992,2.5,0.00026678861685702857
0.8184873949579832,2.5,0.00026740513966097145
0.8260504201680672,2.5,0.0002680216624649143
0.8336134453781512,2.5,0.00026863818526885714
0.8411764705882353,2.5,0.0002692547080728
0.8487394957983193,2.5,0.00026987123087674283
0.8563025210084033,2.5,0.0002704877536806857
0.8638655462184873,2.5,0.0002711042764846286
0.8714285714285714,2.5,0.0002717207992885714
0.8789915966386554,2.5,0.00027233732209251427
0.8865546218487395,2.5,0.00027295384489645715
0.8941176470588235,2.5,0.0002735703677004
0.9016806722689076,2.5,0.0002742981736812403
0.9092436974789916,2.5,0.00027541547078122183
0.9168067226890756,2.5,0.00027653276788120335
0.9243697478991596,2.5,0.0002776500649811849
0.9319327731092437,2.5,0.0002787673620811664
0.9394957983193277,2.5,0.0002798846591811479
0.9470588235294117,2.5,0.0002810019562811294
0.9546218487394957,2.5,0.0002821192533811109
0.9621848739495799,2.5,0.00028323655048109243
0.9697478991596639,2.5,0.00028435384758107395
0.9773109243697479,2.5,0.00028547114468105547
0.9848739495798319,2.5,0.00028658844178103694
0.992436974789916,2.5,0.00028770573888101846
1.0,2.5,0.000288823035981
