step,hours,S0,S1,S2,Ncells
33,16.5,861.0,2.772357723577236,13.308943089430894,2387.0
35,17.5,860.0,2.8,13.651162790697674,2408.0
52,26.0,797.0,3.2948557089084067,19.179422835633627,2626.0
113,56.5,598.0,5.969899665551839,67.01003344481606,3570.0
118,59.0,583.0,6.284734133790738,74.18181818181819,3664.0
121,60.5,578.0,6.448096885813149,78.0916955017301,3727.0
128,64.0,563.0,6.840142095914742,89.73889875666075,3851.0
144,72.0,532.0,7.849624060150376,116.76315789473684,4176.0
