{
  "merge_prob": 0.7357498082739999,
  "adhesion": 0.7625835087493963,
  "fragment_rate": 0.0004858772853223972,
  "heading_sigma": 0.30928710473368376,
  "init_n_clusters": 1000.0,
  "dist_s": 0.6807023580354931,
  "dist_scale": 3.3654387530071745
}
