step,hours,S0,S1,S2,Ncells
86,43.0,663.0,4.659125188536954,42.526395173454,3089.0
90,45.0,650.0,4.850769230769231,46.80769230769231,3153.0
91,45.5,650.0,4.876923076923077,47.332307692307694,3170.0
93,46.5,649.0,4.9399075500770415,48.81664098613251,3206.0
109,54.5,610.0,5.6524590163934425,64.48524590163935,3448.0
136,68.0,549.0,7.174863387978142,104.10746812386157,3939.0
138,69.0,546.0,7.287545787545787,107.43406593406593,3979.0
144,72.0,526.0,7.798479087452471,123.95057034220532,4102.0
