{
  "merge_prob": 0.8392875147979609,
  "adhesion": 0.8569948672191094,
  "fragment_rate": 0.0009348618546873435,
  "heading_sigma": 0.5340083134196448,
  "dist_s": 0.8944823290367085,
  "dist_scale": 3.2257967372455507,
  "init_n_clusters": 912.0
}
