step,hours,S0,S1,S2,Ncells
38,19.0,496.0,2.461693548387097,9.675403225806452,1221.0
78,39.0,374.0,3.9946524064171123,25.727272727272727,1494.0
105,52.5,320.0,5.346875,47.690625,1711.0
109,54.5,312.0,5.583333333333333,53.5,1742.0
112,56.0,308.0,5.7272727272727275,56.62987012987013,1764.0
119,59.5,297.0,6.141414141414141,64.33670033670033,1824.0
134,67.0,272.0,7.2536764705882355,91.59191176470588,1973.0
136,68.0,268.0,7.417910447761194,95.57462686567165,1988.0
144,72.0,258.0,8.01937984496124,116.37596899224806,2069.0
