{
  "merge_prob": 0.8390510285690713,
  "adhesion": 0.9500409225171841,
  "fragment_rate": 0.0010344743242691058,
  "heading_sigma": 0.39072906036246574,
  "dist_s": 0.8451431411654677,
  "dist_scale": 3.268057663821616,
  "init_n_clusters": 914.0
}
