step,hours,S0,S1,S2,Ncells
47,23.5,839.0,3.030989272943981,15.700834326579262,2543.0
90,45.0,688.0,4.575581395348837,39.73255813953488,3148.0
118,59.0,611.0,5.983633387888707,71.41080196399345,3656.0
135,67.5,565.0,7.084955752212389,100.73097345132743,4003.0
137,68.5,563.0,7.207815275310835,103.85790408525754,4058.0
143,71.5,547.0,7.6489945155393055,116.71663619744058,4184.0
144,72.0,547.0,7.681901279707495,117.58318098720292,4202.0
