{
  "merge_prob": 0.9415390009687669,
  "adhesion": 0.9620768259039062,
  "fragment_rate": 0.0014138805746010516,
  "heading_sigma": 0.2945414178259312,
  "dist_s": 0.8888994994903507,
  "dist_scale": 3.381633005921943
}
