{
  "merge_prob": 0.9847709586875736,
  "adhesion": 0.7522928209973766,
  "fragment_rate": 0.005788228239808276,
  "heading_sigma": 0.13330971210730302
}