stat,coverage_overall,coverage_early,coverage_late
S0,0.8113207547169812,1.0,0.5238095238095238
S1,0.8301886792452831,0.71875,1.0
S2,0.6037735849056604,0.40625,0.9047619047619048
