{
  "merge_prob": 0.8080921040586296,
  "adhesion": 0.7318486021336532,
  "fragment_rate": 0.0007977305892204045,
  "heading_sigma": 0.771954004146562,
  "dist_s": 0.6242094638586223,
  "dist_scale": 2.104607217051095,
  "init_n_clusters": 778.0
}
