{
  "merge_prob": 0.840740701060574,
  "adhesion": 0.8501546454815986,
  "fragment_rate": 0.0008359587210458928,
  "heading_sigma": 0.5103175913641133,
  "init_n_clusters": 967.0,
  "dist_s": 0.7223135119157188,
  "dist_scale": 3.4997389040919797
}
