{
  "merge_prob": 0.8561543051839965,
  "adhesion": 0.917812706349931,
  "fragment_rate": 0.00048277121227714254,
  "heading_sigma": 0.43479698975581815,
  "dist_s": 0.8603230715254958,
  "dist_scale": 3.4098037507979755,
  "init_n_clusters": 920.0
}
