tag,rmse_weighted
invasive_p0.01,159.8651060139712
invasive_p0.007,169.20316270088412
invasive_p0.005,175.57438721876397
invasive_p0.003,180.3220675369917
invasive_p0.001,186.2508756278432
