param,elasticity
adhesion,657656.3013218127
fragment_rate,-413616231.70276463
merge_prob,610278.3372397857
prolif_rate,103636532.11850703
speed_meanlog,-655556.1279073822
speed_sdlog,871032.5063575748
