param,elasticity
adhesion,-551266.4072425821
fragment_rate,288888362.0685457
merge_prob,-474722.66311221727
prolif_rate,81561740.44510204
speed_meanlog,637943.9797940897
speed_sdlog,815312.373662711
