param,elasticity
adhesion,-1863775.4860456707
fragment_rate,17665380.895588707
merge_prob,-1673799.547859893
prolif_rate,59279529.25783557
speed_meanlog,99980.62357268287
speed_sdlog,1601492.198138124
