{
  "merge_prob": 0.7300397221449221,
  "adhesion": 0.7518981714070448,
  "fragment_rate": 0.002003036201945327,
  "heading_sigma": 0.576527477152055,
  "init_n_clusters": 941.0,
  "dist_s": 0.7396644613144895,
  "dist_scale": 3.5828065011363446
}
